slug,origin,path,value,review_scope
abciximab,spec,version,0.1,internal inventory; source judgments in group reports
abciximab,spec,study.id,OSP_abciximab,internal inventory; source judgments in group reports
abciximab,spec,population.n,100,internal inventory; source judgments in group reports
abciximab,spec,population.covariates.wt_kg.dist,lognormal,internal inventory; source judgments in group reports
abciximab,spec,population.covariates.wt_kg.median,70.0,internal inventory; source judgments in group reports
abciximab,spec,population.covariates.wt_kg.cv,0.25,internal inventory; source judgments in group reports
abciximab,spec,population.covariates.wt_kg.min,40,internal inventory; source judgments in group reports
abciximab,spec,population.covariates.wt_kg.max,120,internal inventory; source judgments in group reports
abciximab,spec,regimen.route,iv_bolus,internal inventory; source judgments in group reports
abciximab,spec,regimen.units.dose,mg,internal inventory; source judgments in group reports
abciximab,spec,regimen.arms.A.n,100,internal inventory; source judgments in group reports
abciximab,spec,regimen.arms.A.dose_mg,100,internal inventory; source judgments in group reports
abciximab,spec,sampling.t_end_h,72.0,internal inventory; source judgments in group reports
abciximab,spec,sampling.dt_h,0.5,internal inventory; source judgments in group reports
abciximab,spec,sampling.include_t0,True,internal inventory; source judgments in group reports
abciximab,spec,model.template,pk1_iv_ode,internal inventory; source judgments in group reports
abciximab,spec,model.units.conc,ng/mL,internal inventory; source judgments in group reports
abciximab,spec,model.units.mult,1000,internal inventory; source judgments in group reports
abciximab,spec,model.theta.CL,10.98,internal inventory; source judgments in group reports
abciximab,spec,model.theta.V,100.8,internal inventory; source judgments in group reports
abciximab,spec,iiv.eta.CL,0.09,internal inventory; source judgments in group reports
abciximab,spec,iiv.eta.V,0.04,internal inventory; source judgments in group reports
abciximab,spec,iiv.corr,False,internal inventory; source judgments in group reports
abciximab,spec,residual.type,prop+add,internal inventory; source judgments in group reports
abciximab,spec,residual.prop,0.25,internal inventory; source judgments in group reports
abciximab,spec,residual.add,0.0,internal inventory; source judgments in group reports
abciximab,targets,scenario.id,abciximab_dose100mg_iv_single,internal inventory; source judgments in group reports
abciximab,targets,scenario.route,iv,internal inventory; source judgments in group reports
abciximab,targets,scenario.regimen,single,internal inventory; source judgments in group reports
abciximab,targets,scenario.dose.value,100.0,internal inventory; source judgments in group reports
abciximab,targets,scenario.dose.unit,mg,internal inventory; source judgments in group reports
abciximab,targets,scenario.population.species,human,internal inventory; source judgments in group reports
abciximab,targets,scenario.population.group,adult_healthy,internal inventory; source judgments in group reports
abciximab,targets,targets.auc.type,AUC0-inf,internal inventory; source judgments in group reports
abciximab,targets,targets.auc.value,9107.468123861567,internal inventory; source judgments in group reports
abciximab,targets,targets.auc.unit,ng*h/mL,internal inventory; source judgments in group reports
abciximab,targets,targets.auc.summary,geometric_mean,internal inventory; source judgments in group reports
abciximab,targets,targets.auc.variability.type,gcv_percent,internal inventory; source judgments in group reports
abciximab,targets,targets.auc.variability.value,35,internal inventory; source judgments in group reports
abciximab,targets,targets.auc.basis,dose_over_cl,internal inventory; source judgments in group reports
abciximab,targets,targets.auc.target_basis,dose_over_cl_not_literature_auc,internal inventory; source judgments in group reports
abciximab,targets,targets.auc.independent_literature_target,False,internal inventory; source judgments in group reports
abciximab,targets,targets.auc.source_value,CL_abs_L_per_h_at_70kg,internal inventory; source judgments in group reports
abciximab,targets,targets.auc.role,consistency_check,internal inventory; source judgments in group reports
abciximab,targets,targets.t_half.phase,terminal,internal inventory; source judgments in group reports
abciximab,targets,targets.t_half.value,0.4166666666666667,internal inventory; source judgments in group reports
abciximab,targets,targets.t_half.unit,h,internal inventory; source judgments in group reports
abciximab,targets,targets.t_half.summary,arithmetic_mean,internal inventory; source judgments in group reports
abciximab,targets,targets.t_half.variability.type,sd,internal inventory; source judgments in group reports
abciximab,targets,targets.t_half.variability.value,1.0,internal inventory; source judgments in group reports
abciximab,targets,targets.t_half.role,check_only,internal inventory; source judgments in group reports
abciximab,targets,targets.t_half.used_to_calibrate_cl_v,False,internal inventory; source judgments in group reports
abciximab,targets,targets.t_half.structural_mismatch.acknowledged,True,internal inventory; source judgments in group reports
abciximab,targets,targets.t_half.structural_mismatch.reason,one_compartment_fixture_approximation,internal inventory; source judgments in group reports
abciximab,targets,provenance_review.status,acknowledged_fixture_limitation,internal inventory; source judgments in group reports
abciximab,targets,provenance_review.reviewer_note,t_half is retained as a check target only. CL/V are used for one-compartment fixture generation and are not jointly calibrated to match literature terminal half-life.,internal inventory; source judgments in group reports
abciximab,targets,provenance_review.reviewed_fields[0],CL,internal inventory; source judgments in group reports
abciximab,targets,provenance_review.reviewed_fields[1],V,internal inventory; source judgments in group reports
abciximab,targets,provenance_review.reviewed_fields[2],t_half,internal inventory; source judgments in group reports
aciclovir,spec,version,0.1,internal inventory; source judgments in group reports
aciclovir,spec,study.id,OSP_aciclovir,internal inventory; source judgments in group reports
aciclovir,spec,population.n,100,internal inventory; source judgments in group reports
aciclovir,spec,population.covariates.wt_kg.dist,lognormal,internal inventory; source judgments in group reports
aciclovir,spec,population.covariates.wt_kg.median,70.0,internal inventory; source judgments in group reports
aciclovir,spec,population.covariates.wt_kg.cv,0.25,internal inventory; source judgments in group reports
aciclovir,spec,population.covariates.wt_kg.min,40,internal inventory; source judgments in group reports
aciclovir,spec,population.covariates.wt_kg.max,120,internal inventory; source judgments in group reports
aciclovir,spec,regimen.route,oral,internal inventory; source judgments in group reports
aciclovir,spec,regimen.units.dose,mg,internal inventory; source judgments in group reports
aciclovir,spec,regimen.arms.A.n,100,internal inventory; source judgments in group reports
aciclovir,spec,regimen.arms.A.dose_mg,100,internal inventory; source judgments in group reports
aciclovir,spec,sampling.t_end_h,72.0,internal inventory; source judgments in group reports
aciclovir,spec,sampling.dt_h,0.5,internal inventory; source judgments in group reports
aciclovir,spec,sampling.include_t0,True,internal inventory; source judgments in group reports
aciclovir,spec,model.template,pk1_oral_ode,internal inventory; source judgments in group reports
aciclovir,spec,model.units.conc,ng/mL,internal inventory; source judgments in group reports
aciclovir,spec,model.units.mult,1000,internal inventory; source judgments in group reports
aciclovir,spec,model.theta.CL,19.62,internal inventory; source judgments in group reports
aciclovir,spec,model.theta.V,46.666666666666664,internal inventory; source judgments in group reports
aciclovir,spec,model.theta.KA,1.2,internal inventory; source judgments in group reports
aciclovir,spec,model.theta.F1,0.1,internal inventory; source judgments in group reports
aciclovir,spec,model.theta.ALAG1,0.5,internal inventory; source judgments in group reports
aciclovir,spec,iiv.eta.CL,0.09,internal inventory; source judgments in group reports
aciclovir,spec,iiv.eta.V,0.04,internal inventory; source judgments in group reports
aciclovir,spec,iiv.eta.KA,0.16,internal inventory; source judgments in group reports
aciclovir,spec,iiv.corr,False,internal inventory; source judgments in group reports
aciclovir,spec,residual.type,prop+add,internal inventory; source judgments in group reports
aciclovir,spec,residual.prop,0.25,internal inventory; source judgments in group reports
aciclovir,spec,residual.add,0.0,internal inventory; source judgments in group reports
aciclovir,targets,scenario.id,aciclovir_dose100mg_po_single,internal inventory; source judgments in group reports
aciclovir,targets,scenario.route,po,internal inventory; source judgments in group reports
aciclovir,targets,scenario.regimen,single,internal inventory; source judgments in group reports
aciclovir,targets,scenario.dose.value,100.0,internal inventory; source judgments in group reports
aciclovir,targets,scenario.dose.unit,mg,internal inventory; source judgments in group reports
aciclovir,targets,scenario.population.species,human,internal inventory; source judgments in group reports
aciclovir,targets,scenario.population.group,adult_healthy,internal inventory; source judgments in group reports
aciclovir,targets,targets.auc.type,AUC0-inf,internal inventory; source judgments in group reports
aciclovir,targets,targets.auc.value,509.683995922528,internal inventory; source judgments in group reports
aciclovir,targets,targets.auc.unit,ng*h/mL,internal inventory; source judgments in group reports
aciclovir,targets,targets.auc.summary,fixture_consistency_check,internal inventory; source judgments in group reports
aciclovir,targets,targets.auc.variability.type,gcv_percent,internal inventory; source judgments in group reports
aciclovir,targets,targets.auc.variability.value,35,internal inventory; source judgments in group reports
aciclovir,targets,targets.auc.basis,f_dose_over_cl,internal inventory; source judgments in group reports
aciclovir,targets,targets.auc.target_basis,f_dose_over_cl_systemic_not_literature_auc,internal inventory; source judgments in group reports
aciclovir,targets,targets.auc.independent_literature_target,False,internal inventory; source judgments in group reports
aciclovir,targets,targets.auc.source_value,CL_systemic_L_per_h_at_70kg,internal inventory; source judgments in group reports
aciclovir,targets,targets.auc.bioavailability_frac,0.1,internal inventory; source judgments in group reports
aciclovir,targets,targets.auc.role,consistency_check,internal inventory; source judgments in group reports
aciclovir,targets,targets.t_half.phase,terminal,internal inventory; source judgments in group reports
aciclovir,targets,targets.t_half.value,2.5,internal inventory; source judgments in group reports
aciclovir,targets,targets.t_half.unit,h,internal inventory; source judgments in group reports
aciclovir,targets,targets.t_half.summary,arithmetic_mean,internal inventory; source judgments in group reports
aciclovir,targets,targets.t_half.variability.type,sd,internal inventory; source judgments in group reports
aciclovir,targets,targets.t_half.variability.value,1.0,internal inventory; source judgments in group reports
aciclovir,targets,targets.t_half.role,check_only,internal inventory; source judgments in group reports
aciclovir,targets,targets.t_half.used_to_calibrate_cl_v,False,internal inventory; source judgments in group reports
aciclovir,targets,targets.t_half.structural_mismatch.acknowledged,True,internal inventory; source judgments in group reports
aciclovir,targets,targets.t_half.structural_mismatch.reason,one_compartment_fixture_approximation,internal inventory; source judgments in group reports
aciclovir,targets,provenance_review.status,acknowledged_fixture_limitation,internal inventory; source judgments in group reports
aciclovir,targets,provenance_review.reviewer_note,t_half is retained as a check target only. CL/V are used for one-compartment fixture generation and are not jointly calibrated to match literature terminal half-life.,internal inventory; source judgments in group reports
aciclovir,targets,provenance_review.reviewed_fields[0],CL,internal inventory; source judgments in group reports
aciclovir,targets,provenance_review.reviewed_fields[1],V,internal inventory; source judgments in group reports
aciclovir,targets,provenance_review.reviewed_fields[2],t_half,internal inventory; source judgments in group reports
albuterol,spec,version,0.1,internal inventory; source judgments in group reports
albuterol,spec,study.id,OSP_albuterol,internal inventory; source judgments in group reports
albuterol,spec,population.n,100,internal inventory; source judgments in group reports
albuterol,spec,population.covariates.wt_kg.dist,lognormal,internal inventory; source judgments in group reports
albuterol,spec,population.covariates.wt_kg.median,70.0,internal inventory; source judgments in group reports
albuterol,spec,population.covariates.wt_kg.cv,0.25,internal inventory; source judgments in group reports
albuterol,spec,population.covariates.wt_kg.min,40,internal inventory; source judgments in group reports
albuterol,spec,population.covariates.wt_kg.max,120,internal inventory; source judgments in group reports
albuterol,spec,regimen.route,iv,internal inventory; source judgments in group reports
albuterol,spec,regimen.units.dose,mg,internal inventory; source judgments in group reports
albuterol,spec,regimen.arms.A.n,100,internal inventory; source judgments in group reports
albuterol,spec,regimen.arms.A.dose_mg,1.0,internal inventory; source judgments in group reports
albuterol,spec,regimen.arms.A.infusion_h,1.0,internal inventory; source judgments in group reports
albuterol,spec,sampling.t_end_h,72.0,internal inventory; source judgments in group reports
albuterol,spec,sampling.dt_h,0.5,internal inventory; source judgments in group reports
albuterol,spec,sampling.include_t0,True,internal inventory; source judgments in group reports
albuterol,spec,model.template,pk1_iv_ode,internal inventory; source judgments in group reports
albuterol,spec,model.units.conc,ng/mL,internal inventory; source judgments in group reports
albuterol,spec,model.units.mult,1000,internal inventory; source judgments in group reports
albuterol,spec,model.theta.CL,28.8,internal inventory; source judgments in group reports
albuterol,spec,model.theta.V,160.38152230554428,internal inventory; source judgments in group reports
albuterol,spec,iiv.eta.CL,0.09,internal inventory; source judgments in group reports
albuterol,spec,iiv.eta.V,0.04,internal inventory; source judgments in group reports
albuterol,spec,iiv.corr,False,internal inventory; source judgments in group reports
albuterol,spec,residual.type,prop+add,internal inventory; source judgments in group reports
albuterol,spec,residual.prop,0.25,internal inventory; source judgments in group reports
albuterol,spec,residual.add,0.0,internal inventory; source judgments in group reports
albuterol,targets,scenario.id,albuterol_dose1mg_iv_single,internal inventory; source judgments in group reports
albuterol,targets,scenario.route,iv,internal inventory; source judgments in group reports
albuterol,targets,scenario.regimen,single,internal inventory; source judgments in group reports
albuterol,targets,scenario.dose.value,1.0,internal inventory; source judgments in group reports
albuterol,targets,scenario.dose.unit,mg,internal inventory; source judgments in group reports
albuterol,targets,scenario.population.species,human,internal inventory; source judgments in group reports
albuterol,targets,scenario.population.group,adult_healthy,internal inventory; source judgments in group reports
albuterol,targets,targets.auc.type,AUC0-inf,internal inventory; source judgments in group reports
albuterol,targets,targets.auc.value,34.72222222222222,internal inventory; source judgments in group reports
albuterol,targets,targets.auc.unit,ng*h/mL,internal inventory; source judgments in group reports
albuterol,targets,targets.auc.summary,geometric_mean,internal inventory; source judgments in group reports
albuterol,targets,targets.auc.variability.type,gcv_percent,internal inventory; source judgments in group reports
albuterol,targets,targets.auc.variability.value,35,internal inventory; source judgments in group reports
albuterol,targets,targets.auc.basis,dose_over_cl,internal inventory; source judgments in group reports
albuterol,targets,targets.auc.target_basis,dose_over_cl_not_literature_auc,internal inventory; source judgments in group reports
albuterol,targets,targets.auc.independent_literature_target,False,internal inventory; source judgments in group reports
albuterol,targets,targets.auc.source_value,CL_abs_L_per_h_at_70kg,internal inventory; source judgments in group reports
albuterol,targets,targets.auc.role,consistency_check,internal inventory; source judgments in group reports
albuterol,targets,targets.t_half.phase,terminal,internal inventory; source judgments in group reports
albuterol,targets,targets.t_half.value,3.86,internal inventory; source judgments in group reports
albuterol,targets,targets.t_half.unit,h,internal inventory; source judgments in group reports
albuterol,targets,targets.t_half.summary,arithmetic_mean,internal inventory; source judgments in group reports
albuterol,targets,targets.t_half.variability.type,sd,internal inventory; source judgments in group reports
albuterol,targets,targets.t_half.variability.value,1.0,internal inventory; source judgments in group reports
albuterol,targets,targets.t_half.role,check_only,internal inventory; source judgments in group reports
albuterol,targets,targets.t_half.used_to_calibrate_cl_v,False,internal inventory; source judgments in group reports
albuterol,targets,targets.t_half.structural_mismatch.acknowledged,False,internal inventory; source judgments in group reports
albuterol,targets,targets.t_half.structural_mismatch.reason,,internal inventory; source judgments in group reports
alfentanil,spec,version,0.1,internal inventory; source judgments in group reports
alfentanil,spec,study.id,OSP_alfentanil,internal inventory; source judgments in group reports
alfentanil,spec,population.n,100,internal inventory; source judgments in group reports
alfentanil,spec,population.covariates.wt_kg.dist,lognormal,internal inventory; source judgments in group reports
alfentanil,spec,population.covariates.wt_kg.median,70.0,internal inventory; source judgments in group reports
alfentanil,spec,population.covariates.wt_kg.cv,0.25,internal inventory; source judgments in group reports
alfentanil,spec,population.covariates.wt_kg.min,40,internal inventory; source judgments in group reports
alfentanil,spec,population.covariates.wt_kg.max,120,internal inventory; source judgments in group reports
alfentanil,spec,regimen.route,iv_bolus,internal inventory; source judgments in group reports
alfentanil,spec,regimen.units.dose,mg,internal inventory; source judgments in group reports
alfentanil,spec,regimen.arms.A.n,100,internal inventory; source judgments in group reports
alfentanil,spec,regimen.arms.A.dose_mg,100,internal inventory; source judgments in group reports
alfentanil,spec,sampling.t_end_h,72.0,internal inventory; source judgments in group reports
alfentanil,spec,sampling.dt_h,0.5,internal inventory; source judgments in group reports
alfentanil,spec,sampling.include_t0,True,internal inventory; source judgments in group reports
alfentanil,spec,model.template,pk1_iv_ode,internal inventory; source judgments in group reports
alfentanil,spec,model.units.conc,ng/mL,internal inventory; source judgments in group reports
alfentanil,spec,model.units.mult,1000,internal inventory; source judgments in group reports
alfentanil,spec,model.theta.CL,21.0,internal inventory; source judgments in group reports
alfentanil,spec,model.theta.V,70.0,internal inventory; source judgments in group reports
alfentanil,spec,iiv.eta.CL,0.09,internal inventory; source judgments in group reports
alfentanil,spec,iiv.eta.V,0.04,internal inventory; source judgments in group reports
alfentanil,spec,iiv.corr,False,internal inventory; source judgments in group reports
alfentanil,spec,residual.type,prop+add,internal inventory; source judgments in group reports
alfentanil,spec,residual.prop,0.25,internal inventory; source judgments in group reports
alfentanil,spec,residual.add,0.0,internal inventory; source judgments in group reports
alfentanil,targets,scenario.id,alfentanil_dose100mg_iv_single,internal inventory; source judgments in group reports
alfentanil,targets,scenario.route,iv,internal inventory; source judgments in group reports
alfentanil,targets,scenario.regimen,single,internal inventory; source judgments in group reports
alfentanil,targets,scenario.dose.value,100.0,internal inventory; source judgments in group reports
alfentanil,targets,scenario.dose.unit,mg,internal inventory; source judgments in group reports
alfentanil,targets,scenario.population.species,human,internal inventory; source judgments in group reports
alfentanil,targets,scenario.population.group,adult_healthy,internal inventory; source judgments in group reports
alfentanil,targets,targets.auc.type,AUC0-inf,internal inventory; source judgments in group reports
alfentanil,targets,targets.auc.value,4761.9047619047615,internal inventory; source judgments in group reports
alfentanil,targets,targets.auc.unit,ng*h/mL,internal inventory; source judgments in group reports
alfentanil,targets,targets.auc.summary,geometric_mean,internal inventory; source judgments in group reports
alfentanil,targets,targets.auc.variability.type,gcv_percent,internal inventory; source judgments in group reports
alfentanil,targets,targets.auc.variability.value,35,internal inventory; source judgments in group reports
alfentanil,targets,targets.auc.basis,dose_over_cl,internal inventory; source judgments in group reports
alfentanil,targets,targets.auc.target_basis,dose_over_cl_not_literature_auc,internal inventory; source judgments in group reports
alfentanil,targets,targets.auc.independent_literature_target,False,internal inventory; source judgments in group reports
alfentanil,targets,targets.auc.source_value,CL_abs_L_per_h_at_70kg,internal inventory; source judgments in group reports
alfentanil,targets,targets.auc.role,consistency_check,internal inventory; source judgments in group reports
alfentanil,targets,targets.t_half.phase,terminal,internal inventory; source judgments in group reports
alfentanil,targets,targets.t_half.value,1.675,internal inventory; source judgments in group reports
alfentanil,targets,targets.t_half.unit,h,internal inventory; source judgments in group reports
alfentanil,targets,targets.t_half.summary,arithmetic_mean,internal inventory; source judgments in group reports
alfentanil,targets,targets.t_half.variability.type,sd,internal inventory; source judgments in group reports
alfentanil,targets,targets.t_half.variability.value,1.0,internal inventory; source judgments in group reports
alfentanil,targets,targets.t_half.role,check_only,internal inventory; source judgments in group reports
alfentanil,targets,targets.t_half.used_to_calibrate_cl_v,False,internal inventory; source judgments in group reports
alfentanil,targets,targets.t_half.structural_mismatch.acknowledged,True,internal inventory; source judgments in group reports
alfentanil,targets,targets.t_half.structural_mismatch.reason,one_compartment_fixture_approximation,internal inventory; source judgments in group reports
alfentanil,targets,provenance_review.status,acknowledged_fixture_limitation,internal inventory; source judgments in group reports
alfentanil,targets,provenance_review.reviewer_note,t_half is retained as a check target only. CL/V are used for one-compartment fixture generation and are not jointly calibrated to match literature terminal half-life.,internal inventory; source judgments in group reports
alfentanil,targets,provenance_review.reviewed_fields[0],CL,internal inventory; source judgments in group reports
alfentanil,targets,provenance_review.reviewed_fields[1],V,internal inventory; source judgments in group reports
alfentanil,targets,provenance_review.reviewed_fields[2],t_half,internal inventory; source judgments in group reports
alprazolam,spec,version,0.1,internal inventory; source judgments in group reports
alprazolam,spec,study.id,OSP_alprazolam,internal inventory; source judgments in group reports
alprazolam,spec,population.n,100,internal inventory; source judgments in group reports
alprazolam,spec,population.covariates.wt_kg.dist,lognormal,internal inventory; source judgments in group reports
alprazolam,spec,population.covariates.wt_kg.median,70.0,internal inventory; source judgments in group reports
alprazolam,spec,population.covariates.wt_kg.cv,0.25,internal inventory; source judgments in group reports
alprazolam,spec,population.covariates.wt_kg.min,40,internal inventory; source judgments in group reports
alprazolam,spec,population.covariates.wt_kg.max,120,internal inventory; source judgments in group reports
alprazolam,spec,regimen.route,oral,internal inventory; source judgments in group reports
alprazolam,spec,regimen.units.dose,mg,internal inventory; source judgments in group reports
alprazolam,spec,regimen.arms.A.n,100,internal inventory; source judgments in group reports
alprazolam,spec,regimen.arms.A.dose_mg,100,internal inventory; source judgments in group reports
alprazolam,spec,sampling.t_end_h,75.0,internal inventory; source judgments in group reports
alprazolam,spec,sampling.dt_h,0.5,internal inventory; source judgments in group reports
alprazolam,spec,sampling.include_t0,True,internal inventory; source judgments in group reports
alprazolam,spec,model.template,pk1_oral_ode,internal inventory; source judgments in group reports
alprazolam,spec,model.units.conc,ng/mL,internal inventory; source judgments in group reports
alprazolam,spec,model.units.mult,1000,internal inventory; source judgments in group reports
alprazolam,spec,model.theta.CL,6.3,internal inventory; source judgments in group reports
alprazolam,spec,model.theta.V,91.0,internal inventory; source judgments in group reports
alprazolam,spec,model.theta.KA,1.2,internal inventory; source judgments in group reports
alprazolam,spec,model.theta.F1,1.0,internal inventory; source judgments in group reports
alprazolam,spec,model.theta.ALAG1,0.5,internal inventory; source judgments in group reports
alprazolam,spec,iiv.eta.CL,0.09,internal inventory; source judgments in group reports
alprazolam,spec,iiv.eta.V,0.04,internal inventory; source judgments in group reports
alprazolam,spec,iiv.eta.KA,0.16,internal inventory; source judgments in group reports
alprazolam,spec,iiv.corr,False,internal inventory; source judgments in group reports
alprazolam,spec,residual.type,prop+add,internal inventory; source judgments in group reports
alprazolam,spec,residual.prop,0.25,internal inventory; source judgments in group reports
alprazolam,spec,residual.add,0.0,internal inventory; source judgments in group reports
alprazolam,targets,scenario.id,alprazolam_dose100mg_po_single,internal inventory; source judgments in group reports
alprazolam,targets,scenario.route,po,internal inventory; source judgments in group reports
alprazolam,targets,scenario.regimen,single,internal inventory; source judgments in group reports
alprazolam,targets,scenario.dose.value,100.0,internal inventory; source judgments in group reports
alprazolam,targets,scenario.dose.unit,mg,internal inventory; source judgments in group reports
alprazolam,targets,scenario.population.species,human,internal inventory; source judgments in group reports
alprazolam,targets,scenario.population.group,adult_healthy,internal inventory; source judgments in group reports
alprazolam,targets,targets.auc.type,AUC0-inf,internal inventory; source judgments in group reports
alprazolam,targets,targets.auc.value,15873.015873015873,internal inventory; source judgments in group reports
alprazolam,targets,targets.auc.unit,ng*h/mL,internal inventory; source judgments in group reports
alprazolam,targets,targets.auc.summary,geometric_mean,internal inventory; source judgments in group reports
alprazolam,targets,targets.auc.variability.type,gcv_percent,internal inventory; source judgments in group reports
alprazolam,targets,targets.auc.variability.value,35,internal inventory; source judgments in group reports
alprazolam,targets,targets.auc.basis,dose_over_cl,internal inventory; source judgments in group reports
alprazolam,targets,targets.auc.target_basis,dose_over_cl_not_literature_auc,internal inventory; source judgments in group reports
alprazolam,targets,targets.auc.independent_literature_target,False,internal inventory; source judgments in group reports
alprazolam,targets,targets.auc.source_value,CL_abs_L_per_h_at_70kg,internal inventory; source judgments in group reports
alprazolam,targets,targets.auc.role,consistency_check,internal inventory; source judgments in group reports
alprazolam,targets,targets.t_half.phase,terminal,internal inventory; source judgments in group reports
alprazolam,targets,targets.t_half.value,12.5,internal inventory; source judgments in group reports
alprazolam,targets,targets.t_half.unit,h,internal inventory; source judgments in group reports
alprazolam,targets,targets.t_half.summary,arithmetic_mean,internal inventory; source judgments in group reports
alprazolam,targets,targets.t_half.variability.type,sd,internal inventory; source judgments in group reports
alprazolam,targets,targets.t_half.variability.value,3.125,internal inventory; source judgments in group reports
alprazolam,targets,targets.t_half.role,check_only,internal inventory; source judgments in group reports
alprazolam,targets,targets.t_half.used_to_calibrate_cl_v,False,internal inventory; source judgments in group reports
alprazolam,targets,targets.t_half.structural_mismatch.acknowledged,False,internal inventory; source judgments in group reports
alprazolam,targets,targets.t_half.structural_mismatch.reason,,internal inventory; source judgments in group reports
amikacin,spec,version,0.1,internal inventory; source judgments in group reports
amikacin,spec,study.id,OSP_amikacin,internal inventory; source judgments in group reports
amikacin,spec,population.n,100,internal inventory; source judgments in group reports
amikacin,spec,population.covariates.wt_kg.dist,lognormal,internal inventory; source judgments in group reports
amikacin,spec,population.covariates.wt_kg.median,70.0,internal inventory; source judgments in group reports
amikacin,spec,population.covariates.wt_kg.cv,0.25,internal inventory; source judgments in group reports
amikacin,spec,population.covariates.wt_kg.min,40,internal inventory; source judgments in group reports
amikacin,spec,population.covariates.wt_kg.max,120,internal inventory; source judgments in group reports
amikacin,spec,regimen.route,iv_bolus,internal inventory; source judgments in group reports
amikacin,spec,regimen.units.dose,mg,internal inventory; source judgments in group reports
amikacin,spec,regimen.arms.A.n,100,internal inventory; source judgments in group reports
amikacin,spec,regimen.arms.A.dose_mg,100,internal inventory; source judgments in group reports
amikacin,spec,sampling.t_end_h,72.0,internal inventory; source judgments in group reports
amikacin,spec,sampling.dt_h,0.5,internal inventory; source judgments in group reports
amikacin,spec,sampling.include_t0,True,internal inventory; source judgments in group reports
amikacin,spec,model.template,pk1_iv_ode,internal inventory; source judgments in group reports
amikacin,spec,model.units.conc,ng/mL,internal inventory; source judgments in group reports
amikacin,spec,model.units.mult,1000,internal inventory; source judgments in group reports
amikacin,spec,model.theta.CL,6.0,internal inventory; source judgments in group reports
amikacin,spec,model.theta.V,24.0,internal inventory; source judgments in group reports
amikacin,spec,iiv.eta.CL,0.09,internal inventory; source judgments in group reports
amikacin,spec,iiv.eta.V,0.04,internal inventory; source judgments in group reports
amikacin,spec,iiv.corr,False,internal inventory; source judgments in group reports
amikacin,spec,residual.type,prop+add,internal inventory; source judgments in group reports
amikacin,spec,residual.prop,0.25,internal inventory; source judgments in group reports
amikacin,spec,residual.add,0.0,internal inventory; source judgments in group reports
amikacin,targets,scenario.id,amikacin_dose100mg_iv_single,internal inventory; source judgments in group reports
amikacin,targets,scenario.route,iv,internal inventory; source judgments in group reports
amikacin,targets,scenario.regimen,single,internal inventory; source judgments in group reports
amikacin,targets,scenario.dose.value,100.0,internal inventory; source judgments in group reports
amikacin,targets,scenario.dose.unit,mg,internal inventory; source judgments in group reports
amikacin,targets,scenario.population.species,human,internal inventory; source judgments in group reports
amikacin,targets,scenario.population.group,adult_healthy,internal inventory; source judgments in group reports
amikacin,targets,targets.auc.type,AUC0-inf,internal inventory; source judgments in group reports
amikacin,targets,targets.auc.value,16666.666666666668,internal inventory; source judgments in group reports
amikacin,targets,targets.auc.unit,ng*h/mL,internal inventory; source judgments in group reports
amikacin,targets,targets.auc.summary,geometric_mean,internal inventory; source judgments in group reports
amikacin,targets,targets.auc.variability.type,gcv_percent,internal inventory; source judgments in group reports
amikacin,targets,targets.auc.variability.value,35,internal inventory; source judgments in group reports
amikacin,targets,targets.auc.basis,dose_over_cl,internal inventory; source judgments in group reports
amikacin,targets,targets.auc.target_basis,dose_over_cl_not_literature_auc,internal inventory; source judgments in group reports
amikacin,targets,targets.auc.independent_literature_target,False,internal inventory; source judgments in group reports
amikacin,targets,targets.auc.source_value,CL_abs_L_per_h_at_70kg,internal inventory; source judgments in group reports
amikacin,targets,targets.auc.role,consistency_check,internal inventory; source judgments in group reports
amikacin,targets,targets.t_half.phase,terminal,internal inventory; source judgments in group reports
amikacin,targets,targets.t_half.value,2.0,internal inventory; source judgments in group reports
amikacin,targets,targets.t_half.unit,h,internal inventory; source judgments in group reports
amikacin,targets,targets.t_half.summary,arithmetic_mean,internal inventory; source judgments in group reports
amikacin,targets,targets.t_half.variability.type,sd,internal inventory; source judgments in group reports
amikacin,targets,targets.t_half.variability.value,1.0,internal inventory; source judgments in group reports
amikacin,targets,targets.t_half.role,check_only,internal inventory; source judgments in group reports
amikacin,targets,targets.t_half.used_to_calibrate_cl_v,False,internal inventory; source judgments in group reports
amikacin,targets,targets.t_half.structural_mismatch.acknowledged,True,internal inventory; source judgments in group reports
amikacin,targets,targets.t_half.structural_mismatch.reason,one_compartment_fixture_approximation,internal inventory; source judgments in group reports
amikacin,targets,provenance_review.status,acknowledged_fixture_limitation,internal inventory; source judgments in group reports
amikacin,targets,provenance_review.reviewer_note,t_half is retained as a check target only. CL/V are used for one-compartment fixture generation and are not jointly calibrated to match literature terminal half-life.,internal inventory; source judgments in group reports
amikacin,targets,provenance_review.reviewed_fields[0],CL,internal inventory; source judgments in group reports
amikacin,targets,provenance_review.reviewed_fields[1],V,internal inventory; source judgments in group reports
amikacin,targets,provenance_review.reviewed_fields[2],t_half,internal inventory; source judgments in group reports
apixaban,spec,version,0.1,internal inventory; source judgments in group reports
apixaban,spec,study.id,OSP_apixaban,internal inventory; source judgments in group reports
apixaban,spec,population.n,100,internal inventory; source judgments in group reports
apixaban,spec,population.covariates.wt_kg.dist,lognormal,internal inventory; source judgments in group reports
apixaban,spec,population.covariates.wt_kg.median,70.0,internal inventory; source judgments in group reports
apixaban,spec,population.covariates.wt_kg.cv,0.25,internal inventory; source judgments in group reports
apixaban,spec,population.covariates.wt_kg.min,40,internal inventory; source judgments in group reports
apixaban,spec,population.covariates.wt_kg.max,120,internal inventory; source judgments in group reports
apixaban,spec,regimen.route,oral,internal inventory; source judgments in group reports
apixaban,spec,regimen.units.dose,mg,internal inventory; source judgments in group reports
apixaban,spec,regimen.arms.A.n,100,internal inventory; source judgments in group reports
apixaban,spec,regimen.arms.A.dose_mg,10.0,internal inventory; source judgments in group reports
apixaban,spec,sampling.t_end_h,72.0,internal inventory; source judgments in group reports
apixaban,spec,sampling.dt_h,0.5,internal inventory; source judgments in group reports
apixaban,spec,sampling.include_t0,True,internal inventory; source judgments in group reports
apixaban,spec,model.template,pk1_oral_ode,internal inventory; source judgments in group reports
apixaban,spec,model.units.conc,ng/mL,internal inventory; source judgments in group reports
apixaban,spec,model.units.mult,1000,internal inventory; source judgments in group reports
apixaban,spec,model.theta.CL,3.3,internal inventory; source judgments in group reports
apixaban,spec,model.theta.V,57.130723619202946,internal inventory; source judgments in group reports
apixaban,spec,model.theta.KA,1.2,internal inventory; source judgments in group reports
apixaban,spec,model.theta.F1,1.0,internal inventory; source judgments in group reports
apixaban,spec,model.theta.ALAG1,0.5,internal inventory; source judgments in group reports
apixaban,spec,iiv.eta.CL,0.09,internal inventory; source judgments in group reports
apixaban,spec,iiv.eta.V,0.04,internal inventory; source judgments in group reports
apixaban,spec,iiv.eta.KA,0.16,internal inventory; source judgments in group reports
apixaban,spec,iiv.corr,False,internal inventory; source judgments in group reports
apixaban,spec,residual.type,prop+add,internal inventory; source judgments in group reports
apixaban,spec,residual.prop,0.25,internal inventory; source judgments in group reports
apixaban,spec,residual.add,0.0,internal inventory; source judgments in group reports
apixaban,targets,scenario.id,apixaban_dose10mg_po_single,internal inventory; source judgments in group reports
apixaban,targets,scenario.route,po,internal inventory; source judgments in group reports
apixaban,targets,scenario.regimen,single,internal inventory; source judgments in group reports
apixaban,targets,scenario.dose.value,10.0,internal inventory; source judgments in group reports
apixaban,targets,scenario.dose.unit,mg,internal inventory; source judgments in group reports
apixaban,targets,scenario.population.species,human,internal inventory; source judgments in group reports
apixaban,targets,scenario.population.group,adult_healthy,internal inventory; source judgments in group reports
apixaban,targets,targets.auc.type,AUC0-inf,internal inventory; source judgments in group reports
apixaban,targets,targets.auc.value,3030.3030303030305,internal inventory; source judgments in group reports
apixaban,targets,targets.auc.unit,ng*h/mL,internal inventory; source judgments in group reports
apixaban,targets,targets.auc.summary,geometric_mean,internal inventory; source judgments in group reports
apixaban,targets,targets.auc.variability.type,gcv_percent,internal inventory; source judgments in group reports
apixaban,targets,targets.auc.variability.value,35,internal inventory; source judgments in group reports
apixaban,targets,targets.auc.basis,dose_over_cl,internal inventory; source judgments in group reports
apixaban,targets,targets.auc.target_basis,dose_over_cl_not_literature_auc,internal inventory; source judgments in group reports
apixaban,targets,targets.auc.independent_literature_target,False,internal inventory; source judgments in group reports
apixaban,targets,targets.auc.source_value,CL_abs_L_per_h_at_70kg,internal inventory; source judgments in group reports
apixaban,targets,targets.auc.role,consistency_check,internal inventory; source judgments in group reports
apixaban,targets,targets.t_half.phase,terminal,internal inventory; source judgments in group reports
apixaban,targets,targets.t_half.value,12.0,internal inventory; source judgments in group reports
apixaban,targets,targets.t_half.unit,h,internal inventory; source judgments in group reports
apixaban,targets,targets.t_half.summary,arithmetic_mean,internal inventory; source judgments in group reports
apixaban,targets,targets.t_half.variability.type,sd,internal inventory; source judgments in group reports
apixaban,targets,targets.t_half.variability.value,1.0,internal inventory; source judgments in group reports
apixaban,targets,targets.t_half.role,check_only,internal inventory; source judgments in group reports
apixaban,targets,targets.t_half.used_to_calibrate_cl_v,False,internal inventory; source judgments in group reports
apixaban,targets,targets.t_half.structural_mismatch.acknowledged,False,internal inventory; source judgments in group reports
apixaban,targets,targets.t_half.structural_mismatch.reason,,internal inventory; source judgments in group reports
atazanavir,spec,version,0.1,internal inventory; source judgments in group reports
atazanavir,spec,study.id,OSP_atazanavir,internal inventory; source judgments in group reports
atazanavir,spec,population.n,100,internal inventory; source judgments in group reports
atazanavir,spec,population.covariates.wt_kg.dist,lognormal,internal inventory; source judgments in group reports
atazanavir,spec,population.covariates.wt_kg.median,70.0,internal inventory; source judgments in group reports
atazanavir,spec,population.covariates.wt_kg.cv,0.25,internal inventory; source judgments in group reports
atazanavir,spec,population.covariates.wt_kg.min,40,internal inventory; source judgments in group reports
atazanavir,spec,population.covariates.wt_kg.max,120,internal inventory; source judgments in group reports
atazanavir,spec,regimen.route,oral,internal inventory; source judgments in group reports
atazanavir,spec,regimen.units.dose,mg,internal inventory; source judgments in group reports
atazanavir,spec,regimen.arms.A.n,100,internal inventory; source judgments in group reports
atazanavir,spec,regimen.arms.A.dose_mg,100,internal inventory; source judgments in group reports
atazanavir,spec,sampling.t_end_h,72.0,internal inventory; source judgments in group reports
atazanavir,spec,sampling.dt_h,0.5,internal inventory; source judgments in group reports
atazanavir,spec,sampling.include_t0,True,internal inventory; source judgments in group reports
atazanavir,spec,model.template,pk1_oral_ode,internal inventory; source judgments in group reports
atazanavir,spec,model.units.conc,ng/mL,internal inventory; source judgments in group reports
atazanavir,spec,model.units.mult,1000,internal inventory; source judgments in group reports
atazanavir,spec,model.theta.CL,12.9,internal inventory; source judgments in group reports
atazanavir,spec,model.theta.V,88.3,internal inventory; source judgments in group reports
atazanavir,spec,model.theta.KA,1.2,internal inventory; source judgments in group reports
atazanavir,spec,model.theta.F1,1.0,internal inventory; source judgments in group reports
atazanavir,spec,model.theta.ALAG1,0.5,internal inventory; source judgments in group reports
atazanavir,spec,iiv.eta.CL,0.09,internal inventory; source judgments in group reports
atazanavir,spec,iiv.eta.V,0.04,internal inventory; source judgments in group reports
atazanavir,spec,iiv.eta.KA,0.16,internal inventory; source judgments in group reports
atazanavir,spec,iiv.corr,False,internal inventory; source judgments in group reports
atazanavir,spec,residual.type,prop+add,internal inventory; source judgments in group reports
atazanavir,spec,residual.prop,0.25,internal inventory; source judgments in group reports
atazanavir,spec,residual.add,0.0,internal inventory; source judgments in group reports
atazanavir,targets,scenario.id,atazanavir_dose100mg_po_single,internal inventory; source judgments in group reports
atazanavir,targets,scenario.route,po,internal inventory; source judgments in group reports
atazanavir,targets,scenario.regimen,single,internal inventory; source judgments in group reports
atazanavir,targets,scenario.dose.value,100.0,internal inventory; source judgments in group reports
atazanavir,targets,scenario.dose.unit,mg,internal inventory; source judgments in group reports
atazanavir,targets,scenario.population.species,human,internal inventory; source judgments in group reports
atazanavir,targets,scenario.population.group,adult_healthy,internal inventory; source judgments in group reports
atazanavir,targets,targets.auc.type,AUC0-inf,internal inventory; source judgments in group reports
atazanavir,targets,targets.auc.value,7751.937984496124,internal inventory; source judgments in group reports
atazanavir,targets,targets.auc.unit,ng*h/mL,internal inventory; source judgments in group reports
atazanavir,targets,targets.auc.summary,geometric_mean,internal inventory; source judgments in group reports
atazanavir,targets,targets.auc.variability.type,gcv_percent,internal inventory; source judgments in group reports
atazanavir,targets,targets.auc.variability.value,35,internal inventory; source judgments in group reports
atazanavir,targets,targets.auc.basis,dose_over_cl,internal inventory; source judgments in group reports
atazanavir,targets,targets.auc.target_basis,dose_over_cl_not_literature_auc,internal inventory; source judgments in group reports
atazanavir,targets,targets.auc.independent_literature_target,False,internal inventory; source judgments in group reports
atazanavir,targets,targets.auc.source_value,CL_abs_L_per_h_at_70kg,internal inventory; source judgments in group reports
atazanavir,targets,targets.auc.role,consistency_check,internal inventory; source judgments in group reports
atazanavir,targets,targets.t_half.phase,terminal,internal inventory; source judgments in group reports
atazanavir,targets,targets.t_half.value,4.6,internal inventory; source judgments in group reports
atazanavir,targets,targets.t_half.unit,h,internal inventory; source judgments in group reports
atazanavir,targets,targets.t_half.summary,arithmetic_mean,internal inventory; source judgments in group reports
atazanavir,targets,targets.t_half.variability.type,sd,internal inventory; source judgments in group reports
atazanavir,targets,targets.t_half.variability.value,1.0,internal inventory; source judgments in group reports
atazanavir,targets,targets.t_half.role,check_only,internal inventory; source judgments in group reports
atazanavir,targets,targets.t_half.used_to_calibrate_cl_v,False,internal inventory; source judgments in group reports
atazanavir,targets,targets.t_half.structural_mismatch.acknowledged,False,internal inventory; source judgments in group reports
atazanavir,targets,targets.t_half.structural_mismatch.reason,,internal inventory; source judgments in group reports
buprenorphine,spec,version,0.1,internal inventory; source judgments in group reports
buprenorphine,spec,study.id,OSP_buprenorphine,internal inventory; source judgments in group reports
buprenorphine,spec,population.n,100,internal inventory; source judgments in group reports
buprenorphine,spec,population.covariates.wt_kg.dist,lognormal,internal inventory; source judgments in group reports
buprenorphine,spec,population.covariates.wt_kg.median,70.0,internal inventory; source judgments in group reports
buprenorphine,spec,population.covariates.wt_kg.cv,0.25,internal inventory; source judgments in group reports
buprenorphine,spec,population.covariates.wt_kg.min,40,internal inventory; source judgments in group reports
buprenorphine,spec,population.covariates.wt_kg.max,120,internal inventory; source judgments in group reports
buprenorphine,spec,regimen.route,iv,internal inventory; source judgments in group reports
buprenorphine,spec,regimen.units.dose,mg,internal inventory; source judgments in group reports
buprenorphine,spec,regimen.arms.A.n,100,internal inventory; source judgments in group reports
buprenorphine,spec,regimen.arms.A.dose_mg,0.3,internal inventory; source judgments in group reports
buprenorphine,spec,regimen.arms.A.infusion_h,1.0,internal inventory; source judgments in group reports
buprenorphine,spec,sampling.t_end_h,72.0,internal inventory; source judgments in group reports
buprenorphine,spec,sampling.dt_h,0.5,internal inventory; source judgments in group reports
buprenorphine,spec,sampling.include_t0,True,internal inventory; source judgments in group reports
buprenorphine,spec,model.template,pk1_iv_ode,internal inventory; source judgments in group reports
buprenorphine,spec,model.units.conc,ng/mL,internal inventory; source judgments in group reports
buprenorphine,spec,model.units.mult,1000,internal inventory; source judgments in group reports
buprenorphine,spec,model.theta.CL,54.0,internal inventory; source judgments in group reports
buprenorphine,spec,model.theta.V,806.0,internal inventory; source judgments in group reports
buprenorphine,spec,iiv.eta.CL,0.09,internal inventory; source judgments in group reports
buprenorphine,spec,iiv.eta.V,0.04,internal inventory; source judgments in group reports
buprenorphine,spec,iiv.corr,False,internal inventory; source judgments in group reports
buprenorphine,spec,residual.type,prop+add,internal inventory; source judgments in group reports
buprenorphine,spec,residual.prop,0.25,internal inventory; source judgments in group reports
buprenorphine,spec,residual.add,0.0,internal inventory; source judgments in group reports
buprenorphine,targets,scenario.id,buprenorphine_dose0.3mg_iv_single,internal inventory; source judgments in group reports
buprenorphine,targets,scenario.route,iv,internal inventory; source judgments in group reports
buprenorphine,targets,scenario.regimen,single,internal inventory; source judgments in group reports
buprenorphine,targets,scenario.dose.value,0.3,internal inventory; source judgments in group reports
buprenorphine,targets,scenario.dose.unit,mg,internal inventory; source judgments in group reports
buprenorphine,targets,scenario.population.species,human,internal inventory; source judgments in group reports
buprenorphine,targets,scenario.population.group,adult_healthy,internal inventory; source judgments in group reports
buprenorphine,targets,targets.auc.type,AUC0-inf,internal inventory; source judgments in group reports
buprenorphine,targets,targets.auc.value,5.555555555555555,internal inventory; source judgments in group reports
buprenorphine,targets,targets.auc.unit,ng*h/mL,internal inventory; source judgments in group reports
buprenorphine,targets,targets.auc.summary,geometric_mean,internal inventory; source judgments in group reports
buprenorphine,targets,targets.auc.variability.type,gcv_percent,internal inventory; source judgments in group reports
buprenorphine,targets,targets.auc.variability.value,35,internal inventory; source judgments in group reports
buprenorphine,targets,targets.auc.basis,dose_over_cl,internal inventory; source judgments in group reports
buprenorphine,targets,targets.auc.target_basis,dose_over_cl_not_literature_auc,internal inventory; source judgments in group reports
buprenorphine,targets,targets.auc.independent_literature_target,False,internal inventory; source judgments in group reports
buprenorphine,targets,targets.auc.source_value,CL_abs_L_per_h_at_70kg,internal inventory; source judgments in group reports
buprenorphine,targets,targets.auc.role,consistency_check,internal inventory; source judgments in group reports
buprenorphine,targets,targets.t_half.phase,terminal,internal inventory; source judgments in group reports
buprenorphine,targets,targets.t_half.value,10.345863472802147,internal inventory; source judgments in group reports
buprenorphine,targets,targets.t_half.unit,h,internal inventory; source judgments in group reports
buprenorphine,targets,targets.t_half.summary,arithmetic_mean,internal inventory; source judgments in group reports
buprenorphine,targets,targets.t_half.variability.type,sd,internal inventory; source judgments in group reports
buprenorphine,targets,targets.t_half.variability.value,1.0,internal inventory; source judgments in group reports
buprenorphine,targets,targets.t_half.role,check_only,internal inventory; source judgments in group reports
buprenorphine,targets,targets.t_half.used_to_calibrate_cl_v,False,internal inventory; source judgments in group reports
buprenorphine,targets,targets.t_half.structural_mismatch.acknowledged,False,internal inventory; source judgments in group reports
buprenorphine,targets,targets.t_half.structural_mismatch.reason,,internal inventory; source judgments in group reports
carbamazepine,spec,version,0.1,internal inventory; source judgments in group reports
carbamazepine,spec,study.id,OSP_carbamazepine,internal inventory; source judgments in group reports
carbamazepine,spec,population.n,100,internal inventory; source judgments in group reports
carbamazepine,spec,population.covariates.wt_kg.dist,lognormal,internal inventory; source judgments in group reports
carbamazepine,spec,population.covariates.wt_kg.median,70.0,internal inventory; source judgments in group reports
carbamazepine,spec,population.covariates.wt_kg.cv,0.25,internal inventory; source judgments in group reports
carbamazepine,spec,population.covariates.wt_kg.min,40,internal inventory; source judgments in group reports
carbamazepine,spec,population.covariates.wt_kg.max,120,internal inventory; source judgments in group reports
carbamazepine,spec,regimen.route,oral,internal inventory; source judgments in group reports
carbamazepine,spec,regimen.units.dose,mg,internal inventory; source judgments in group reports
carbamazepine,spec,regimen.arms.A.n,100,internal inventory; source judgments in group reports
carbamazepine,spec,regimen.arms.A.dose_mg,200.0,internal inventory; source judgments in group reports
carbamazepine,spec,sampling.t_end_h,72.0,internal inventory; source judgments in group reports
carbamazepine,spec,sampling.dt_h,0.5,internal inventory; source judgments in group reports
carbamazepine,spec,sampling.include_t0,True,internal inventory; source judgments in group reports
carbamazepine,spec,model.template,pk1_oral_ode,internal inventory; source judgments in group reports
carbamazepine,spec,model.units.conc,ng/mL,internal inventory; source judgments in group reports
carbamazepine,spec,model.units.mult,1000,internal inventory; source judgments in group reports
carbamazepine,spec,model.theta.CL,4.8,internal inventory; source judgments in group reports
carbamazepine,spec,model.theta.V,100.41157484587185,internal inventory; source judgments in group reports
carbamazepine,spec,model.theta.KA,1.2,internal inventory; source judgments in group reports
carbamazepine,spec,model.theta.F1,1.0,internal inventory; source judgments in group reports
carbamazepine,spec,model.theta.ALAG1,0.5,internal inventory; source judgments in group reports
carbamazepine,spec,iiv.eta.CL,0.09,internal inventory; source judgments in group reports
carbamazepine,spec,iiv.eta.V,0.04,internal inventory; source judgments in group reports
carbamazepine,spec,iiv.eta.KA,0.16,internal inventory; source judgments in group reports
carbamazepine,spec,iiv.corr,False,internal inventory; source judgments in group reports
carbamazepine,spec,residual.type,prop+add,internal inventory; source judgments in group reports
carbamazepine,spec,residual.prop,0.25,internal inventory; source judgments in group reports
carbamazepine,spec,residual.add,0.0,internal inventory; source judgments in group reports
carbamazepine,targets,scenario.id,carbamazepine_dose200mg_po_single,internal inventory; source judgments in group reports
carbamazepine,targets,scenario.route,po,internal inventory; source judgments in group reports
carbamazepine,targets,scenario.regimen,single,internal inventory; source judgments in group reports
carbamazepine,targets,scenario.dose.value,200.0,internal inventory; source judgments in group reports
carbamazepine,targets,scenario.dose.unit,mg,internal inventory; source judgments in group reports
carbamazepine,targets,scenario.population.species,human,internal inventory; source judgments in group reports
carbamazepine,targets,scenario.population.group,adult_healthy,internal inventory; source judgments in group reports
carbamazepine,targets,targets.auc.type,AUC0-inf,internal inventory; source judgments in group reports
carbamazepine,targets,targets.auc.value,41666.66666666667,internal inventory; source judgments in group reports
carbamazepine,targets,targets.auc.unit,ng*h/mL,internal inventory; source judgments in group reports
carbamazepine,targets,targets.auc.summary,geometric_mean,internal inventory; source judgments in group reports
carbamazepine,targets,targets.auc.variability.type,gcv_percent,internal inventory; source judgments in group reports
carbamazepine,targets,targets.auc.variability.value,35,internal inventory; source judgments in group reports
carbamazepine,targets,targets.auc.basis,dose_over_cl,internal inventory; source judgments in group reports
carbamazepine,targets,targets.auc.target_basis,dose_over_cl_not_literature_auc,internal inventory; source judgments in group reports
carbamazepine,targets,targets.auc.independent_literature_target,False,internal inventory; source judgments in group reports
carbamazepine,targets,targets.auc.source_value,CL_abs_L_per_h_at_70kg,internal inventory; source judgments in group reports
carbamazepine,targets,targets.auc.role,consistency_check,internal inventory; source judgments in group reports
carbamazepine,targets,targets.t_half.phase,terminal,internal inventory; source judgments in group reports
carbamazepine,targets,targets.t_half.value,14.5,internal inventory; source judgments in group reports
carbamazepine,targets,targets.t_half.unit,h,internal inventory; source judgments in group reports
carbamazepine,targets,targets.t_half.summary,arithmetic_mean,internal inventory; source judgments in group reports
carbamazepine,targets,targets.t_half.variability.type,sd,internal inventory; source judgments in group reports
carbamazepine,targets,targets.t_half.variability.value,1.0,internal inventory; source judgments in group reports
carbamazepine,targets,targets.t_half.role,check_only,internal inventory; source judgments in group reports
carbamazepine,targets,targets.t_half.used_to_calibrate_cl_v,False,internal inventory; source judgments in group reports
carbamazepine,targets,targets.t_half.structural_mismatch.acknowledged,False,internal inventory; source judgments in group reports
carbamazepine,targets,targets.t_half.structural_mismatch.reason,,internal inventory; source judgments in group reports
cda1,spec,version,0.1,internal inventory; source judgments in group reports
cda1,spec,study.id,OSP_cda1,internal inventory; source judgments in group reports
cda1,spec,population.n,100,internal inventory; source judgments in group reports
cda1,spec,population.covariates.wt_kg.dist,lognormal,internal inventory; source judgments in group reports
cda1,spec,population.covariates.wt_kg.median,70.0,internal inventory; source judgments in group reports
cda1,spec,population.covariates.wt_kg.cv,0.25,internal inventory; source judgments in group reports
cda1,spec,population.covariates.wt_kg.min,40,internal inventory; source judgments in group reports
cda1,spec,population.covariates.wt_kg.max,120,internal inventory; source judgments in group reports
cda1,spec,regimen.route,iv_bolus,internal inventory; source judgments in group reports
cda1,spec,regimen.units.dose,mg,internal inventory; source judgments in group reports
cda1,spec,regimen.arms.A.n,100,internal inventory; source judgments in group reports
cda1,spec,regimen.arms.A.dose_mg,100,internal inventory; source judgments in group reports
cda1,spec,sampling.t_end_h,3938.4000000000005,internal inventory; source judgments in group reports
cda1,spec,sampling.dt_h,0.5,internal inventory; source judgments in group reports
cda1,spec,sampling.include_t0,True,internal inventory; source judgments in group reports
cda1,spec,model.template,pk1_iv_ode,internal inventory; source judgments in group reports
cda1,spec,model.units.conc,ng/mL,internal inventory; source judgments in group reports
cda1,spec,model.units.mult,1000,internal inventory; source judgments in group reports
cda1,spec,model.theta.CL,0.00588,internal inventory; source judgments in group reports
cda1,spec,model.theta.V,4.9,internal inventory; source judgments in group reports
cda1,spec,iiv.eta.CL,0.09,internal inventory; source judgments in group reports
cda1,spec,iiv.eta.V,0.04,internal inventory; source judgments in group reports
cda1,spec,iiv.corr,False,internal inventory; source judgments in group reports
cda1,spec,residual.type,prop+add,internal inventory; source judgments in group reports
cda1,spec,residual.prop,0.25,internal inventory; source judgments in group reports
cda1,spec,residual.add,0.0,internal inventory; source judgments in group reports
cda1,targets,scenario.id,cda1_dose100mg_iv_single,internal inventory; source judgments in group reports
cda1,targets,scenario.route,iv,internal inventory; source judgments in group reports
cda1,targets,scenario.regimen,single,internal inventory; source judgments in group reports
cda1,targets,scenario.dose.value,100.0,internal inventory; source judgments in group reports
cda1,targets,scenario.dose.unit,mg,internal inventory; source judgments in group reports
cda1,targets,scenario.population.species,human,internal inventory; source judgments in group reports
cda1,targets,scenario.population.group,adult_healthy,internal inventory; source judgments in group reports
cda1,targets,targets.auc.type,AUC0-inf,internal inventory; source judgments in group reports
cda1,targets,targets.auc.value,17006802.721088436,internal inventory; source judgments in group reports
cda1,targets,targets.auc.unit,ng*h/mL,internal inventory; source judgments in group reports
cda1,targets,targets.auc.summary,geometric_mean,internal inventory; source judgments in group reports
cda1,targets,targets.auc.variability.type,gcv_percent,internal inventory; source judgments in group reports
cda1,targets,targets.auc.variability.value,35,internal inventory; source judgments in group reports
cda1,targets,targets.auc.basis,dose_over_cl,internal inventory; source judgments in group reports
cda1,targets,targets.auc.target_basis,dose_over_cl_not_literature_auc,internal inventory; source judgments in group reports
cda1,targets,targets.auc.independent_literature_target,False,internal inventory; source judgments in group reports
cda1,targets,targets.auc.source_value,CL_abs_L_per_h_at_70kg,internal inventory; source judgments in group reports
cda1,targets,targets.auc.role,consistency_check,internal inventory; source judgments in group reports
cda1,targets,targets.t_half.phase,terminal,internal inventory; source judgments in group reports
cda1,targets,targets.t_half.value,685.2,internal inventory; source judgments in group reports
cda1,targets,targets.t_half.unit,h,internal inventory; source judgments in group reports
cda1,targets,targets.t_half.summary,arithmetic_mean,internal inventory; source judgments in group reports
cda1,targets,targets.t_half.variability.type,sd,internal inventory; source judgments in group reports
cda1,targets,targets.t_half.variability.value,171.3,internal inventory; source judgments in group reports
cda1,targets,targets.t_half.role,check_only,internal inventory; source judgments in group reports
cda1,targets,targets.t_half.used_to_calibrate_cl_v,False,internal inventory; source judgments in group reports
cda1,targets,targets.t_half.structural_mismatch.acknowledged,False,internal inventory; source judgments in group reports
cda1,targets,targets.t_half.structural_mismatch.reason,,internal inventory; source judgments in group reports
cimetidine,spec,version,0.1,internal inventory; source judgments in group reports
cimetidine,spec,study.id,OSP_cimetidine,internal inventory; source judgments in group reports
cimetidine,spec,population.n,100,internal inventory; source judgments in group reports
cimetidine,spec,population.covariates.wt_kg.dist,lognormal,internal inventory; source judgments in group reports
cimetidine,spec,population.covariates.wt_kg.median,70.0,internal inventory; source judgments in group reports
cimetidine,spec,population.covariates.wt_kg.cv,0.25,internal inventory; source judgments in group reports
cimetidine,spec,population.covariates.wt_kg.min,40,internal inventory; source judgments in group reports
cimetidine,spec,population.covariates.wt_kg.max,120,internal inventory; source judgments in group reports
cimetidine,spec,regimen.route,oral,internal inventory; source judgments in group reports
cimetidine,spec,regimen.units.dose,mg,internal inventory; source judgments in group reports
cimetidine,spec,regimen.arms.A.n,100,internal inventory; source judgments in group reports
cimetidine,spec,regimen.arms.A.dose_mg,100,internal inventory; source judgments in group reports
cimetidine,spec,sampling.t_end_h,72.0,internal inventory; source judgments in group reports
cimetidine,spec,sampling.dt_h,0.5,internal inventory; source judgments in group reports
cimetidine,spec,sampling.include_t0,True,internal inventory; source judgments in group reports
cimetidine,spec,model.template,pk1_oral_ode,internal inventory; source judgments in group reports
cimetidine,spec,model.units.conc,ng/mL,internal inventory; source judgments in group reports
cimetidine,spec,model.units.mult,1000,internal inventory; source judgments in group reports
cimetidine,spec,model.theta.CL,29.7,internal inventory; source judgments in group reports
cimetidine,spec,model.theta.V,56.0,internal inventory; source judgments in group reports
cimetidine,spec,model.theta.KA,1.2,internal inventory; source judgments in group reports
cimetidine,spec,model.theta.F1,0.6,internal inventory; source judgments in group reports
cimetidine,spec,model.theta.ALAG1,0.5,internal inventory; source judgments in group reports
cimetidine,spec,iiv.eta.CL,0.09,internal inventory; source judgments in group reports
cimetidine,spec,iiv.eta.V,0.04,internal inventory; source judgments in group reports
cimetidine,spec,iiv.eta.KA,0.16,internal inventory; source judgments in group reports
cimetidine,spec,iiv.corr,False,internal inventory; source judgments in group reports
cimetidine,spec,residual.type,prop+add,internal inventory; source judgments in group reports
cimetidine,spec,residual.prop,0.25,internal inventory; source judgments in group reports
cimetidine,spec,residual.add,0.0,internal inventory; source judgments in group reports
cimetidine,targets,scenario.id,cimetidine_dose100mg_po_single,internal inventory; source judgments in group reports
cimetidine,targets,scenario.route,po,internal inventory; source judgments in group reports
cimetidine,targets,scenario.regimen,single,internal inventory; source judgments in group reports
cimetidine,targets,scenario.dose.value,100.0,internal inventory; source judgments in group reports
cimetidine,targets,scenario.dose.unit,mg,internal inventory; source judgments in group reports
cimetidine,targets,scenario.population.species,human,internal inventory; source judgments in group reports
cimetidine,targets,scenario.population.group,adult_healthy,internal inventory; source judgments in group reports
cimetidine,targets,targets.auc.type,AUC0-inf,internal inventory; source judgments in group reports
cimetidine,targets,targets.auc.value,2020.2020202020203,internal inventory; source judgments in group reports
cimetidine,targets,targets.auc.unit,ng*h/mL,internal inventory; source judgments in group reports
cimetidine,targets,targets.auc.summary,fixture_consistency_check,internal inventory; source judgments in group reports
cimetidine,targets,targets.auc.variability.type,gcv_percent,internal inventory; source judgments in group reports
cimetidine,targets,targets.auc.variability.value,35,internal inventory; source judgments in group reports
cimetidine,targets,targets.auc.basis,f_dose_over_cl,internal inventory; source judgments in group reports
cimetidine,targets,targets.auc.target_basis,f_dose_over_cl_systemic_not_literature_auc,internal inventory; source judgments in group reports
cimetidine,targets,targets.auc.independent_literature_target,False,internal inventory; source judgments in group reports
cimetidine,targets,targets.auc.source_value,CL_systemic_L_per_h_at_70kg,internal inventory; source judgments in group reports
cimetidine,targets,targets.auc.bioavailability_frac,0.6,internal inventory; source judgments in group reports
cimetidine,targets,targets.auc.role,consistency_check,internal inventory; source judgments in group reports
cimetidine,targets,targets.t_half.phase,terminal,internal inventory; source judgments in group reports
cimetidine,targets,targets.t_half.value,2.0,internal inventory; source judgments in group reports
cimetidine,targets,targets.t_half.unit,h,internal inventory; source judgments in group reports
cimetidine,targets,targets.t_half.summary,arithmetic_mean,internal inventory; source judgments in group reports
cimetidine,targets,targets.t_half.variability.type,sd,internal inventory; source judgments in group reports
cimetidine,targets,targets.t_half.variability.value,1.0,internal inventory; source judgments in group reports
cimetidine,targets,targets.t_half.role,check_only,internal inventory; source judgments in group reports
cimetidine,targets,targets.t_half.used_to_calibrate_cl_v,False,internal inventory; source judgments in group reports
cimetidine,targets,targets.t_half.structural_mismatch.acknowledged,True,internal inventory; source judgments in group reports
cimetidine,targets,targets.t_half.structural_mismatch.reason,one_compartment_fixture_approximation,internal inventory; source judgments in group reports
cimetidine,targets,provenance_review.status,acknowledged_fixture_limitation,internal inventory; source judgments in group reports
cimetidine,targets,provenance_review.reviewer_note,t_half is retained as a check target only. CL/V are used for one-compartment fixture generation and are not jointly calibrated to match literature terminal half-life.,internal inventory; source judgments in group reports
cimetidine,targets,provenance_review.reviewed_fields[0],CL,internal inventory; source judgments in group reports
cimetidine,targets,provenance_review.reviewed_fields[1],V,internal inventory; source judgments in group reports
cimetidine,targets,provenance_review.reviewed_fields[2],t_half,internal inventory; source judgments in group reports
clarithromycin,spec,version,0.1,internal inventory; source judgments in group reports
clarithromycin,spec,study.id,OSP_clarithromycin,internal inventory; source judgments in group reports
clarithromycin,spec,population.n,100,internal inventory; source judgments in group reports
clarithromycin,spec,population.covariates.wt_kg.dist,lognormal,internal inventory; source judgments in group reports
clarithromycin,spec,population.covariates.wt_kg.median,70.0,internal inventory; source judgments in group reports
clarithromycin,spec,population.covariates.wt_kg.cv,0.25,internal inventory; source judgments in group reports
clarithromycin,spec,population.covariates.wt_kg.min,40,internal inventory; source judgments in group reports
clarithromycin,spec,population.covariates.wt_kg.max,120,internal inventory; source judgments in group reports
clarithromycin,spec,regimen.route,oral,internal inventory; source judgments in group reports
clarithromycin,spec,regimen.units.dose,mg,internal inventory; source judgments in group reports
clarithromycin,spec,regimen.arms.A.n,100,internal inventory; source judgments in group reports
clarithromycin,spec,regimen.arms.A.dose_mg,100,internal inventory; source judgments in group reports
clarithromycin,spec,sampling.t_end_h,72.0,internal inventory; source judgments in group reports
clarithromycin,spec,sampling.dt_h,0.5,internal inventory; source judgments in group reports
clarithromycin,spec,sampling.include_t0,True,internal inventory; source judgments in group reports
clarithromycin,spec,model.template,pk1_oral_ode,internal inventory; source judgments in group reports
clarithromycin,spec,model.units.conc,ng/mL,internal inventory; source judgments in group reports
clarithromycin,spec,model.units.mult,1000,internal inventory; source judgments in group reports
clarithromycin,spec,model.theta.CL,58.1,internal inventory; source judgments in group reports
clarithromycin,spec,model.theta.V,172.0,internal inventory; source judgments in group reports
clarithromycin,spec,model.theta.KA,1.2,internal inventory; source judgments in group reports
clarithromycin,spec,model.theta.F1,1.0,internal inventory; source judgments in group reports
clarithromycin,spec,model.theta.ALAG1,0.5,internal inventory; source judgments in group reports
clarithromycin,spec,iiv.eta.CL,0.09,internal inventory; source judgments in group reports
clarithromycin,spec,iiv.eta.V,0.04,internal inventory; source judgments in group reports
clarithromycin,spec,iiv.eta.KA,0.16,internal inventory; source judgments in group reports
clarithromycin,spec,iiv.corr,False,internal inventory; source judgments in group reports
clarithromycin,spec,residual.type,prop+add,internal inventory; source judgments in group reports
clarithromycin,spec,residual.prop,0.25,internal inventory; source judgments in group reports
clarithromycin,spec,residual.add,0.0,internal inventory; source judgments in group reports
clarithromycin,targets,scenario.id,clarithromycin_dose100mg_po_single,internal inventory; source judgments in group reports
clarithromycin,targets,scenario.route,po,internal inventory; source judgments in group reports
clarithromycin,targets,scenario.regimen,single,internal inventory; source judgments in group reports
clarithromycin,targets,scenario.dose.value,100.0,internal inventory; source judgments in group reports
clarithromycin,targets,scenario.dose.unit,mg,internal inventory; source judgments in group reports
clarithromycin,targets,scenario.population.species,human,internal inventory; source judgments in group reports
clarithromycin,targets,scenario.population.group,adult_healthy,internal inventory; source judgments in group reports
clarithromycin,targets,targets.auc.type,AUC0-inf,internal inventory; source judgments in group reports
clarithromycin,targets,targets.auc.value,1721.170395869191,internal inventory; source judgments in group reports
clarithromycin,targets,targets.auc.unit,ng*h/mL,internal inventory; source judgments in group reports
clarithromycin,targets,targets.auc.summary,geometric_mean,internal inventory; source judgments in group reports
clarithromycin,targets,targets.auc.variability.type,gcv_percent,internal inventory; source judgments in group reports
clarithromycin,targets,targets.auc.variability.value,35,internal inventory; source judgments in group reports
clarithromycin,targets,targets.auc.basis,dose_over_cl,internal inventory; source judgments in group reports
clarithromycin,targets,targets.auc.target_basis,dose_over_cl_not_literature_auc,internal inventory; source judgments in group reports
clarithromycin,targets,targets.auc.independent_literature_target,False,internal inventory; source judgments in group reports
clarithromycin,targets,targets.auc.source_value,CL_abs_L_per_h_at_70kg,internal inventory; source judgments in group reports
clarithromycin,targets,targets.auc.role,consistency_check,internal inventory; source judgments in group reports
clarithromycin,targets,targets.t_half.phase,terminal,internal inventory; source judgments in group reports
clarithromycin,targets,targets.t_half.value,5.0,internal inventory; source judgments in group reports
clarithromycin,targets,targets.t_half.unit,h,internal inventory; source judgments in group reports
clarithromycin,targets,targets.t_half.summary,arithmetic_mean,internal inventory; source judgments in group reports
clarithromycin,targets,targets.t_half.variability.type,sd,internal inventory; source judgments in group reports
clarithromycin,targets,targets.t_half.variability.value,1.25,internal inventory; source judgments in group reports
clarithromycin,targets,targets.t_half.role,check_only,internal inventory; source judgments in group reports
clarithromycin,targets,targets.t_half.used_to_calibrate_cl_v,False,internal inventory; source judgments in group reports
clarithromycin,targets,targets.t_half.structural_mismatch.acknowledged,True,internal inventory; source judgments in group reports
clarithromycin,targets,targets.t_half.structural_mismatch.reason,one_compartment_fixture_approximation,internal inventory; source judgments in group reports
clarithromycin,targets,provenance_review.status,acknowledged_fixture_limitation,internal inventory; source judgments in group reports
clarithromycin,targets,provenance_review.reviewer_note,t_half is retained as a check target only. CL/V are used for one-compartment fixture generation and are not jointly calibrated to match literature terminal half-life.,internal inventory; source judgments in group reports
clarithromycin,targets,provenance_review.reviewed_fields[0],CL,internal inventory; source judgments in group reports
clarithromycin,targets,provenance_review.reviewed_fields[1],V,internal inventory; source judgments in group reports
clarithromycin,targets,provenance_review.reviewed_fields[2],t_half,internal inventory; source judgments in group reports
dapagliflozin,spec,version,0.1,internal inventory; source judgments in group reports
dapagliflozin,spec,study.id,OSP_dapagliflozin,internal inventory; source judgments in group reports
dapagliflozin,spec,population.n,100,internal inventory; source judgments in group reports
dapagliflozin,spec,population.covariates.wt_kg.dist,lognormal,internal inventory; source judgments in group reports
dapagliflozin,spec,population.covariates.wt_kg.median,70.0,internal inventory; source judgments in group reports
dapagliflozin,spec,population.covariates.wt_kg.cv,0.25,internal inventory; source judgments in group reports
dapagliflozin,spec,population.covariates.wt_kg.min,40,internal inventory; source judgments in group reports
dapagliflozin,spec,population.covariates.wt_kg.max,120,internal inventory; source judgments in group reports
dapagliflozin,spec,regimen.route,oral,internal inventory; source judgments in group reports
dapagliflozin,spec,regimen.units.dose,mg,internal inventory; source judgments in group reports
dapagliflozin,spec,regimen.arms.A.n,100,internal inventory; source judgments in group reports
dapagliflozin,spec,regimen.arms.A.dose_mg,10.0,internal inventory; source judgments in group reports
dapagliflozin,spec,sampling.t_end_h,72.0,internal inventory; source judgments in group reports
dapagliflozin,spec,sampling.dt_h,0.5,internal inventory; source judgments in group reports
dapagliflozin,spec,sampling.include_t0,True,internal inventory; source judgments in group reports
dapagliflozin,spec,model.template,pk1_oral_ode,internal inventory; source judgments in group reports
dapagliflozin,spec,model.units.conc,ng/mL,internal inventory; source judgments in group reports
dapagliflozin,spec,model.units.mult,1000,internal inventory; source judgments in group reports
dapagliflozin,spec,model.theta.CL,12.42,internal inventory; source judgments in group reports
dapagliflozin,spec,model.theta.V,118.0,internal inventory; source judgments in group reports
dapagliflozin,spec,model.theta.KA,1.2,internal inventory; source judgments in group reports
dapagliflozin,spec,model.theta.F1,0.78,internal inventory; source judgments in group reports
dapagliflozin,spec,model.theta.ALAG1,0.5,internal inventory; source judgments in group reports
dapagliflozin,spec,iiv.eta.CL,0.09,internal inventory; source judgments in group reports
dapagliflozin,spec,iiv.eta.V,0.04,internal inventory; source judgments in group reports
dapagliflozin,spec,iiv.eta.KA,0.16,internal inventory; source judgments in group reports
dapagliflozin,spec,iiv.corr,False,internal inventory; source judgments in group reports
dapagliflozin,spec,residual.type,prop+add,internal inventory; source judgments in group reports
dapagliflozin,spec,residual.prop,0.25,internal inventory; source judgments in group reports
dapagliflozin,spec,residual.add,0.0,internal inventory; source judgments in group reports
dapagliflozin,targets,scenario.id,dapagliflozin_dose10mg_po_single,internal inventory; source judgments in group reports
dapagliflozin,targets,scenario.route,po,internal inventory; source judgments in group reports
dapagliflozin,targets,scenario.regimen,single,internal inventory; source judgments in group reports
dapagliflozin,targets,scenario.dose.value,10.0,internal inventory; source judgments in group reports
dapagliflozin,targets,scenario.dose.unit,mg,internal inventory; source judgments in group reports
dapagliflozin,targets,scenario.population.species,human,internal inventory; source judgments in group reports
dapagliflozin,targets,scenario.population.group,adult_healthy,internal inventory; source judgments in group reports
dapagliflozin,targets,targets.auc.type,AUC0-inf,internal inventory; source judgments in group reports
dapagliflozin,targets,targets.auc.value,628.0193236714975,internal inventory; source judgments in group reports
dapagliflozin,targets,targets.auc.unit,ng*h/mL,internal inventory; source judgments in group reports
dapagliflozin,targets,targets.auc.summary,geometric_mean,internal inventory; source judgments in group reports
dapagliflozin,targets,targets.auc.variability.type,gcv_percent,internal inventory; source judgments in group reports
dapagliflozin,targets,targets.auc.variability.value,35,internal inventory; source judgments in group reports
dapagliflozin,targets,targets.auc.basis,f_dose_over_cl,internal inventory; source judgments in group reports
dapagliflozin,targets,targets.auc.target_basis,f_dose_over_cl_systemic_not_literature_auc,internal inventory; source judgments in group reports
dapagliflozin,targets,targets.auc.bioavailability_frac,0.78,internal inventory; source judgments in group reports
dapagliflozin,targets,targets.auc.independent_literature_target,False,internal inventory; source judgments in group reports
dapagliflozin,targets,targets.auc.source_value,CL_systemic_L_per_h_at_70kg,internal inventory; source judgments in group reports
dapagliflozin,targets,targets.auc.role,consistency_check,internal inventory; source judgments in group reports
dapagliflozin,targets,targets.t_half.phase,terminal,internal inventory; source judgments in group reports
dapagliflozin,targets,targets.t_half.value,12.9,internal inventory; source judgments in group reports
dapagliflozin,targets,targets.t_half.unit,h,internal inventory; source judgments in group reports
dapagliflozin,targets,targets.t_half.summary,arithmetic_mean,internal inventory; source judgments in group reports
dapagliflozin,targets,targets.t_half.variability.type,sd,internal inventory; source judgments in group reports
dapagliflozin,targets,targets.t_half.variability.value,1.0,internal inventory; source judgments in group reports
dapagliflozin,targets,targets.t_half.role,check_only,internal inventory; source judgments in group reports
dapagliflozin,targets,targets.t_half.used_to_calibrate_cl_v,False,internal inventory; source judgments in group reports
dapagliflozin,targets,targets.t_half.structural_mismatch.acknowledged,True,internal inventory; source judgments in group reports
dapagliflozin,targets,targets.t_half.structural_mismatch.reason,one_compartment_fixture_approximation,internal inventory; source judgments in group reports
dapagliflozin,targets,provenance_review.status,acknowledged_fixture_limitation,internal inventory; source judgments in group reports
dapagliflozin,targets,provenance_review.reviewer_note,"The FDA CL/V pair is retained as source-reviewed systemic parameters, but the one-compartment fixture is not jointly calibrated to reproduce the oral terminal half-life.",internal inventory; source judgments in group reports
dapagliflozin,targets,provenance_review.reviewed_fields[0],CL,internal inventory; source judgments in group reports
dapagliflozin,targets,provenance_review.reviewed_fields[1],V,internal inventory; source judgments in group reports
dapagliflozin,targets,provenance_review.reviewed_fields[2],t_half,internal inventory; source judgments in group reports
efavirenz,spec,version,0.1,internal inventory; source judgments in group reports
efavirenz,spec,study.id,OSP_efavirenz,internal inventory; source judgments in group reports
efavirenz,spec,population.n,100,internal inventory; source judgments in group reports
efavirenz,spec,population.covariates.wt_kg.dist,lognormal,internal inventory; source judgments in group reports
efavirenz,spec,population.covariates.wt_kg.median,70.0,internal inventory; source judgments in group reports
efavirenz,spec,population.covariates.wt_kg.cv,0.25,internal inventory; source judgments in group reports
efavirenz,spec,population.covariates.wt_kg.min,40,internal inventory; source judgments in group reports
efavirenz,spec,population.covariates.wt_kg.max,120,internal inventory; source judgments in group reports
efavirenz,spec,regimen.route,oral,internal inventory; source judgments in group reports
efavirenz,spec,regimen.units.dose,mg,internal inventory; source judgments in group reports
efavirenz,spec,regimen.arms.A.n,100,internal inventory; source judgments in group reports
efavirenz,spec,regimen.arms.A.dose_mg,100,internal inventory; source judgments in group reports
efavirenz,spec,sampling.t_end_h,72.0,internal inventory; source judgments in group reports
efavirenz,spec,sampling.dt_h,0.5,internal inventory; source judgments in group reports
efavirenz,spec,sampling.include_t0,True,internal inventory; source judgments in group reports
efavirenz,spec,model.template,pk1_oral_ode,internal inventory; source judgments in group reports
efavirenz,spec,model.units.conc,ng/mL,internal inventory; source judgments in group reports
efavirenz,spec,model.units.mult,1000,internal inventory; source judgments in group reports
efavirenz,spec,model.theta.CL,13.9,internal inventory; source judgments in group reports
efavirenz,spec,model.theta.V,1163.1007419646824,internal inventory; source judgments in group reports
efavirenz,spec,model.theta.KA,1.2,internal inventory; source judgments in group reports
efavirenz,spec,model.theta.F1,1.0,internal inventory; source judgments in group reports
efavirenz,spec,model.theta.ALAG1,0.5,internal inventory; source judgments in group reports
efavirenz,spec,iiv.eta.CL,0.09,internal inventory; source judgments in group reports
efavirenz,spec,iiv.eta.V,0.04,internal inventory; source judgments in group reports
efavirenz,spec,iiv.eta.KA,0.16,internal inventory; source judgments in group reports
efavirenz,spec,iiv.corr,False,internal inventory; source judgments in group reports
efavirenz,spec,residual.type,prop+add,internal inventory; source judgments in group reports
efavirenz,spec,residual.prop,0.25,internal inventory; source judgments in group reports
efavirenz,spec,residual.add,0.0,internal inventory; source judgments in group reports
efavirenz,targets,scenario.id,efavirenz_dose100mg_po_single,internal inventory; source judgments in group reports
efavirenz,targets,scenario.route,po,internal inventory; source judgments in group reports
efavirenz,targets,scenario.regimen,single,internal inventory; source judgments in group reports
efavirenz,targets,scenario.dose.value,100.0,internal inventory; source judgments in group reports
efavirenz,targets,scenario.dose.unit,mg,internal inventory; source judgments in group reports
efavirenz,targets,scenario.population.species,human,internal inventory; source judgments in group reports
efavirenz,targets,scenario.population.group,adult_healthy,internal inventory; source judgments in group reports
efavirenz,targets,targets.auc.type,AUC0-inf,internal inventory; source judgments in group reports
efavirenz,targets,targets.auc.value,7194.244604316546,internal inventory; source judgments in group reports
efavirenz,targets,targets.auc.unit,ng*h/mL,internal inventory; source judgments in group reports
efavirenz,targets,targets.auc.summary,geometric_mean,internal inventory; source judgments in group reports
efavirenz,targets,targets.auc.variability.type,gcv_percent,internal inventory; source judgments in group reports
efavirenz,targets,targets.auc.variability.value,35,internal inventory; source judgments in group reports
efavirenz,targets,targets.auc.basis,dose_over_cl,internal inventory; source judgments in group reports
efavirenz,targets,targets.auc.target_basis,dose_over_cl_not_literature_auc,internal inventory; source judgments in group reports
efavirenz,targets,targets.auc.independent_literature_target,False,internal inventory; source judgments in group reports
efavirenz,targets,targets.auc.source_value,CL_abs_L_per_h_at_70kg,internal inventory; source judgments in group reports
efavirenz,targets,targets.auc.role,consistency_check,internal inventory; source judgments in group reports
efavirenz,targets,targets.t_half.phase,terminal,internal inventory; source judgments in group reports
efavirenz,targets,targets.t_half.value,58.0,internal inventory; source judgments in group reports
efavirenz,targets,targets.t_half.unit,h,internal inventory; source judgments in group reports
efavirenz,targets,targets.t_half.summary,arithmetic_mean,internal inventory; source judgments in group reports
efavirenz,targets,targets.t_half.variability.type,sd,internal inventory; source judgments in group reports
efavirenz,targets,targets.t_half.variability.value,1.0,internal inventory; source judgments in group reports
efavirenz,targets,targets.t_half.role,check_only,internal inventory; source judgments in group reports
efavirenz,targets,targets.t_half.used_to_calibrate_cl_v,False,internal inventory; source judgments in group reports
efavirenz,targets,targets.t_half.structural_mismatch.acknowledged,False,internal inventory; source judgments in group reports
efavirenz,targets,targets.t_half.structural_mismatch.reason,,internal inventory; source judgments in group reports
erythromycin,spec,version,0.1,internal inventory; source judgments in group reports
erythromycin,spec,study.id,OSP_erythromycin,internal inventory; source judgments in group reports
erythromycin,spec,population.n,100,internal inventory; source judgments in group reports
erythromycin,spec,population.covariates.wt_kg.dist,lognormal,internal inventory; source judgments in group reports
erythromycin,spec,population.covariates.wt_kg.median,70.0,internal inventory; source judgments in group reports
erythromycin,spec,population.covariates.wt_kg.cv,0.25,internal inventory; source judgments in group reports
erythromycin,spec,population.covariates.wt_kg.min,40,internal inventory; source judgments in group reports
erythromycin,spec,population.covariates.wt_kg.max,120,internal inventory; source judgments in group reports
erythromycin,spec,regimen.route,iv,internal inventory; source judgments in group reports
erythromycin,spec,regimen.units.dose,mg,internal inventory; source judgments in group reports
erythromycin,spec,regimen.arms.A.n,100,internal inventory; source judgments in group reports
erythromycin,spec,regimen.arms.A.dose_mg,125.0,internal inventory; source judgments in group reports
erythromycin,spec,regimen.arms.A.infusion_h,1.0,internal inventory; source judgments in group reports
erythromycin,spec,sampling.t_end_h,72.0,internal inventory; source judgments in group reports
erythromycin,spec,sampling.dt_h,0.5,internal inventory; source judgments in group reports
erythromycin,spec,sampling.include_t0,True,internal inventory; source judgments in group reports
erythromycin,spec,model.template,pk1_iv_ode,internal inventory; source judgments in group reports
erythromycin,spec,model.units.conc,ng/mL,internal inventory; source judgments in group reports
erythromycin,spec,model.units.mult,1000,internal inventory; source judgments in group reports
erythromycin,spec,model.theta.CL,37.1,internal inventory; source judgments in group reports
erythromycin,spec,model.theta.V,123.10516783905524,internal inventory; source judgments in group reports
erythromycin,spec,iiv.eta.CL,0.09,internal inventory; source judgments in group reports
erythromycin,spec,iiv.eta.V,0.04,internal inventory; source judgments in group reports
erythromycin,spec,iiv.corr,False,internal inventory; source judgments in group reports
erythromycin,spec,residual.type,prop+add,internal inventory; source judgments in group reports
erythromycin,spec,residual.prop,0.25,internal inventory; source judgments in group reports
erythromycin,spec,residual.add,0.0,internal inventory; source judgments in group reports
erythromycin,targets,scenario.id,erythromycin_dose125mg_iv_single,internal inventory; source judgments in group reports
erythromycin,targets,scenario.route,iv,internal inventory; source judgments in group reports
erythromycin,targets,scenario.regimen,single,internal inventory; source judgments in group reports
erythromycin,targets,scenario.dose.value,125.0,internal inventory; source judgments in group reports
erythromycin,targets,scenario.dose.unit,mg,internal inventory; source judgments in group reports
erythromycin,targets,scenario.population.species,human,internal inventory; source judgments in group reports
erythromycin,targets,scenario.population.group,adult_healthy,internal inventory; source judgments in group reports
erythromycin,targets,targets.auc.type,AUC0-inf,internal inventory; source judgments in group reports
erythromycin,targets,targets.auc.value,3369.272237196765,internal inventory; source judgments in group reports
erythromycin,targets,targets.auc.unit,ng*h/mL,internal inventory; source judgments in group reports
erythromycin,targets,targets.auc.summary,geometric_mean,internal inventory; source judgments in group reports
erythromycin,targets,targets.auc.variability.type,gcv_percent,internal inventory; source judgments in group reports
erythromycin,targets,targets.auc.variability.value,35,internal inventory; source judgments in group reports
erythromycin,targets,targets.auc.basis,dose_over_cl,internal inventory; source judgments in group reports
erythromycin,targets,targets.auc.target_basis,dose_over_cl_not_literature_auc,internal inventory; source judgments in group reports
erythromycin,targets,targets.auc.independent_literature_target,False,internal inventory; source judgments in group reports
erythromycin,targets,targets.auc.source_value,CL_abs_L_per_h_at_70kg,internal inventory; source judgments in group reports
erythromycin,targets,targets.auc.role,consistency_check,internal inventory; source judgments in group reports
erythromycin,targets,targets.t_half.phase,terminal,internal inventory; source judgments in group reports
erythromycin,targets,targets.t_half.value,2.3,internal inventory; source judgments in group reports
erythromycin,targets,targets.t_half.unit,h,internal inventory; source judgments in group reports
erythromycin,targets,targets.t_half.summary,arithmetic_mean,internal inventory; source judgments in group reports
erythromycin,targets,targets.t_half.variability.type,sd,internal inventory; source judgments in group reports
erythromycin,targets,targets.t_half.variability.value,1.0,internal inventory; source judgments in group reports
erythromycin,targets,targets.t_half.role,check_only,internal inventory; source judgments in group reports
erythromycin,targets,targets.t_half.used_to_calibrate_cl_v,False,internal inventory; source judgments in group reports
erythromycin,targets,targets.t_half.structural_mismatch.acknowledged,False,internal inventory; source judgments in group reports
erythromycin,targets,targets.t_half.structural_mismatch.reason,,internal inventory; source judgments in group reports
ethinylestradiol,spec,version,0.1,internal inventory; source judgments in group reports
ethinylestradiol,spec,study.id,OSP_ethinylestradiol,internal inventory; source judgments in group reports
ethinylestradiol,spec,population.n,100,internal inventory; source judgments in group reports
ethinylestradiol,spec,population.covariates.wt_kg.dist,lognormal,internal inventory; source judgments in group reports
ethinylestradiol,spec,population.covariates.wt_kg.median,70.0,internal inventory; source judgments in group reports
ethinylestradiol,spec,population.covariates.wt_kg.cv,0.25,internal inventory; source judgments in group reports
ethinylestradiol,spec,population.covariates.wt_kg.min,40,internal inventory; source judgments in group reports
ethinylestradiol,spec,population.covariates.wt_kg.max,120,internal inventory; source judgments in group reports
ethinylestradiol,spec,regimen.route,oral,internal inventory; source judgments in group reports
ethinylestradiol,spec,regimen.units.dose,mg,internal inventory; source judgments in group reports
ethinylestradiol,spec,regimen.arms.A.n,100,internal inventory; source judgments in group reports
ethinylestradiol,spec,regimen.arms.A.dose_mg,100,internal inventory; source judgments in group reports
ethinylestradiol,spec,sampling.t_end_h,72.0,internal inventory; source judgments in group reports
ethinylestradiol,spec,sampling.dt_h,0.5,internal inventory; source judgments in group reports
ethinylestradiol,spec,sampling.include_t0,True,internal inventory; source judgments in group reports
ethinylestradiol,spec,model.template,pk1_oral_ode,internal inventory; source judgments in group reports
ethinylestradiol,spec,model.units.conc,ng/mL,internal inventory; source judgments in group reports
ethinylestradiol,spec,model.units.mult,1000,internal inventory; source judgments in group reports
ethinylestradiol,spec,model.theta.CL,25.7,internal inventory; source judgments in group reports
ethinylestradiol,spec,model.theta.V,632.1673264919305,internal inventory; source judgments in group reports
ethinylestradiol,spec,model.theta.KA,1.2,internal inventory; source judgments in group reports
ethinylestradiol,spec,model.theta.F1,1.0,internal inventory; source judgments in group reports
ethinylestradiol,spec,model.theta.ALAG1,0.5,internal inventory; source judgments in group reports
ethinylestradiol,spec,iiv.eta.CL,0.09,internal inventory; source judgments in group reports
ethinylestradiol,spec,iiv.eta.V,0.04,internal inventory; source judgments in group reports
ethinylestradiol,spec,iiv.eta.KA,0.16,internal inventory; source judgments in group reports
ethinylestradiol,spec,iiv.corr,False,internal inventory; source judgments in group reports
ethinylestradiol,spec,residual.type,prop+add,internal inventory; source judgments in group reports
ethinylestradiol,spec,residual.prop,0.25,internal inventory; source judgments in group reports
ethinylestradiol,spec,residual.add,0.0,internal inventory; source judgments in group reports
ethinylestradiol,targets,scenario.id,ethinylestradiol_dose100mg_po_single,internal inventory; source judgments in group reports
ethinylestradiol,targets,scenario.route,po,internal inventory; source judgments in group reports
ethinylestradiol,targets,scenario.regimen,single,internal inventory; source judgments in group reports
ethinylestradiol,targets,scenario.dose.value,100.0,internal inventory; source judgments in group reports
ethinylestradiol,targets,scenario.dose.unit,mg,internal inventory; source judgments in group reports
ethinylestradiol,targets,scenario.population.species,human,internal inventory; source judgments in group reports
ethinylestradiol,targets,scenario.population.group,adult_healthy,internal inventory; source judgments in group reports
ethinylestradiol,targets,targets.auc.type,AUC0-inf,internal inventory; source judgments in group reports
ethinylestradiol,targets,targets.auc.value,3891.0505836575876,internal inventory; source judgments in group reports
ethinylestradiol,targets,targets.auc.unit,ng*h/mL,internal inventory; source judgments in group reports
ethinylestradiol,targets,targets.auc.summary,geometric_mean,internal inventory; source judgments in group reports
ethinylestradiol,targets,targets.auc.variability.type,gcv_percent,internal inventory; source judgments in group reports
ethinylestradiol,targets,targets.auc.variability.value,35,internal inventory; source judgments in group reports
ethinylestradiol,targets,targets.auc.basis,dose_over_cl,internal inventory; source judgments in group reports
ethinylestradiol,targets,targets.auc.target_basis,dose_over_cl_not_literature_auc,internal inventory; source judgments in group reports
ethinylestradiol,targets,targets.auc.independent_literature_target,False,internal inventory; source judgments in group reports
ethinylestradiol,targets,targets.auc.source_value,CL_abs_L_per_h_at_70kg,internal inventory; source judgments in group reports
ethinylestradiol,targets,targets.auc.role,consistency_check,internal inventory; source judgments in group reports
ethinylestradiol,targets,targets.t_half.phase,terminal,internal inventory; source judgments in group reports
ethinylestradiol,targets,targets.t_half.value,17.05,internal inventory; source judgments in group reports
ethinylestradiol,targets,targets.t_half.unit,h,internal inventory; source judgments in group reports
ethinylestradiol,targets,targets.t_half.summary,arithmetic_mean,internal inventory; source judgments in group reports
ethinylestradiol,targets,targets.t_half.variability.type,sd,internal inventory; source judgments in group reports
ethinylestradiol,targets,targets.t_half.variability.value,1.0,internal inventory; source judgments in group reports
ethinylestradiol,targets,targets.t_half.role,check_only,internal inventory; source judgments in group reports
ethinylestradiol,targets,targets.t_half.used_to_calibrate_cl_v,False,internal inventory; source judgments in group reports
ethinylestradiol,targets,targets.t_half.structural_mismatch.acknowledged,False,internal inventory; source judgments in group reports
ethinylestradiol,targets,targets.t_half.structural_mismatch.reason,,internal inventory; source judgments in group reports
felodipine,spec,version,0.1,internal inventory; source judgments in group reports
felodipine,spec,study.id,OSP_felodipine,internal inventory; source judgments in group reports
felodipine,spec,population.n,100,internal inventory; source judgments in group reports
felodipine,spec,population.covariates.wt_kg.dist,lognormal,internal inventory; source judgments in group reports
felodipine,spec,population.covariates.wt_kg.median,70.0,internal inventory; source judgments in group reports
felodipine,spec,population.covariates.wt_kg.cv,0.25,internal inventory; source judgments in group reports
felodipine,spec,population.covariates.wt_kg.min,40,internal inventory; source judgments in group reports
felodipine,spec,population.covariates.wt_kg.max,120,internal inventory; source judgments in group reports
felodipine,spec,regimen.route,oral,internal inventory; source judgments in group reports
felodipine,spec,regimen.units.dose,mg,internal inventory; source judgments in group reports
felodipine,spec,regimen.arms.A.n,100,internal inventory; source judgments in group reports
felodipine,spec,regimen.arms.A.dose_mg,100,internal inventory; source judgments in group reports
felodipine,spec,sampling.t_end_h,147.0,internal inventory; source judgments in group reports
felodipine,spec,sampling.dt_h,0.5,internal inventory; source judgments in group reports
felodipine,spec,sampling.include_t0,True,internal inventory; source judgments in group reports
felodipine,spec,model.template,pk1_oral_ode,internal inventory; source judgments in group reports
felodipine,spec,model.units.conc,ng/mL,internal inventory; source judgments in group reports
felodipine,spec,model.units.mult,1000,internal inventory; source judgments in group reports
felodipine,spec,model.theta.CL,90.0,internal inventory; source judgments in group reports
felodipine,spec,model.theta.V,700.0,internal inventory; source judgments in group reports
felodipine,spec,model.theta.KA,1.2,internal inventory; source judgments in group reports
felodipine,spec,model.theta.F1,0.15,internal inventory; source judgments in group reports
felodipine,spec,model.theta.ALAG1,0.5,internal inventory; source judgments in group reports
felodipine,spec,iiv.eta.CL,0.09,internal inventory; source judgments in group reports
felodipine,spec,iiv.eta.V,0.04,internal inventory; source judgments in group reports
felodipine,spec,iiv.eta.KA,0.16,internal inventory; source judgments in group reports
felodipine,spec,iiv.corr,False,internal inventory; source judgments in group reports
felodipine,spec,residual.type,prop+add,internal inventory; source judgments in group reports
felodipine,spec,residual.prop,0.25,internal inventory; source judgments in group reports
felodipine,spec,residual.add,0.0,internal inventory; source judgments in group reports
felodipine,targets,scenario.id,felodipine_dose100mg_po_single,internal inventory; source judgments in group reports
felodipine,targets,scenario.route,po,internal inventory; source judgments in group reports
felodipine,targets,scenario.regimen,single,internal inventory; source judgments in group reports
felodipine,targets,scenario.dose.value,100.0,internal inventory; source judgments in group reports
felodipine,targets,scenario.dose.unit,mg,internal inventory; source judgments in group reports
felodipine,targets,scenario.population.species,human,internal inventory; source judgments in group reports
felodipine,targets,scenario.population.group,adult_healthy,internal inventory; source judgments in group reports
felodipine,targets,targets.auc.type,AUC0-inf,internal inventory; source judgments in group reports
felodipine,targets,targets.auc.value,166.66666666666666,internal inventory; source judgments in group reports
felodipine,targets,targets.auc.unit,ng*h/mL,internal inventory; source judgments in group reports
felodipine,targets,targets.auc.summary,fixture_consistency_check,internal inventory; source judgments in group reports
felodipine,targets,targets.auc.variability.type,gcv_percent,internal inventory; source judgments in group reports
felodipine,targets,targets.auc.variability.value,35,internal inventory; source judgments in group reports
felodipine,targets,targets.auc.basis,f_dose_over_cl,internal inventory; source judgments in group reports
felodipine,targets,targets.auc.target_basis,f_dose_over_cl_systemic_not_literature_auc,internal inventory; source judgments in group reports
felodipine,targets,targets.auc.independent_literature_target,False,internal inventory; source judgments in group reports
felodipine,targets,targets.auc.source_value,CL_systemic_L_per_h_at_70kg,internal inventory; source judgments in group reports
felodipine,targets,targets.auc.bioavailability_frac,0.15,internal inventory; source judgments in group reports
felodipine,targets,targets.auc.role,consistency_check,internal inventory; source judgments in group reports
felodipine,targets,targets.t_half.phase,terminal,internal inventory; source judgments in group reports
felodipine,targets,targets.t_half.value,24.5,internal inventory; source judgments in group reports
felodipine,targets,targets.t_half.unit,h,internal inventory; source judgments in group reports
felodipine,targets,targets.t_half.summary,arithmetic_mean,internal inventory; source judgments in group reports
felodipine,targets,targets.t_half.variability.type,sd,internal inventory; source judgments in group reports
felodipine,targets,targets.t_half.variability.value,6.125,internal inventory; source judgments in group reports
felodipine,targets,targets.t_half.role,check_only,internal inventory; source judgments in group reports
felodipine,targets,targets.t_half.used_to_calibrate_cl_v,False,internal inventory; source judgments in group reports
felodipine,targets,targets.t_half.structural_mismatch.acknowledged,True,internal inventory; source judgments in group reports
felodipine,targets,targets.t_half.structural_mismatch.reason,one_compartment_fixture_approximation,internal inventory; source judgments in group reports
felodipine,targets,provenance_review.status,acknowledged_fixture_limitation,internal inventory; source judgments in group reports
felodipine,targets,provenance_review.reviewer_note,t_half is retained as a check target only. CL/V are used for one-compartment fixture generation and are not jointly calibrated to match literature terminal half-life.,internal inventory; source judgments in group reports
felodipine,targets,provenance_review.reviewed_fields[0],CL,internal inventory; source judgments in group reports
felodipine,targets,provenance_review.reviewed_fields[1],V,internal inventory; source judgments in group reports
felodipine,targets,provenance_review.reviewed_fields[2],t_half,internal inventory; source judgments in group reports
fluconazole,spec,version,0.1,internal inventory; source judgments in group reports
fluconazole,spec,study.id,OSP_fluconazole,internal inventory; source judgments in group reports
fluconazole,spec,population.n,100,internal inventory; source judgments in group reports
fluconazole,spec,population.covariates.wt_kg.dist,lognormal,internal inventory; source judgments in group reports
fluconazole,spec,population.covariates.wt_kg.median,70.0,internal inventory; source judgments in group reports
fluconazole,spec,population.covariates.wt_kg.cv,0.25,internal inventory; source judgments in group reports
fluconazole,spec,population.covariates.wt_kg.min,40,internal inventory; source judgments in group reports
fluconazole,spec,population.covariates.wt_kg.max,120,internal inventory; source judgments in group reports
fluconazole,spec,regimen.route,iv,internal inventory; source judgments in group reports
fluconazole,spec,regimen.units.dose,mg,internal inventory; source judgments in group reports
fluconazole,spec,regimen.arms.A.n,100,internal inventory; source judgments in group reports
fluconazole,spec,regimen.arms.A.dose_mg,200.0,internal inventory; source judgments in group reports
fluconazole,spec,regimen.arms.A.infusion_h,1.0,internal inventory; source judgments in group reports
fluconazole,spec,sampling.t_end_h,72.0,internal inventory; source judgments in group reports
fluconazole,spec,sampling.dt_h,0.5,internal inventory; source judgments in group reports
fluconazole,spec,sampling.include_t0,True,internal inventory; source judgments in group reports
fluconazole,spec,model.template,pk1_iv_ode,internal inventory; source judgments in group reports
fluconazole,spec,model.units.conc,ng/mL,internal inventory; source judgments in group reports
fluconazole,spec,model.units.mult,1000,internal inventory; source judgments in group reports
fluconazole,spec,model.theta.CL,0.966,internal inventory; source judgments in group reports
fluconazole,spec,model.theta.V,41.80930228496216,internal inventory; source judgments in group reports
fluconazole,spec,iiv.eta.CL,0.09,internal inventory; source judgments in group reports
fluconazole,spec,iiv.eta.V,0.04,internal inventory; source judgments in group reports
fluconazole,spec,iiv.corr,False,internal inventory; source judgments in group reports
fluconazole,spec,residual.type,prop+add,internal inventory; source judgments in group reports
fluconazole,spec,residual.prop,0.25,internal inventory; source judgments in group reports
fluconazole,spec,residual.add,0.0,internal inventory; source judgments in group reports
fluconazole,targets,scenario.id,fluconazole_dose200mg_iv_single,internal inventory; source judgments in group reports
fluconazole,targets,scenario.route,iv,internal inventory; source judgments in group reports
fluconazole,targets,scenario.regimen,single,internal inventory; source judgments in group reports
fluconazole,targets,scenario.dose.value,200.0,internal inventory; source judgments in group reports
fluconazole,targets,scenario.dose.unit,mg,internal inventory; source judgments in group reports
fluconazole,targets,scenario.population.species,human,internal inventory; source judgments in group reports
fluconazole,targets,scenario.population.group,adult_healthy,internal inventory; source judgments in group reports
fluconazole,targets,targets.auc.type,AUC0-inf,internal inventory; source judgments in group reports
fluconazole,targets,targets.auc.value,207039.33747412008,internal inventory; source judgments in group reports
fluconazole,targets,targets.auc.unit,ng*h/mL,internal inventory; source judgments in group reports
fluconazole,targets,targets.auc.summary,geometric_mean,internal inventory; source judgments in group reports
fluconazole,targets,targets.auc.variability.type,gcv_percent,internal inventory; source judgments in group reports
fluconazole,targets,targets.auc.variability.value,35,internal inventory; source judgments in group reports
fluconazole,targets,targets.auc.basis,dose_over_cl,internal inventory; source judgments in group reports
fluconazole,targets,targets.auc.target_basis,dose_over_cl_not_literature_auc,internal inventory; source judgments in group reports
fluconazole,targets,targets.auc.independent_literature_target,False,internal inventory; source judgments in group reports
fluconazole,targets,targets.auc.source_value,CL_abs_L_per_h_at_70kg,internal inventory; source judgments in group reports
fluconazole,targets,targets.auc.role,consistency_check,internal inventory; source judgments in group reports
fluconazole,targets,targets.t_half.phase,terminal,internal inventory; source judgments in group reports
fluconazole,targets,targets.t_half.value,30.0,internal inventory; source judgments in group reports
fluconazole,targets,targets.t_half.unit,h,internal inventory; source judgments in group reports
fluconazole,targets,targets.t_half.summary,arithmetic_mean,internal inventory; source judgments in group reports
fluconazole,targets,targets.t_half.variability.type,sd,internal inventory; source judgments in group reports
fluconazole,targets,targets.t_half.variability.value,1.0,internal inventory; source judgments in group reports
fluconazole,targets,targets.t_half.role,check_only,internal inventory; source judgments in group reports
fluconazole,targets,targets.t_half.used_to_calibrate_cl_v,False,internal inventory; source judgments in group reports
fluconazole,targets,targets.t_half.structural_mismatch.acknowledged,False,internal inventory; source judgments in group reports
fluconazole,targets,targets.t_half.structural_mismatch.reason,,internal inventory; source judgments in group reports
fluvoxamine,spec,version,0.1,internal inventory; source judgments in group reports
fluvoxamine,spec,study.id,OSP_fluvoxamine,internal inventory; source judgments in group reports
fluvoxamine,spec,population.n,100,internal inventory; source judgments in group reports
fluvoxamine,spec,population.covariates.wt_kg.dist,lognormal,internal inventory; source judgments in group reports
fluvoxamine,spec,population.covariates.wt_kg.median,70.0,internal inventory; source judgments in group reports
fluvoxamine,spec,population.covariates.wt_kg.cv,0.25,internal inventory; source judgments in group reports
fluvoxamine,spec,population.covariates.wt_kg.min,40,internal inventory; source judgments in group reports
fluvoxamine,spec,population.covariates.wt_kg.max,120,internal inventory; source judgments in group reports
fluvoxamine,spec,regimen.route,oral,internal inventory; source judgments in group reports
fluvoxamine,spec,regimen.units.dose,mg,internal inventory; source judgments in group reports
fluvoxamine,spec,regimen.arms.A.n,100,internal inventory; source judgments in group reports
fluvoxamine,spec,regimen.arms.A.dose_mg,100,internal inventory; source judgments in group reports
fluvoxamine,spec,sampling.t_end_h,72.0,internal inventory; source judgments in group reports
fluvoxamine,spec,sampling.dt_h,0.5,internal inventory; source judgments in group reports
fluvoxamine,spec,sampling.include_t0,True,internal inventory; source judgments in group reports
fluvoxamine,spec,model.template,pk1_oral_ode,internal inventory; source judgments in group reports
fluvoxamine,spec,model.units.conc,ng/mL,internal inventory; source judgments in group reports
fluvoxamine,spec,model.units.mult,1000,internal inventory; source judgments in group reports
fluvoxamine,spec,model.theta.CL,65.56797653945428,internal inventory; source judgments in group reports
fluvoxamine,spec,model.theta.V,1750.0,internal inventory; source judgments in group reports
fluvoxamine,spec,model.theta.KA,1.2,internal inventory; source judgments in group reports
fluvoxamine,spec,model.theta.F1,1.0,internal inventory; source judgments in group reports
fluvoxamine,spec,model.theta.ALAG1,0.5,internal inventory; source judgments in group reports
fluvoxamine,spec,iiv.eta.CL,0.09,internal inventory; source judgments in group reports
fluvoxamine,spec,iiv.eta.V,0.04,internal inventory; source judgments in group reports
fluvoxamine,spec,iiv.eta.KA,0.16,internal inventory; source judgments in group reports
fluvoxamine,spec,iiv.corr,False,internal inventory; source judgments in group reports
fluvoxamine,spec,residual.type,prop+add,internal inventory; source judgments in group reports
fluvoxamine,spec,residual.prop,0.25,internal inventory; source judgments in group reports
fluvoxamine,spec,residual.add,0.0,internal inventory; source judgments in group reports
fluvoxamine,targets,scenario.id,fluvoxamine_dose100mg_po_single,internal inventory; source judgments in group reports
fluvoxamine,targets,scenario.route,po,internal inventory; source judgments in group reports
fluvoxamine,targets,scenario.regimen,single,internal inventory; source judgments in group reports
fluvoxamine,targets,scenario.dose.value,100.0,internal inventory; source judgments in group reports
fluvoxamine,targets,scenario.dose.unit,mg,internal inventory; source judgments in group reports
fluvoxamine,targets,scenario.population.species,human,internal inventory; source judgments in group reports
fluvoxamine,targets,scenario.population.group,adult_healthy,internal inventory; source judgments in group reports
fluvoxamine,targets,targets.auc.type,AUC0-inf,internal inventory; source judgments in group reports
fluvoxamine,targets,targets.auc.value,1525.1347575111902,internal inventory; source judgments in group reports
fluvoxamine,targets,targets.auc.unit,ng*h/mL,internal inventory; source judgments in group reports
fluvoxamine,targets,targets.auc.summary,geometric_mean,internal inventory; source judgments in group reports
fluvoxamine,targets,targets.auc.variability.type,gcv_percent,internal inventory; source judgments in group reports
fluvoxamine,targets,targets.auc.variability.value,35,internal inventory; source judgments in group reports
fluvoxamine,targets,targets.auc.basis,dose_over_cl,internal inventory; source judgments in group reports
fluvoxamine,targets,targets.auc.target_basis,dose_over_cl_not_literature_auc,internal inventory; source judgments in group reports
fluvoxamine,targets,targets.auc.independent_literature_target,False,internal inventory; source judgments in group reports
fluvoxamine,targets,targets.auc.source_value,CL_abs_L_per_h_at_70kg,internal inventory; source judgments in group reports
fluvoxamine,targets,targets.auc.role,consistency_check,internal inventory; source judgments in group reports
fluvoxamine,targets,targets.t_half.phase,terminal,internal inventory; source judgments in group reports
fluvoxamine,targets,targets.t_half.value,18.5,internal inventory; source judgments in group reports
fluvoxamine,targets,targets.t_half.unit,h,internal inventory; source judgments in group reports
fluvoxamine,targets,targets.t_half.summary,arithmetic_mean,internal inventory; source judgments in group reports
fluvoxamine,targets,targets.t_half.variability.type,sd,internal inventory; source judgments in group reports
fluvoxamine,targets,targets.t_half.variability.value,1.0,internal inventory; source judgments in group reports
fluvoxamine,targets,targets.t_half.role,check_only,internal inventory; source judgments in group reports
fluvoxamine,targets,targets.t_half.used_to_calibrate_cl_v,False,internal inventory; source judgments in group reports
fluvoxamine,targets,targets.t_half.structural_mismatch.acknowledged,False,internal inventory; source judgments in group reports
fluvoxamine,targets,targets.t_half.structural_mismatch.reason,,internal inventory; source judgments in group reports
inulin,spec,version,0.1,internal inventory; source judgments in group reports
inulin,spec,study.id,OSP_inulin,internal inventory; source judgments in group reports
inulin,spec,population.n,100,internal inventory; source judgments in group reports
inulin,spec,population.covariates.wt_kg.dist,lognormal,internal inventory; source judgments in group reports
inulin,spec,population.covariates.wt_kg.median,70.0,internal inventory; source judgments in group reports
inulin,spec,population.covariates.wt_kg.cv,0.25,internal inventory; source judgments in group reports
inulin,spec,population.covariates.wt_kg.min,40,internal inventory; source judgments in group reports
inulin,spec,population.covariates.wt_kg.max,120,internal inventory; source judgments in group reports
inulin,spec,regimen.route,iv_bolus,internal inventory; source judgments in group reports
inulin,spec,regimen.units.dose,mg,internal inventory; source judgments in group reports
inulin,spec,regimen.arms.A.n,100,internal inventory; source judgments in group reports
inulin,spec,regimen.arms.A.dose_mg,100,internal inventory; source judgments in group reports
inulin,spec,sampling.t_end_h,72.0,internal inventory; source judgments in group reports
inulin,spec,sampling.dt_h,0.5,internal inventory; source judgments in group reports
inulin,spec,sampling.include_t0,True,internal inventory; source judgments in group reports
inulin,spec,model.template,pk1_iv_ode,internal inventory; source judgments in group reports
inulin,spec,model.units.conc,ng/mL,internal inventory; source judgments in group reports
inulin,spec,model.units.mult,1000,internal inventory; source judgments in group reports
inulin,spec,model.theta.CL,5.61,internal inventory; source judgments in group reports
inulin,spec,model.theta.V,13.0,internal inventory; source judgments in group reports
inulin,spec,iiv.eta.CL,0.09,internal inventory; source judgments in group reports
inulin,spec,iiv.eta.V,0.04,internal inventory; source judgments in group reports
inulin,spec,iiv.corr,False,internal inventory; source judgments in group reports
inulin,spec,residual.type,prop+add,internal inventory; source judgments in group reports
inulin,spec,residual.prop,0.25,internal inventory; source judgments in group reports
inulin,spec,residual.add,0.0,internal inventory; source judgments in group reports
inulin,targets,scenario.id,inulin_dose100mg_iv_single,internal inventory; source judgments in group reports
inulin,targets,scenario.route,iv,internal inventory; source judgments in group reports
inulin,targets,scenario.regimen,single,internal inventory; source judgments in group reports
inulin,targets,scenario.dose.value,100.0,internal inventory; source judgments in group reports
inulin,targets,scenario.dose.unit,mg,internal inventory; source judgments in group reports
inulin,targets,scenario.population.species,human,internal inventory; source judgments in group reports
inulin,targets,scenario.population.group,adult_healthy,internal inventory; source judgments in group reports
inulin,targets,targets.auc.type,AUC0-inf,internal inventory; source judgments in group reports
inulin,targets,targets.auc.value,17825.311942959,internal inventory; source judgments in group reports
inulin,targets,targets.auc.unit,ng*h/mL,internal inventory; source judgments in group reports
inulin,targets,targets.auc.summary,geometric_mean,internal inventory; source judgments in group reports
inulin,targets,targets.auc.variability.type,gcv_percent,internal inventory; source judgments in group reports
inulin,targets,targets.auc.variability.value,35,internal inventory; source judgments in group reports
inulin,targets,targets.auc.basis,dose_over_cl,internal inventory; source judgments in group reports
inulin,targets,targets.auc.target_basis,dose_over_cl_not_literature_auc,internal inventory; source judgments in group reports
inulin,targets,targets.auc.independent_literature_target,False,internal inventory; source judgments in group reports
inulin,targets,targets.auc.source_value,CL_abs_L_per_h_at_70kg,internal inventory; source judgments in group reports
inulin,targets,targets.auc.role,consistency_check,internal inventory; source judgments in group reports
inulin,targets,targets.t_half.phase,terminal,internal inventory; source judgments in group reports
inulin,targets,targets.t_half.value,1.6062234130622617,internal inventory; source judgments in group reports
inulin,targets,targets.t_half.unit,h,internal inventory; source judgments in group reports
inulin,targets,targets.t_half.summary,arithmetic_mean,internal inventory; source judgments in group reports
inulin,targets,targets.t_half.variability.type,sd,internal inventory; source judgments in group reports
inulin,targets,targets.t_half.variability.value,1.0,internal inventory; source judgments in group reports
inulin,targets,targets.t_half.role,check_only,internal inventory; source judgments in group reports
inulin,targets,targets.t_half.used_to_calibrate_cl_v,False,internal inventory; source judgments in group reports
inulin,targets,targets.t_half.structural_mismatch.acknowledged,True,internal inventory; source judgments in group reports
inulin,targets,targets.t_half.structural_mismatch.reason,one_compartment_fixture_approximation,internal inventory; source judgments in group reports
inulin,targets,provenance_review.status,acknowledged_fixture_limitation,internal inventory; source judgments in group reports
inulin,targets,provenance_review.reviewer_note,t_half is retained as a check target only. CL/V are used for one-compartment fixture generation and are not jointly calibrated to match literature terminal half-life.,internal inventory; source judgments in group reports
inulin,targets,provenance_review.reviewed_fields[0],CL,internal inventory; source judgments in group reports
inulin,targets,provenance_review.reviewed_fields[1],V,internal inventory; source judgments in group reports
inulin,targets,provenance_review.reviewed_fields[2],t_half,internal inventory; source judgments in group reports
itraconazole,spec,version,0.1,internal inventory; source judgments in group reports
itraconazole,spec,study.id,OSP_itraconazole,internal inventory; source judgments in group reports
itraconazole,spec,population.n,100,internal inventory; source judgments in group reports
itraconazole,spec,population.covariates.wt_kg.dist,lognormal,internal inventory; source judgments in group reports
itraconazole,spec,population.covariates.wt_kg.median,70.0,internal inventory; source judgments in group reports
itraconazole,spec,population.covariates.wt_kg.cv,0.25,internal inventory; source judgments in group reports
itraconazole,spec,population.covariates.wt_kg.min,40,internal inventory; source judgments in group reports
itraconazole,spec,population.covariates.wt_kg.max,120,internal inventory; source judgments in group reports
itraconazole,spec,regimen.route,oral,internal inventory; source judgments in group reports
itraconazole,spec,regimen.units.dose,mg,internal inventory; source judgments in group reports
itraconazole,spec,regimen.arms.A.n,100,internal inventory; source judgments in group reports
itraconazole,spec,regimen.arms.A.dose_mg,100,internal inventory; source judgments in group reports
itraconazole,spec,sampling.t_end_h,132.0,internal inventory; source judgments in group reports
itraconazole,spec,sampling.dt_h,0.5,internal inventory; source judgments in group reports
itraconazole,spec,sampling.include_t0,True,internal inventory; source judgments in group reports
itraconazole,spec,model.template,pk1_oral_ode,internal inventory; source judgments in group reports
itraconazole,spec,model.units.conc,ng/mL,internal inventory; source judgments in group reports
itraconazole,spec,model.units.mult,1000,internal inventory; source judgments in group reports
itraconazole,spec,model.theta.CL,16.68,internal inventory; source judgments in group reports
itraconazole,spec,model.theta.V,700.0,internal inventory; source judgments in group reports
itraconazole,spec,model.theta.KA,1.2,internal inventory; source judgments in group reports
itraconazole,spec,model.theta.F1,0.55,internal inventory; source judgments in group reports
itraconazole,spec,model.theta.ALAG1,0.5,internal inventory; source judgments in group reports
itraconazole,spec,iiv.eta.CL,0.09,internal inventory; source judgments in group reports
itraconazole,spec,iiv.eta.V,0.04,internal inventory; source judgments in group reports
itraconazole,spec,iiv.eta.KA,0.16,internal inventory; source judgments in group reports
itraconazole,spec,iiv.corr,False,internal inventory; source judgments in group reports
itraconazole,spec,residual.type,prop+add,internal inventory; source judgments in group reports
itraconazole,spec,residual.prop,0.25,internal inventory; source judgments in group reports
itraconazole,spec,residual.add,0.0,internal inventory; source judgments in group reports
itraconazole,targets,scenario.id,itraconazole_dose100mg_po_single,internal inventory; source judgments in group reports
itraconazole,targets,scenario.route,po,internal inventory; source judgments in group reports
itraconazole,targets,scenario.regimen,single,internal inventory; source judgments in group reports
itraconazole,targets,scenario.dose.value,100.0,internal inventory; source judgments in group reports
itraconazole,targets,scenario.dose.unit,mg,internal inventory; source judgments in group reports
itraconazole,targets,scenario.population.species,human,internal inventory; source judgments in group reports
itraconazole,targets,scenario.population.group,adult_healthy,internal inventory; source judgments in group reports
itraconazole,targets,targets.auc.type,AUC0-inf,internal inventory; source judgments in group reports
itraconazole,targets,targets.auc.value,3297.3621103117507,internal inventory; source judgments in group reports
itraconazole,targets,targets.auc.unit,ng*h/mL,internal inventory; source judgments in group reports
itraconazole,targets,targets.auc.summary,fixture_consistency_check,internal inventory; source judgments in group reports
itraconazole,targets,targets.auc.variability.type,gcv_percent,internal inventory; source judgments in group reports
itraconazole,targets,targets.auc.variability.value,35,internal inventory; source judgments in group reports
itraconazole,targets,targets.auc.basis,f_dose_over_cl,internal inventory; source judgments in group reports
itraconazole,targets,targets.auc.target_basis,f_dose_over_cl_systemic_not_literature_auc,internal inventory; source judgments in group reports
itraconazole,targets,targets.auc.independent_literature_target,False,internal inventory; source judgments in group reports
itraconazole,targets,targets.auc.source_value,CL_systemic_L_per_h_at_70kg,internal inventory; source judgments in group reports
itraconazole,targets,targets.auc.bioavailability_frac,0.55,internal inventory; source judgments in group reports
itraconazole,targets,targets.auc.role,consistency_check,internal inventory; source judgments in group reports
itraconazole,targets,targets.t_half.phase,terminal,internal inventory; source judgments in group reports
itraconazole,targets,targets.t_half.value,22.0,internal inventory; source judgments in group reports
itraconazole,targets,targets.t_half.unit,h,internal inventory; source judgments in group reports
itraconazole,targets,targets.t_half.summary,arithmetic_mean,internal inventory; source judgments in group reports
itraconazole,targets,targets.t_half.variability.type,sd,internal inventory; source judgments in group reports
itraconazole,targets,targets.t_half.variability.value,5.5,internal inventory; source judgments in group reports
itraconazole,targets,targets.t_half.role,check_only,internal inventory; source judgments in group reports
itraconazole,targets,targets.t_half.used_to_calibrate_cl_v,False,internal inventory; source judgments in group reports
itraconazole,targets,targets.t_half.structural_mismatch.acknowledged,True,internal inventory; source judgments in group reports
itraconazole,targets,targets.t_half.structural_mismatch.reason,one_compartment_fixture_approximation,internal inventory; source judgments in group reports
itraconazole,targets,provenance_review.status,acknowledged_fixture_limitation,internal inventory; source judgments in group reports
itraconazole,targets,provenance_review.reviewer_note,t_half is retained as a check target only. CL/V are used for one-compartment fixture generation and are not jointly calibrated to match literature terminal half-life.,internal inventory; source judgments in group reports
itraconazole,targets,provenance_review.reviewed_fields[0],CL,internal inventory; source judgments in group reports
itraconazole,targets,provenance_review.reviewed_fields[1],V,internal inventory; source judgments in group reports
itraconazole,targets,provenance_review.reviewed_fields[2],t_half,internal inventory; source judgments in group reports
mefenamic_acid,spec,version,0.1,internal inventory; source judgments in group reports
mefenamic_acid,spec,study.id,OSP_mefenamic_acid,internal inventory; source judgments in group reports
mefenamic_acid,spec,population.n,100,internal inventory; source judgments in group reports
mefenamic_acid,spec,population.covariates.wt_kg.dist,lognormal,internal inventory; source judgments in group reports
mefenamic_acid,spec,population.covariates.wt_kg.median,70.0,internal inventory; source judgments in group reports
mefenamic_acid,spec,population.covariates.wt_kg.cv,0.25,internal inventory; source judgments in group reports
mefenamic_acid,spec,population.covariates.wt_kg.min,40,internal inventory; source judgments in group reports
mefenamic_acid,spec,population.covariates.wt_kg.max,120,internal inventory; source judgments in group reports
mefenamic_acid,spec,regimen.route,oral,internal inventory; source judgments in group reports
mefenamic_acid,spec,regimen.units.dose,mg,internal inventory; source judgments in group reports
mefenamic_acid,spec,regimen.arms.A.n,100,internal inventory; source judgments in group reports
mefenamic_acid,spec,regimen.arms.A.dose_mg,100,internal inventory; source judgments in group reports
mefenamic_acid,spec,sampling.t_end_h,72.0,internal inventory; source judgments in group reports
mefenamic_acid,spec,sampling.dt_h,0.5,internal inventory; source judgments in group reports
mefenamic_acid,spec,sampling.include_t0,True,internal inventory; source judgments in group reports
mefenamic_acid,spec,model.template,pk1_oral_ode,internal inventory; source judgments in group reports
mefenamic_acid,spec,model.units.conc,ng/mL,internal inventory; source judgments in group reports
mefenamic_acid,spec,model.units.mult,1000,internal inventory; source judgments in group reports
mefenamic_acid,spec,model.theta.CL,21.13,internal inventory; source judgments in group reports
mefenamic_acid,spec,model.theta.V,74.2,internal inventory; source judgments in group reports
mefenamic_acid,spec,model.theta.KA,1.2,internal inventory; source judgments in group reports
mefenamic_acid,spec,model.theta.F1,1.0,internal inventory; source judgments in group reports
mefenamic_acid,spec,model.theta.ALAG1,0.5,internal inventory; source judgments in group reports
mefenamic_acid,spec,iiv.eta.CL,0.09,internal inventory; source judgments in group reports
mefenamic_acid,spec,iiv.eta.V,0.04,internal inventory; source judgments in group reports
mefenamic_acid,spec,iiv.eta.KA,0.16,internal inventory; source judgments in group reports
mefenamic_acid,spec,iiv.corr,False,internal inventory; source judgments in group reports
mefenamic_acid,spec,residual.type,prop+add,internal inventory; source judgments in group reports
mefenamic_acid,spec,residual.prop,0.25,internal inventory; source judgments in group reports
mefenamic_acid,spec,residual.add,0.0,internal inventory; source judgments in group reports
mefenamic_acid,targets,scenario.id,mefenamic_acid_dose100mg_po_single,internal inventory; source judgments in group reports
mefenamic_acid,targets,scenario.route,po,internal inventory; source judgments in group reports
mefenamic_acid,targets,scenario.regimen,single,internal inventory; source judgments in group reports
mefenamic_acid,targets,scenario.dose.value,100.0,internal inventory; source judgments in group reports
mefenamic_acid,targets,scenario.dose.unit,mg,internal inventory; source judgments in group reports
mefenamic_acid,targets,scenario.population.species,human,internal inventory; source judgments in group reports
mefenamic_acid,targets,scenario.population.group,adult_healthy,internal inventory; source judgments in group reports
mefenamic_acid,targets,targets.auc.type,AUC0-inf,internal inventory; source judgments in group reports
mefenamic_acid,targets,targets.auc.value,4732.60766682442,internal inventory; source judgments in group reports
mefenamic_acid,targets,targets.auc.unit,ng*h/mL,internal inventory; source judgments in group reports
mefenamic_acid,targets,targets.auc.summary,geometric_mean,internal inventory; source judgments in group reports
mefenamic_acid,targets,targets.auc.variability.type,gcv_percent,internal inventory; source judgments in group reports
mefenamic_acid,targets,targets.auc.variability.value,35,internal inventory; source judgments in group reports
mefenamic_acid,targets,targets.auc.basis,dose_over_cl,internal inventory; source judgments in group reports
mefenamic_acid,targets,targets.auc.target_basis,dose_over_cl_not_literature_auc,internal inventory; source judgments in group reports
mefenamic_acid,targets,targets.auc.independent_literature_target,False,internal inventory; source judgments in group reports
mefenamic_acid,targets,targets.auc.source_value,CL_abs_L_per_h_at_70kg,internal inventory; source judgments in group reports
mefenamic_acid,targets,targets.auc.role,consistency_check,internal inventory; source judgments in group reports
mefenamic_acid,targets,targets.t_half.phase,terminal,internal inventory; source judgments in group reports
mefenamic_acid,targets,targets.t_half.value,3.0,internal inventory; source judgments in group reports
mefenamic_acid,targets,targets.t_half.unit,h,internal inventory; source judgments in group reports
mefenamic_acid,targets,targets.t_half.summary,arithmetic_mean,internal inventory; source judgments in group reports
mefenamic_acid,targets,targets.t_half.variability.type,sd,internal inventory; source judgments in group reports
mefenamic_acid,targets,targets.t_half.variability.value,1.0,internal inventory; source judgments in group reports
mefenamic_acid,targets,targets.t_half.role,check_only,internal inventory; source judgments in group reports
mefenamic_acid,targets,targets.t_half.used_to_calibrate_cl_v,False,internal inventory; source judgments in group reports
mefenamic_acid,targets,targets.t_half.structural_mismatch.acknowledged,False,internal inventory; source judgments in group reports
mefenamic_acid,targets,targets.t_half.structural_mismatch.reason,,internal inventory; source judgments in group reports
metoprolol,spec,version,0.1,internal inventory; source judgments in group reports
metoprolol,spec,study.id,OSP_metoprolol,internal inventory; source judgments in group reports
metoprolol,spec,population.n,100,internal inventory; source judgments in group reports
metoprolol,spec,population.covariates.wt_kg.dist,lognormal,internal inventory; source judgments in group reports
metoprolol,spec,population.covariates.wt_kg.median,70.0,internal inventory; source judgments in group reports
metoprolol,spec,population.covariates.wt_kg.cv,0.25,internal inventory; source judgments in group reports
metoprolol,spec,population.covariates.wt_kg.min,40,internal inventory; source judgments in group reports
metoprolol,spec,population.covariates.wt_kg.max,120,internal inventory; source judgments in group reports
metoprolol,spec,regimen.route,oral,internal inventory; source judgments in group reports
metoprolol,spec,regimen.units.dose,mg,internal inventory; source judgments in group reports
metoprolol,spec,regimen.arms.A.n,100,internal inventory; source judgments in group reports
metoprolol,spec,regimen.arms.A.dose_mg,100,internal inventory; source judgments in group reports
metoprolol,spec,sampling.t_end_h,72.0,internal inventory; source judgments in group reports
metoprolol,spec,sampling.dt_h,0.5,internal inventory; source judgments in group reports
metoprolol,spec,sampling.include_t0,True,internal inventory; source judgments in group reports
metoprolol,spec,model.template,pk1_oral_ode,internal inventory; source judgments in group reports
metoprolol,spec,model.units.conc,ng/mL,internal inventory; source judgments in group reports
metoprolol,spec,model.units.mult,1000,internal inventory; source judgments in group reports
metoprolol,spec,model.theta.CL,48.0,internal inventory; source judgments in group reports
metoprolol,spec,model.theta.V,346.2468098133512,internal inventory; source judgments in group reports
metoprolol,spec,model.theta.KA,1.2,internal inventory; source judgments in group reports
metoprolol,spec,model.theta.F1,0.5,internal inventory; source judgments in group reports
metoprolol,spec,model.theta.ALAG1,0.5,internal inventory; source judgments in group reports
metoprolol,spec,iiv.eta.CL,0.09,internal inventory; source judgments in group reports
metoprolol,spec,iiv.eta.V,0.04,internal inventory; source judgments in group reports
metoprolol,spec,iiv.eta.KA,0.16,internal inventory; source judgments in group reports
metoprolol,spec,iiv.corr,False,internal inventory; source judgments in group reports
metoprolol,spec,residual.type,prop+add,internal inventory; source judgments in group reports
metoprolol,spec,residual.prop,0.25,internal inventory; source judgments in group reports
metoprolol,spec,residual.add,0.0,internal inventory; source judgments in group reports
metoprolol,targets,scenario.id,metoprolol_dose100mg_po_single,internal inventory; source judgments in group reports
metoprolol,targets,scenario.route,po,internal inventory; source judgments in group reports
metoprolol,targets,scenario.regimen,single,internal inventory; source judgments in group reports
metoprolol,targets,scenario.dose.value,100.0,internal inventory; source judgments in group reports
metoprolol,targets,scenario.dose.unit,mg,internal inventory; source judgments in group reports
metoprolol,targets,scenario.population.species,human,internal inventory; source judgments in group reports
metoprolol,targets,scenario.population.group,adult_healthy,internal inventory; source judgments in group reports
metoprolol,targets,targets.auc.type,AUC0-inf,internal inventory; source judgments in group reports
metoprolol,targets,targets.auc.value,1041.6666666666667,internal inventory; source judgments in group reports
metoprolol,targets,targets.auc.unit,ng*h/mL,internal inventory; source judgments in group reports
metoprolol,targets,targets.auc.summary,geometric_mean,internal inventory; source judgments in group reports
metoprolol,targets,targets.auc.variability.type,gcv_percent,internal inventory; source judgments in group reports
metoprolol,targets,targets.auc.variability.value,35,internal inventory; source judgments in group reports
metoprolol,targets,targets.auc.basis,f_dose_over_cl,internal inventory; source judgments in group reports
metoprolol,targets,targets.auc.target_basis,f_dose_over_cl_systemic_not_literature_auc,internal inventory; source judgments in group reports
metoprolol,targets,targets.auc.bioavailability_frac,0.5,internal inventory; source judgments in group reports
metoprolol,targets,targets.auc.independent_literature_target,False,internal inventory; source judgments in group reports
metoprolol,targets,targets.auc.source_value,CL_systemic_L_per_h_at_70kg,internal inventory; source judgments in group reports
metoprolol,targets,targets.auc.role,consistency_check,internal inventory; source judgments in group reports
metoprolol,targets,targets.t_half.phase,terminal,internal inventory; source judgments in group reports
metoprolol,targets,targets.t_half.value,5.0,internal inventory; source judgments in group reports
metoprolol,targets,targets.t_half.unit,h,internal inventory; source judgments in group reports
metoprolol,targets,targets.t_half.summary,arithmetic_mean,internal inventory; source judgments in group reports
metoprolol,targets,targets.t_half.variability.type,sd,internal inventory; source judgments in group reports
metoprolol,targets,targets.t_half.variability.value,1.0,internal inventory; source judgments in group reports
metoprolol,targets,targets.t_half.role,check_only,internal inventory; source judgments in group reports
metoprolol,targets,targets.t_half.used_to_calibrate_cl_v,False,internal inventory; source judgments in group reports
metoprolol,targets,targets.t_half.structural_mismatch.acknowledged,False,internal inventory; source judgments in group reports
metoprolol,targets,targets.t_half.structural_mismatch.reason,,internal inventory; source judgments in group reports
mexiletine,spec,version,0.1,internal inventory; source judgments in group reports
mexiletine,spec,study.id,OSP_mexiletine,internal inventory; source judgments in group reports
mexiletine,spec,population.n,100,internal inventory; source judgments in group reports
mexiletine,spec,population.covariates.wt_kg.dist,lognormal,internal inventory; source judgments in group reports
mexiletine,spec,population.covariates.wt_kg.median,70.0,internal inventory; source judgments in group reports
mexiletine,spec,population.covariates.wt_kg.cv,0.25,internal inventory; source judgments in group reports
mexiletine,spec,population.covariates.wt_kg.min,40,internal inventory; source judgments in group reports
mexiletine,spec,population.covariates.wt_kg.max,120,internal inventory; source judgments in group reports
mexiletine,spec,regimen.route,oral,internal inventory; source judgments in group reports
mexiletine,spec,regimen.units.dose,mg,internal inventory; source judgments in group reports
mexiletine,spec,regimen.arms.A.n,100,internal inventory; source judgments in group reports
mexiletine,spec,regimen.arms.A.dose_mg,100,internal inventory; source judgments in group reports
mexiletine,spec,sampling.t_end_h,72.0,internal inventory; source judgments in group reports
mexiletine,spec,sampling.dt_h,0.5,internal inventory; source judgments in group reports
mexiletine,spec,sampling.include_t0,True,internal inventory; source judgments in group reports
mexiletine,spec,model.template,pk1_oral_ode,internal inventory; source judgments in group reports
mexiletine,spec,model.units.conc,ng/mL,internal inventory; source judgments in group reports
mexiletine,spec,model.units.mult,1000,internal inventory; source judgments in group reports
mexiletine,spec,model.theta.CL,30.87655622494302,internal inventory; source judgments in group reports
mexiletine,spec,model.theta.V,490.0,internal inventory; source judgments in group reports
mexiletine,spec,model.theta.KA,1.2,internal inventory; source judgments in group reports
mexiletine,spec,model.theta.F1,1.0,internal inventory; source judgments in group reports
mexiletine,spec,model.theta.ALAG1,0.5,internal inventory; source judgments in group reports
mexiletine,spec,iiv.eta.CL,0.09,internal inventory; source judgments in group reports
mexiletine,spec,iiv.eta.V,0.04,internal inventory; source judgments in group reports
mexiletine,spec,iiv.eta.KA,0.16,internal inventory; source judgments in group reports
mexiletine,spec,iiv.corr,False,internal inventory; source judgments in group reports
mexiletine,spec,residual.type,prop+add,internal inventory; source judgments in group reports
mexiletine,spec,residual.prop,0.25,internal inventory; source judgments in group reports
mexiletine,spec,residual.add,0.0,internal inventory; source judgments in group reports
mexiletine,targets,scenario.id,mexiletine_dose100mg_po_single,internal inventory; source judgments in group reports
mexiletine,targets,scenario.route,po,internal inventory; source judgments in group reports
mexiletine,targets,scenario.regimen,single,internal inventory; source judgments in group reports
mexiletine,targets,scenario.dose.value,100.0,internal inventory; source judgments in group reports
mexiletine,targets,scenario.dose.unit,mg,internal inventory; source judgments in group reports
mexiletine,targets,scenario.population.species,human,internal inventory; source judgments in group reports
mexiletine,targets,scenario.population.group,adult_healthy,internal inventory; source judgments in group reports
mexiletine,targets,targets.auc.type,AUC0-inf,internal inventory; source judgments in group reports
mexiletine,targets,targets.auc.value,3238.7031530160402,internal inventory; source judgments in group reports
mexiletine,targets,targets.auc.unit,ng*h/mL,internal inventory; source judgments in group reports
mexiletine,targets,targets.auc.summary,geometric_mean,internal inventory; source judgments in group reports
mexiletine,targets,targets.auc.variability.type,gcv_percent,internal inventory; source judgments in group reports
mexiletine,targets,targets.auc.variability.value,35,internal inventory; source judgments in group reports
mexiletine,targets,targets.auc.basis,dose_over_cl,internal inventory; source judgments in group reports
mexiletine,targets,targets.auc.target_basis,dose_over_cl_not_literature_auc,internal inventory; source judgments in group reports
mexiletine,targets,targets.auc.independent_literature_target,False,internal inventory; source judgments in group reports
mexiletine,targets,targets.auc.source_value,CL_abs_L_per_h_at_70kg,internal inventory; source judgments in group reports
mexiletine,targets,targets.auc.role,consistency_check,internal inventory; source judgments in group reports
mexiletine,targets,targets.t_half.phase,terminal,internal inventory; source judgments in group reports
mexiletine,targets,targets.t_half.value,11.0,internal inventory; source judgments in group reports
mexiletine,targets,targets.t_half.unit,h,internal inventory; source judgments in group reports
mexiletine,targets,targets.t_half.summary,arithmetic_mean,internal inventory; source judgments in group reports
mexiletine,targets,targets.t_half.variability.type,sd,internal inventory; source judgments in group reports
mexiletine,targets,targets.t_half.variability.value,1.0,internal inventory; source judgments in group reports
mexiletine,targets,targets.t_half.role,check_only,internal inventory; source judgments in group reports
mexiletine,targets,targets.t_half.used_to_calibrate_cl_v,False,internal inventory; source judgments in group reports
mexiletine,targets,targets.t_half.structural_mismatch.acknowledged,False,internal inventory; source judgments in group reports
mexiletine,targets,targets.t_half.structural_mismatch.reason,,internal inventory; source judgments in group reports
moclobemide,spec,version,0.1,internal inventory; source judgments in group reports
moclobemide,spec,study.id,OSP_moclobemide,internal inventory; source judgments in group reports
moclobemide,spec,population.n,100,internal inventory; source judgments in group reports
moclobemide,spec,population.covariates.wt_kg.dist,lognormal,internal inventory; source judgments in group reports
moclobemide,spec,population.covariates.wt_kg.median,70.0,internal inventory; source judgments in group reports
moclobemide,spec,population.covariates.wt_kg.cv,0.25,internal inventory; source judgments in group reports
moclobemide,spec,population.covariates.wt_kg.min,40,internal inventory; source judgments in group reports
moclobemide,spec,population.covariates.wt_kg.max,120,internal inventory; source judgments in group reports
moclobemide,spec,regimen.route,oral,internal inventory; source judgments in group reports
moclobemide,spec,regimen.units.dose,mg,internal inventory; source judgments in group reports
moclobemide,spec,regimen.arms.A.n,100,internal inventory; source judgments in group reports
moclobemide,spec,regimen.arms.A.dose_mg,100,internal inventory; source judgments in group reports
moclobemide,spec,sampling.t_end_h,72.0,internal inventory; source judgments in group reports
moclobemide,spec,sampling.dt_h,0.5,internal inventory; source judgments in group reports
moclobemide,spec,sampling.include_t0,True,internal inventory; source judgments in group reports
moclobemide,spec,model.template,pk1_oral_ode,internal inventory; source judgments in group reports
moclobemide,spec,model.units.conc,ng/mL,internal inventory; source judgments in group reports
moclobemide,spec,model.units.mult,1000,internal inventory; source judgments in group reports
moclobemide,spec,model.theta.CL,39.4,internal inventory; source judgments in group reports
moclobemide,spec,model.theta.V,84.3,internal inventory; source judgments in group reports
moclobemide,spec,model.theta.KA,1.2,internal inventory; source judgments in group reports
moclobemide,spec,model.theta.F1,0.56,internal inventory; source judgments in group reports
moclobemide,spec,model.theta.ALAG1,0.5,internal inventory; source judgments in group reports
moclobemide,spec,iiv.eta.CL,0.09,internal inventory; source judgments in group reports
moclobemide,spec,iiv.eta.V,0.04,internal inventory; source judgments in group reports
moclobemide,spec,iiv.eta.KA,0.16,internal inventory; source judgments in group reports
moclobemide,spec,iiv.corr,False,internal inventory; source judgments in group reports
moclobemide,spec,residual.type,prop+add,internal inventory; source judgments in group reports
moclobemide,spec,residual.prop,0.25,internal inventory; source judgments in group reports
moclobemide,spec,residual.add,0.0,internal inventory; source judgments in group reports
moclobemide,targets,scenario.id,moclobemide_dose100mg_po_single,internal inventory; source judgments in group reports
moclobemide,targets,scenario.route,po,internal inventory; source judgments in group reports
moclobemide,targets,scenario.regimen,single,internal inventory; source judgments in group reports
moclobemide,targets,scenario.dose.value,100.0,internal inventory; source judgments in group reports
moclobemide,targets,scenario.dose.unit,mg,internal inventory; source judgments in group reports
moclobemide,targets,scenario.population.species,human,internal inventory; source judgments in group reports
moclobemide,targets,scenario.population.group,adult_healthy,internal inventory; source judgments in group reports
moclobemide,targets,targets.auc.type,AUC0-inf,internal inventory; source judgments in group reports
moclobemide,targets,targets.auc.value,1421.3197969543148,internal inventory; source judgments in group reports
moclobemide,targets,targets.auc.unit,ng*h/mL,internal inventory; source judgments in group reports
moclobemide,targets,targets.auc.summary,geometric_mean,internal inventory; source judgments in group reports
moclobemide,targets,targets.auc.variability.type,gcv_percent,internal inventory; source judgments in group reports
moclobemide,targets,targets.auc.variability.value,35,internal inventory; source judgments in group reports
moclobemide,targets,targets.auc.basis,f_dose_over_cl,internal inventory; source judgments in group reports
moclobemide,targets,targets.auc.target_basis,f_dose_over_cl_systemic_not_literature_auc,internal inventory; source judgments in group reports
moclobemide,targets,targets.auc.bioavailability_frac,0.56,internal inventory; source judgments in group reports
moclobemide,targets,targets.auc.independent_literature_target,False,internal inventory; source judgments in group reports
moclobemide,targets,targets.auc.source_value,CL_systemic_L_per_h_at_70kg,internal inventory; source judgments in group reports
moclobemide,targets,targets.auc.role,consistency_check,internal inventory; source judgments in group reports
moclobemide,targets,targets.t_half.phase,terminal,internal inventory; source judgments in group reports
moclobemide,targets,targets.t_half.value,1.6,internal inventory; source judgments in group reports
moclobemide,targets,targets.t_half.unit,h,internal inventory; source judgments in group reports
moclobemide,targets,targets.t_half.summary,arithmetic_mean,internal inventory; source judgments in group reports
moclobemide,targets,targets.t_half.variability.type,sd,internal inventory; source judgments in group reports
moclobemide,targets,targets.t_half.variability.value,1.0,internal inventory; source judgments in group reports
moclobemide,targets,targets.t_half.role,check_only,internal inventory; source judgments in group reports
moclobemide,targets,targets.t_half.used_to_calibrate_cl_v,False,internal inventory; source judgments in group reports
moclobemide,targets,targets.t_half.structural_mismatch.acknowledged,True,internal inventory; source judgments in group reports
moclobemide,targets,targets.t_half.structural_mismatch.reason,one_compartment_fixture_approximation,internal inventory; source judgments in group reports
moclobemide,targets,provenance_review.status,acknowledged_fixture_limitation,internal inventory; source judgments in group reports
moclobemide,targets,provenance_review.reviewer_note,t_half is retained as a check target only. CL/V are used for one-compartment fixture generation and are not jointly calibrated to match literature terminal half-life.,internal inventory; source judgments in group reports
moclobemide,targets,provenance_review.reviewed_fields[0],CL,internal inventory; source judgments in group reports
moclobemide,targets,provenance_review.reviewed_fields[1],V,internal inventory; source judgments in group reports
moclobemide,targets,provenance_review.reviewed_fields[2],t_half,internal inventory; source judgments in group reports
montelukast,spec,version,0.1,internal inventory; source judgments in group reports
montelukast,spec,study.id,OSP_montelukast,internal inventory; source judgments in group reports
montelukast,spec,population.n,100,internal inventory; source judgments in group reports
montelukast,spec,population.covariates.wt_kg.dist,lognormal,internal inventory; source judgments in group reports
montelukast,spec,population.covariates.wt_kg.median,70.0,internal inventory; source judgments in group reports
montelukast,spec,population.covariates.wt_kg.cv,0.25,internal inventory; source judgments in group reports
montelukast,spec,population.covariates.wt_kg.min,40,internal inventory; source judgments in group reports
montelukast,spec,population.covariates.wt_kg.max,120,internal inventory; source judgments in group reports
montelukast,spec,regimen.route,oral,internal inventory; source judgments in group reports
montelukast,spec,regimen.units.dose,mg,internal inventory; source judgments in group reports
montelukast,spec,regimen.arms.A.n,100,internal inventory; source judgments in group reports
montelukast,spec,regimen.arms.A.dose_mg,100,internal inventory; source judgments in group reports
montelukast,spec,sampling.t_end_h,72.0,internal inventory; source judgments in group reports
montelukast,spec,sampling.dt_h,0.5,internal inventory; source judgments in group reports
montelukast,spec,sampling.include_t0,True,internal inventory; source judgments in group reports
montelukast,spec,model.template,pk1_oral_ode,internal inventory; source judgments in group reports
montelukast,spec,model.units.conc,ng/mL,internal inventory; source judgments in group reports
montelukast,spec,model.units.mult,1000,internal inventory; source judgments in group reports
montelukast,spec,model.theta.CL,1.8479999999999999,internal inventory; source judgments in group reports
montelukast,spec,model.theta.V,9.7,internal inventory; source judgments in group reports
montelukast,spec,model.theta.KA,1.2,internal inventory; source judgments in group reports
montelukast,spec,model.theta.F1,0.615,internal inventory; source judgments in group reports
montelukast,spec,model.theta.ALAG1,0.5,internal inventory; source judgments in group reports
montelukast,spec,iiv.eta.CL,0.09,internal inventory; source judgments in group reports
montelukast,spec,iiv.eta.V,0.04,internal inventory; source judgments in group reports
montelukast,spec,iiv.eta.KA,0.16,internal inventory; source judgments in group reports
montelukast,spec,iiv.corr,False,internal inventory; source judgments in group reports
montelukast,spec,residual.type,prop+add,internal inventory; source judgments in group reports
montelukast,spec,residual.prop,0.25,internal inventory; source judgments in group reports
montelukast,spec,residual.add,0.0,internal inventory; source judgments in group reports
montelukast,targets,scenario.id,montelukast_dose100mg_po_single,internal inventory; source judgments in group reports
montelukast,targets,scenario.route,po,internal inventory; source judgments in group reports
montelukast,targets,scenario.regimen,single,internal inventory; source judgments in group reports
montelukast,targets,scenario.dose.value,100.0,internal inventory; source judgments in group reports
montelukast,targets,scenario.dose.unit,mg,internal inventory; source judgments in group reports
montelukast,targets,scenario.population.species,human,internal inventory; source judgments in group reports
montelukast,targets,scenario.population.group,adult_healthy,internal inventory; source judgments in group reports
montelukast,targets,targets.auc.type,AUC0-inf,internal inventory; source judgments in group reports
montelukast,targets,targets.auc.value,33279.22077922078,internal inventory; source judgments in group reports
montelukast,targets,targets.auc.unit,ng*h/mL,internal inventory; source judgments in group reports
montelukast,targets,targets.auc.summary,fixture_consistency_check,internal inventory; source judgments in group reports
montelukast,targets,targets.auc.variability.type,gcv_percent,internal inventory; source judgments in group reports
montelukast,targets,targets.auc.variability.value,35,internal inventory; source judgments in group reports
montelukast,targets,targets.auc.basis,f_dose_over_cl,internal inventory; source judgments in group reports
montelukast,targets,targets.auc.target_basis,f_dose_over_cl_systemic_not_literature_auc,internal inventory; source judgments in group reports
montelukast,targets,targets.auc.independent_literature_target,False,internal inventory; source judgments in group reports
montelukast,targets,targets.auc.source_value,CL_systemic_L_per_h_at_70kg,internal inventory; source judgments in group reports
montelukast,targets,targets.auc.bioavailability_frac,0.615,internal inventory; source judgments in group reports
montelukast,targets,targets.auc.role,consistency_check,internal inventory; source judgments in group reports
montelukast,targets,targets.t_half.phase,terminal,internal inventory; source judgments in group reports
montelukast,targets,targets.t_half.value,6.7,internal inventory; source judgments in group reports
montelukast,targets,targets.t_half.unit,h,internal inventory; source judgments in group reports
montelukast,targets,targets.t_half.summary,arithmetic_mean,internal inventory; source judgments in group reports
montelukast,targets,targets.t_half.variability.type,sd,internal inventory; source judgments in group reports
montelukast,targets,targets.t_half.variability.value,1.675,internal inventory; source judgments in group reports
montelukast,targets,targets.t_half.role,check_only,internal inventory; source judgments in group reports
montelukast,targets,targets.t_half.used_to_calibrate_cl_v,False,internal inventory; source judgments in group reports
montelukast,targets,targets.t_half.structural_mismatch.acknowledged,True,internal inventory; source judgments in group reports
montelukast,targets,targets.t_half.structural_mismatch.reason,one_compartment_fixture_approximation,internal inventory; source judgments in group reports
montelukast,targets,provenance_review.status,acknowledged_fixture_limitation,internal inventory; source judgments in group reports
montelukast,targets,provenance_review.reviewer_note,t_half is retained as a check target only. CL/V are used for one-compartment fixture generation and are not jointly calibrated to match literature terminal half-life.,internal inventory; source judgments in group reports
montelukast,targets,provenance_review.reviewed_fields[0],CL,internal inventory; source judgments in group reports
montelukast,targets,provenance_review.reviewed_fields[1],V,internal inventory; source judgments in group reports
montelukast,targets,provenance_review.reviewed_fields[2],t_half,internal inventory; source judgments in group reports
motavizumab_medi_524,spec,version,0.1,internal inventory; source judgments in group reports
motavizumab_medi_524,spec,study.id,OSP_motavizumab_medi_524,internal inventory; source judgments in group reports
motavizumab_medi_524,spec,population.n,100,internal inventory; source judgments in group reports
motavizumab_medi_524,spec,population.covariates.wt_kg.dist,lognormal,internal inventory; source judgments in group reports
motavizumab_medi_524,spec,population.covariates.wt_kg.median,70.0,internal inventory; source judgments in group reports
motavizumab_medi_524,spec,population.covariates.wt_kg.cv,0.25,internal inventory; source judgments in group reports
motavizumab_medi_524,spec,population.covariates.wt_kg.min,40,internal inventory; source judgments in group reports
motavizumab_medi_524,spec,population.covariates.wt_kg.max,120,internal inventory; source judgments in group reports
motavizumab_medi_524,spec,regimen.route,iv,internal inventory; source judgments in group reports
motavizumab_medi_524,spec,regimen.units.dose,mg,internal inventory; source judgments in group reports
motavizumab_medi_524,spec,regimen.arms.A.n,100,internal inventory; source judgments in group reports
motavizumab_medi_524,spec,regimen.arms.A.dose_mg,100,internal inventory; source judgments in group reports
motavizumab_medi_524,spec,sampling.t_end_h,168.0,internal inventory; source judgments in group reports
motavizumab_medi_524,spec,sampling.dt_h,0.5,internal inventory; source judgments in group reports
motavizumab_medi_524,spec,sampling.include_t0,True,internal inventory; source judgments in group reports
motavizumab_medi_524,spec,model.template,pk1_iv_ode,internal inventory; source judgments in group reports
motavizumab_medi_524,spec,model.units.conc,ng/mL,internal inventory; source judgments in group reports
motavizumab_medi_524,spec,model.units.mult,1000,internal inventory; source judgments in group reports
motavizumab_medi_524,spec,model.theta.CL,0.010229166666666666,internal inventory; source judgments in group reports
motavizumab_medi_524,spec,model.theta.V,7.35,internal inventory; source judgments in group reports
motavizumab_medi_524,spec,iiv.eta.CL,0.09,internal inventory; source judgments in group reports
motavizumab_medi_524,spec,iiv.eta.V,0.04,internal inventory; source judgments in group reports
motavizumab_medi_524,spec,iiv.corr,False,internal inventory; source judgments in group reports
motavizumab_medi_524,spec,residual.type,prop+add,internal inventory; source judgments in group reports
motavizumab_medi_524,spec,residual.prop,0.25,internal inventory; source judgments in group reports
motavizumab_medi_524,spec,residual.add,0.0,internal inventory; source judgments in group reports
motavizumab_medi_524,targets,scenario.id,motavizumab_medi_524_dose100mg_iv_single,internal inventory; source judgments in group reports
motavizumab_medi_524,targets,scenario.route,iv,internal inventory; source judgments in group reports
motavizumab_medi_524,targets,scenario.regimen,single,internal inventory; source judgments in group reports
motavizumab_medi_524,targets,scenario.dose.value,100.0,internal inventory; source judgments in group reports
motavizumab_medi_524,targets,scenario.dose.unit,mg,internal inventory; source judgments in group reports
motavizumab_medi_524,targets,scenario.population.species,human,internal inventory; source judgments in group reports
motavizumab_medi_524,targets,scenario.population.group,adult_healthy,internal inventory; source judgments in group reports
motavizumab_medi_524,targets,targets.auc.type,AUC0-inf,internal inventory; source judgments in group reports
motavizumab_medi_524,targets,targets.auc.value,9775967.413441956,internal inventory; source judgments in group reports
motavizumab_medi_524,targets,targets.auc.unit,ng*h/mL,internal inventory; source judgments in group reports
motavizumab_medi_524,targets,targets.auc.summary,geometric_mean,internal inventory; source judgments in group reports
motavizumab_medi_524,targets,targets.auc.variability.type,gcv_percent,internal inventory; source judgments in group reports
motavizumab_medi_524,targets,targets.auc.variability.value,35,internal inventory; source judgments in group reports
motavizumab_medi_524,targets,targets.auc.basis,dose_over_cl,internal inventory; source judgments in group reports
motavizumab_medi_524,targets,targets.auc.target_basis,dose_over_cl_not_literature_auc,internal inventory; source judgments in group reports
motavizumab_medi_524,targets,targets.auc.independent_literature_target,False,internal inventory; source judgments in group reports
motavizumab_medi_524,targets,targets.auc.source_value,CL_abs_L_per_h_at_70kg,internal inventory; source judgments in group reports
motavizumab_medi_524,targets,targets.auc.role,consistency_check,internal inventory; source judgments in group reports
motavizumab_medi_524,targets,targets.t_half.phase,terminal,internal inventory; source judgments in group reports
motavizumab_medi_524,targets,targets.t_half.value,636.0,internal inventory; source judgments in group reports
motavizumab_medi_524,targets,targets.t_half.unit,h,internal inventory; source judgments in group reports
motavizumab_medi_524,targets,targets.t_half.summary,arithmetic_mean,internal inventory; source judgments in group reports
motavizumab_medi_524,targets,targets.t_half.variability.type,sd,internal inventory; source judgments in group reports
motavizumab_medi_524,targets,targets.t_half.variability.value,1.0,internal inventory; source judgments in group reports
motavizumab_medi_524,targets,targets.t_half.role,check_only,internal inventory; source judgments in group reports
motavizumab_medi_524,targets,targets.t_half.used_to_calibrate_cl_v,False,internal inventory; source judgments in group reports
motavizumab_medi_524,targets,targets.t_half.structural_mismatch.acknowledged,False,internal inventory; source judgments in group reports
motavizumab_medi_524,targets,targets.t_half.structural_mismatch.reason,,internal inventory; source judgments in group reports
motavizumab_yte,spec,version,0.1,internal inventory; source judgments in group reports
motavizumab_yte,spec,study.id,OSP_motavizumab_yte,internal inventory; source judgments in group reports
motavizumab_yte,spec,population.n,100,internal inventory; source judgments in group reports
motavizumab_yte,spec,population.covariates.wt_kg.dist,lognormal,internal inventory; source judgments in group reports
motavizumab_yte,spec,population.covariates.wt_kg.median,70.0,internal inventory; source judgments in group reports
motavizumab_yte,spec,population.covariates.wt_kg.cv,0.25,internal inventory; source judgments in group reports
motavizumab_yte,spec,population.covariates.wt_kg.min,40,internal inventory; source judgments in group reports
motavizumab_yte,spec,population.covariates.wt_kg.max,120,internal inventory; source judgments in group reports
motavizumab_yte,spec,regimen.route,iv,internal inventory; source judgments in group reports
motavizumab_yte,spec,regimen.units.dose,mg,internal inventory; source judgments in group reports
motavizumab_yte,spec,regimen.arms.A.n,100,internal inventory; source judgments in group reports
motavizumab_yte,spec,regimen.arms.A.dose_mg,100.0,internal inventory; source judgments in group reports
motavizumab_yte,spec,regimen.arms.A.infusion_h,1.0,internal inventory; source judgments in group reports
motavizumab_yte,spec,sampling.t_end_h,72.0,internal inventory; source judgments in group reports
motavizumab_yte,spec,sampling.dt_h,0.5,internal inventory; source judgments in group reports
motavizumab_yte,spec,sampling.include_t0,True,internal inventory; source judgments in group reports
motavizumab_yte,spec,model.template,pk1_iv_ode,internal inventory; source judgments in group reports
motavizumab_yte,spec,model.units.conc,ng/mL,internal inventory; source judgments in group reports
motavizumab_yte,spec,model.units.mult,1000,internal inventory; source judgments in group reports
motavizumab_yte,spec,model.theta.CL,0.0022916666666666667,internal inventory; source judgments in group reports
motavizumab_yte,spec,model.theta.V,6.744599316155904,internal inventory; source judgments in group reports
motavizumab_yte,spec,iiv.eta.CL,0.09,internal inventory; source judgments in group reports
motavizumab_yte,spec,iiv.eta.V,0.04,internal inventory; source judgments in group reports
motavizumab_yte,spec,iiv.corr,False,internal inventory; source judgments in group reports
motavizumab_yte,spec,residual.type,prop+add,internal inventory; source judgments in group reports
motavizumab_yte,spec,residual.prop,0.25,internal inventory; source judgments in group reports
motavizumab_yte,spec,residual.add,0.0,internal inventory; source judgments in group reports
motavizumab_yte,targets,scenario.id,motavizumab_yte_dose100mg_iv_single,internal inventory; source judgments in group reports
motavizumab_yte,targets,scenario.route,iv,internal inventory; source judgments in group reports
motavizumab_yte,targets,scenario.regimen,single,internal inventory; source judgments in group reports
motavizumab_yte,targets,scenario.dose.value,100.0,internal inventory; source judgments in group reports
motavizumab_yte,targets,scenario.dose.unit,mg,internal inventory; source judgments in group reports
motavizumab_yte,targets,scenario.population.species,human,internal inventory; source judgments in group reports
motavizumab_yte,targets,scenario.population.group,adult_healthy,internal inventory; source judgments in group reports
motavizumab_yte,targets,targets.auc.type,AUC0-inf,internal inventory; source judgments in group reports
motavizumab_yte,targets,targets.auc.value,43636363.63636363,internal inventory; source judgments in group reports
motavizumab_yte,targets,targets.auc.unit,ng*h/mL,internal inventory; source judgments in group reports
motavizumab_yte,targets,targets.auc.summary,geometric_mean,internal inventory; source judgments in group reports
motavizumab_yte,targets,targets.auc.variability.type,gcv_percent,internal inventory; source judgments in group reports
motavizumab_yte,targets,targets.auc.variability.value,35,internal inventory; source judgments in group reports
motavizumab_yte,targets,targets.auc.basis,dose_over_cl,internal inventory; source judgments in group reports
motavizumab_yte,targets,targets.auc.target_basis,dose_over_cl_not_literature_auc,internal inventory; source judgments in group reports
motavizumab_yte,targets,targets.auc.independent_literature_target,False,internal inventory; source judgments in group reports
motavizumab_yte,targets,targets.auc.source_value,CL_abs_L_per_h_at_70kg,internal inventory; source judgments in group reports
motavizumab_yte,targets,targets.auc.role,consistency_check,internal inventory; source judgments in group reports
motavizumab_yte,targets,targets.t_half.phase,terminal,internal inventory; source judgments in group reports
motavizumab_yte,targets,targets.t_half.value,2040.0,internal inventory; source judgments in group reports
motavizumab_yte,targets,targets.t_half.unit,h,internal inventory; source judgments in group reports
motavizumab_yte,targets,targets.t_half.summary,arithmetic_mean,internal inventory; source judgments in group reports
motavizumab_yte,targets,targets.t_half.variability.type,sd,internal inventory; source judgments in group reports
motavizumab_yte,targets,targets.t_half.variability.value,1.0,internal inventory; source judgments in group reports
motavizumab_yte,targets,targets.t_half.role,check_only,internal inventory; source judgments in group reports
motavizumab_yte,targets,targets.t_half.used_to_calibrate_cl_v,False,internal inventory; source judgments in group reports
motavizumab_yte,targets,targets.t_half.structural_mismatch.acknowledged,False,internal inventory; source judgments in group reports
motavizumab_yte,targets,targets.t_half.structural_mismatch.reason,,internal inventory; source judgments in group reports
omeprazole,spec,version,0.1,internal inventory; source judgments in group reports
omeprazole,spec,study.id,OSP_omeprazole,internal inventory; source judgments in group reports
omeprazole,spec,population.n,100,internal inventory; source judgments in group reports
omeprazole,spec,population.covariates.wt_kg.dist,lognormal,internal inventory; source judgments in group reports
omeprazole,spec,population.covariates.wt_kg.median,70.0,internal inventory; source judgments in group reports
omeprazole,spec,population.covariates.wt_kg.cv,0.25,internal inventory; source judgments in group reports
omeprazole,spec,population.covariates.wt_kg.min,40,internal inventory; source judgments in group reports
omeprazole,spec,population.covariates.wt_kg.max,120,internal inventory; source judgments in group reports
omeprazole,spec,regimen.route,oral,internal inventory; source judgments in group reports
omeprazole,spec,regimen.units.dose,mg,internal inventory; source judgments in group reports
omeprazole,spec,regimen.arms.A.n,100,internal inventory; source judgments in group reports
omeprazole,spec,regimen.arms.A.dose_mg,100,internal inventory; source judgments in group reports
omeprazole,spec,sampling.t_end_h,72.0,internal inventory; source judgments in group reports
omeprazole,spec,sampling.dt_h,0.1,internal inventory; source judgments in group reports
omeprazole,spec,sampling.include_t0,True,internal inventory; source judgments in group reports
omeprazole,spec,model.template,pk1_oral_ode,internal inventory; source judgments in group reports
omeprazole,spec,model.units.conc,ng/mL,internal inventory; source judgments in group reports
omeprazole,spec,model.units.mult,1000,internal inventory; source judgments in group reports
omeprazole,spec,model.theta.CL,43.56,internal inventory; source judgments in group reports
omeprazole,spec,model.theta.V,16.1,internal inventory; source judgments in group reports
omeprazole,spec,model.theta.KA,1.2,internal inventory; source judgments in group reports
omeprazole,spec,model.theta.F1,0.35,internal inventory; source judgments in group reports
omeprazole,spec,model.theta.ALAG1,0.5,internal inventory; source judgments in group reports
omeprazole,spec,iiv.eta.CL,0.09,internal inventory; source judgments in group reports
omeprazole,spec,iiv.eta.V,0.04,internal inventory; source judgments in group reports
omeprazole,spec,iiv.eta.KA,0.16,internal inventory; source judgments in group reports
omeprazole,spec,iiv.corr,False,internal inventory; source judgments in group reports
omeprazole,spec,residual.type,prop+add,internal inventory; source judgments in group reports
omeprazole,spec,residual.prop,0.25,internal inventory; source judgments in group reports
omeprazole,spec,residual.add,0.0,internal inventory; source judgments in group reports
omeprazole,targets,scenario.id,omeprazole_dose100mg_po_single,internal inventory; source judgments in group reports
omeprazole,targets,scenario.route,po,internal inventory; source judgments in group reports
omeprazole,targets,scenario.regimen,single,internal inventory; source judgments in group reports
omeprazole,targets,scenario.dose.value,100.0,internal inventory; source judgments in group reports
omeprazole,targets,scenario.dose.unit,mg,internal inventory; source judgments in group reports
omeprazole,targets,scenario.population.species,human,internal inventory; source judgments in group reports
omeprazole,targets,scenario.population.group,adult_healthy,internal inventory; source judgments in group reports
omeprazole,targets,targets.auc.type,AUC0-inf,internal inventory; source judgments in group reports
omeprazole,targets,targets.auc.value,803.4894398530762,internal inventory; source judgments in group reports
omeprazole,targets,targets.auc.unit,ng*h/mL,internal inventory; source judgments in group reports
omeprazole,targets,targets.auc.summary,fixture_consistency_check,internal inventory; source judgments in group reports
omeprazole,targets,targets.auc.variability.type,gcv_percent,internal inventory; source judgments in group reports
omeprazole,targets,targets.auc.variability.value,35,internal inventory; source judgments in group reports
omeprazole,targets,targets.auc.basis,f_dose_over_cl,internal inventory; source judgments in group reports
omeprazole,targets,targets.auc.target_basis,f_dose_over_cl_systemic_not_literature_auc,internal inventory; source judgments in group reports
omeprazole,targets,targets.auc.independent_literature_target,False,internal inventory; source judgments in group reports
omeprazole,targets,targets.auc.source_value,CL_systemic_L_per_h_at_70kg,internal inventory; source judgments in group reports
omeprazole,targets,targets.auc.bioavailability_frac,0.35,internal inventory; source judgments in group reports
omeprazole,targets,targets.auc.role,consistency_check,internal inventory; source judgments in group reports
omeprazole,targets,targets.t_half.phase,terminal,internal inventory; source judgments in group reports
omeprazole,targets,targets.t_half.value,0.75,internal inventory; source judgments in group reports
omeprazole,targets,targets.t_half.unit,h,internal inventory; source judgments in group reports
omeprazole,targets,targets.t_half.summary,arithmetic_mean,internal inventory; source judgments in group reports
omeprazole,targets,targets.t_half.variability.type,sd,internal inventory; source judgments in group reports
omeprazole,targets,targets.t_half.variability.value,1.0,internal inventory; source judgments in group reports
omeprazole,targets,targets.t_half.role,check_only,internal inventory; source judgments in group reports
omeprazole,targets,targets.t_half.used_to_calibrate_cl_v,False,internal inventory; source judgments in group reports
omeprazole,targets,targets.t_half.structural_mismatch.acknowledged,True,internal inventory; source judgments in group reports
omeprazole,targets,targets.t_half.structural_mismatch.reason,one_compartment_fixture_approximation,internal inventory; source judgments in group reports
omeprazole,targets,provenance_review.status,acknowledged_fixture_limitation,internal inventory; source judgments in group reports
omeprazole,targets,provenance_review.reviewer_note,t_half is retained as a check target only. CL/V are used for one-compartment fixture generation and are not jointly calibrated to match literature terminal half-life.,internal inventory; source judgments in group reports
omeprazole,targets,provenance_review.reviewed_fields[0],CL,internal inventory; source judgments in group reports
omeprazole,targets,provenance_review.reviewed_fields[1],V,internal inventory; source judgments in group reports
omeprazole,targets,provenance_review.reviewed_fields[2],t_half,internal inventory; source judgments in group reports
raltegravir,spec,version,0.1,internal inventory; source judgments in group reports
raltegravir,spec,study.id,OSP_raltegravir,internal inventory; source judgments in group reports
raltegravir,spec,population.n,100,internal inventory; source judgments in group reports
raltegravir,spec,population.covariates.wt_kg.dist,lognormal,internal inventory; source judgments in group reports
raltegravir,spec,population.covariates.wt_kg.median,70.0,internal inventory; source judgments in group reports
raltegravir,spec,population.covariates.wt_kg.cv,0.25,internal inventory; source judgments in group reports
raltegravir,spec,population.covariates.wt_kg.min,40,internal inventory; source judgments in group reports
raltegravir,spec,population.covariates.wt_kg.max,120,internal inventory; source judgments in group reports
raltegravir,spec,regimen.route,oral,internal inventory; source judgments in group reports
raltegravir,spec,regimen.units.dose,mg,internal inventory; source judgments in group reports
raltegravir,spec,regimen.arms.A.n,100,internal inventory; source judgments in group reports
raltegravir,spec,regimen.arms.A.dose_mg,400.0,internal inventory; source judgments in group reports
raltegravir,spec,sampling.t_end_h,72.0,internal inventory; source judgments in group reports
raltegravir,spec,sampling.dt_h,0.5,internal inventory; source judgments in group reports
raltegravir,spec,sampling.include_t0,True,internal inventory; source judgments in group reports
raltegravir,spec,model.template,pk1_oral_ode,internal inventory; source judgments in group reports
raltegravir,spec,model.units.conc,ng/mL,internal inventory; source judgments in group reports
raltegravir,spec,model.units.mult,1000,internal inventory; source judgments in group reports
raltegravir,spec,model.theta.CL,60.2,internal inventory; source judgments in group reports
raltegravir,spec,model.theta.V,677.4318833998217,internal inventory; source judgments in group reports
raltegravir,spec,model.theta.KA,1.2,internal inventory; source judgments in group reports
raltegravir,spec,model.theta.F1,1.0,internal inventory; source judgments in group reports
raltegravir,spec,model.theta.ALAG1,0.5,internal inventory; source judgments in group reports
raltegravir,spec,iiv.eta.CL,0.09,internal inventory; source judgments in group reports
raltegravir,spec,iiv.eta.V,0.04,internal inventory; source judgments in group reports
raltegravir,spec,iiv.eta.KA,0.16,internal inventory; source judgments in group reports
raltegravir,spec,iiv.corr,False,internal inventory; source judgments in group reports
raltegravir,spec,residual.type,prop+add,internal inventory; source judgments in group reports
raltegravir,spec,residual.prop,0.25,internal inventory; source judgments in group reports
raltegravir,spec,residual.add,0.0,internal inventory; source judgments in group reports
raltegravir,targets,scenario.id,raltegravir_dose400mg_po_single,internal inventory; source judgments in group reports
raltegravir,targets,scenario.route,po,internal inventory; source judgments in group reports
raltegravir,targets,scenario.regimen,single,internal inventory; source judgments in group reports
raltegravir,targets,scenario.dose.value,400.0,internal inventory; source judgments in group reports
raltegravir,targets,scenario.dose.unit,mg,internal inventory; source judgments in group reports
raltegravir,targets,scenario.population.species,human,internal inventory; source judgments in group reports
raltegravir,targets,scenario.population.group,adult_healthy,internal inventory; source judgments in group reports
raltegravir,targets,targets.auc.type,AUC0-inf,internal inventory; source judgments in group reports
raltegravir,targets,targets.auc.value,6644.518272425249,internal inventory; source judgments in group reports
raltegravir,targets,targets.auc.unit,ng*h/mL,internal inventory; source judgments in group reports
raltegravir,targets,targets.auc.summary,geometric_mean,internal inventory; source judgments in group reports
raltegravir,targets,targets.auc.variability.type,gcv_percent,internal inventory; source judgments in group reports
raltegravir,targets,targets.auc.variability.value,35,internal inventory; source judgments in group reports
raltegravir,targets,targets.auc.basis,dose_over_cl,internal inventory; source judgments in group reports
raltegravir,targets,targets.auc.target_basis,dose_over_cl_not_literature_auc,internal inventory; source judgments in group reports
raltegravir,targets,targets.auc.independent_literature_target,False,internal inventory; source judgments in group reports
raltegravir,targets,targets.auc.source_value,CL_abs_L_per_h_at_70kg,internal inventory; source judgments in group reports
raltegravir,targets,targets.auc.role,consistency_check,internal inventory; source judgments in group reports
raltegravir,targets,targets.t_half.phase,terminal,internal inventory; source judgments in group reports
raltegravir,targets,targets.t_half.value,7.8,internal inventory; source judgments in group reports
raltegravir,targets,targets.t_half.unit,h,internal inventory; source judgments in group reports
raltegravir,targets,targets.t_half.summary,arithmetic_mean,internal inventory; source judgments in group reports
raltegravir,targets,targets.t_half.variability.type,sd,internal inventory; source judgments in group reports
raltegravir,targets,targets.t_half.variability.value,1.0,internal inventory; source judgments in group reports
raltegravir,targets,targets.t_half.role,check_only,internal inventory; source judgments in group reports
raltegravir,targets,targets.t_half.used_to_calibrate_cl_v,False,internal inventory; source judgments in group reports
raltegravir,targets,targets.t_half.structural_mismatch.acknowledged,True,internal inventory; source judgments in group reports
raltegravir,targets,targets.t_half.structural_mismatch.reason,one_compartment_fixture_approximation,internal inventory; source judgments in group reports
raltegravir,targets,provenance_review.status,acknowledged_fixture_limitation,internal inventory; source judgments in group reports
raltegravir,targets,provenance_review.reviewer_note,Source_1 reports a multicompartment oral CL/F context; the committed one-compartment V is a transparent derivation and is not jointly calibrated as a clinical model.,internal inventory; source judgments in group reports
raltegravir,targets,provenance_review.reviewed_fields[0],CL,internal inventory; source judgments in group reports
raltegravir,targets,provenance_review.reviewed_fields[1],V,internal inventory; source judgments in group reports
raltegravir,targets,provenance_review.reviewed_fields[2],t_half,internal inventory; source judgments in group reports
sildenafil,spec,version,0.1,internal inventory; source judgments in group reports
sildenafil,spec,study.id,OSP_sildenafil,internal inventory; source judgments in group reports
sildenafil,spec,population.n,100,internal inventory; source judgments in group reports
sildenafil,spec,population.covariates.wt_kg.dist,lognormal,internal inventory; source judgments in group reports
sildenafil,spec,population.covariates.wt_kg.median,70.0,internal inventory; source judgments in group reports
sildenafil,spec,population.covariates.wt_kg.cv,0.25,internal inventory; source judgments in group reports
sildenafil,spec,population.covariates.wt_kg.min,40,internal inventory; source judgments in group reports
sildenafil,spec,population.covariates.wt_kg.max,120,internal inventory; source judgments in group reports
sildenafil,spec,regimen.route,oral,internal inventory; source judgments in group reports
sildenafil,spec,regimen.units.dose,mg,internal inventory; source judgments in group reports
sildenafil,spec,regimen.arms.A.n,100,internal inventory; source judgments in group reports
sildenafil,spec,regimen.arms.A.dose_mg,100,internal inventory; source judgments in group reports
sildenafil,spec,sampling.t_end_h,72.0,internal inventory; source judgments in group reports
sildenafil,spec,sampling.dt_h,0.5,internal inventory; source judgments in group reports
sildenafil,spec,sampling.include_t0,True,internal inventory; source judgments in group reports
sildenafil,spec,model.template,pk1_oral_ode,internal inventory; source judgments in group reports
sildenafil,spec,model.units.conc,ng/mL,internal inventory; source judgments in group reports
sildenafil,spec,model.units.mult,1000,internal inventory; source judgments in group reports
sildenafil,spec,model.theta.CL,18.195113489698564,internal inventory; source judgments in group reports
sildenafil,spec,model.theta.V,105.0,internal inventory; source judgments in group reports
sildenafil,spec,model.theta.KA,1.2,internal inventory; source judgments in group reports
sildenafil,spec,model.theta.F1,1.0,internal inventory; source judgments in group reports
sildenafil,spec,model.theta.ALAG1,0.5,internal inventory; source judgments in group reports
sildenafil,spec,iiv.eta.CL,0.09,internal inventory; source judgments in group reports
sildenafil,spec,iiv.eta.V,0.04,internal inventory; source judgments in group reports
sildenafil,spec,iiv.eta.KA,0.16,internal inventory; source judgments in group reports
sildenafil,spec,iiv.corr,False,internal inventory; source judgments in group reports
sildenafil,spec,residual.type,prop+add,internal inventory; source judgments in group reports
sildenafil,spec,residual.prop,0.25,internal inventory; source judgments in group reports
sildenafil,spec,residual.add,0.0,internal inventory; source judgments in group reports
sildenafil,targets,scenario.id,sildenafil_dose100mg_po_single,internal inventory; source judgments in group reports
sildenafil,targets,scenario.route,po,internal inventory; source judgments in group reports
sildenafil,targets,scenario.regimen,single,internal inventory; source judgments in group reports
sildenafil,targets,scenario.dose.value,100.0,internal inventory; source judgments in group reports
sildenafil,targets,scenario.dose.unit,mg,internal inventory; source judgments in group reports
sildenafil,targets,scenario.population.species,human,internal inventory; source judgments in group reports
sildenafil,targets,scenario.population.group,adult_healthy,internal inventory; source judgments in group reports
sildenafil,targets,targets.auc.type,AUC0-inf,internal inventory; source judgments in group reports
sildenafil,targets,targets.auc.value,5495.981108148432,internal inventory; source judgments in group reports
sildenafil,targets,targets.auc.unit,ng*h/mL,internal inventory; source judgments in group reports
sildenafil,targets,targets.auc.summary,geometric_mean,internal inventory; source judgments in group reports
sildenafil,targets,targets.auc.variability.type,gcv_percent,internal inventory; source judgments in group reports
sildenafil,targets,targets.auc.variability.value,35,internal inventory; source judgments in group reports
sildenafil,targets,targets.auc.basis,dose_over_cl,internal inventory; source judgments in group reports
sildenafil,targets,targets.auc.target_basis,dose_over_cl_not_literature_auc,internal inventory; source judgments in group reports
sildenafil,targets,targets.auc.independent_literature_target,False,internal inventory; source judgments in group reports
sildenafil,targets,targets.auc.source_value,CL_abs_L_per_h_at_70kg,internal inventory; source judgments in group reports
sildenafil,targets,targets.auc.role,consistency_check,internal inventory; source judgments in group reports
sildenafil,targets,targets.t_half.phase,terminal,internal inventory; source judgments in group reports
sildenafil,targets,targets.t_half.value,4.0,internal inventory; source judgments in group reports
sildenafil,targets,targets.t_half.unit,h,internal inventory; source judgments in group reports
sildenafil,targets,targets.t_half.summary,arithmetic_mean,internal inventory; source judgments in group reports
sildenafil,targets,targets.t_half.variability.type,sd,internal inventory; source judgments in group reports
sildenafil,targets,targets.t_half.variability.value,1.0,internal inventory; source judgments in group reports
sildenafil,targets,targets.t_half.role,check_only,internal inventory; source judgments in group reports
sildenafil,targets,targets.t_half.used_to_calibrate_cl_v,False,internal inventory; source judgments in group reports
sildenafil,targets,targets.t_half.structural_mismatch.acknowledged,False,internal inventory; source judgments in group reports
sildenafil,targets,targets.t_half.structural_mismatch.reason,,internal inventory; source judgments in group reports
sufentanil,spec,version,0.1,internal inventory; source judgments in group reports
sufentanil,spec,study.id,OSP_sufentanil,internal inventory; source judgments in group reports
sufentanil,spec,population.n,100,internal inventory; source judgments in group reports
sufentanil,spec,population.covariates.wt_kg.dist,lognormal,internal inventory; source judgments in group reports
sufentanil,spec,population.covariates.wt_kg.median,70.0,internal inventory; source judgments in group reports
sufentanil,spec,population.covariates.wt_kg.cv,0.25,internal inventory; source judgments in group reports
sufentanil,spec,population.covariates.wt_kg.min,40,internal inventory; source judgments in group reports
sufentanil,spec,population.covariates.wt_kg.max,120,internal inventory; source judgments in group reports
sufentanil,spec,regimen.route,sublingual,internal inventory; source judgments in group reports
sufentanil,spec,regimen.units.dose,mg,internal inventory; source judgments in group reports
sufentanil,spec,regimen.arms.A.n,100,internal inventory; source judgments in group reports
sufentanil,spec,regimen.arms.A.dose_mg,0.03,internal inventory; source judgments in group reports
sufentanil,spec,sampling.t_end_h,72.0,internal inventory; source judgments in group reports
sufentanil,spec,sampling.dt_h,0.5,internal inventory; source judgments in group reports
sufentanil,spec,sampling.include_t0,True,internal inventory; source judgments in group reports
sufentanil,spec,model.template,pk1_oral_ode,internal inventory; source judgments in group reports
sufentanil,spec,model.units.conc,ng/mL,internal inventory; source judgments in group reports
sufentanil,spec,model.units.mult,1000,internal inventory; source judgments in group reports
sufentanil,spec,model.theta.CL,108.0,internal inventory; source judgments in group reports
sufentanil,spec,model.theta.V,2087.868263174508,internal inventory; source judgments in group reports
sufentanil,spec,model.theta.KA,1.2,internal inventory; source judgments in group reports
sufentanil,spec,model.theta.F1,1.0,internal inventory; source judgments in group reports
sufentanil,spec,model.theta.ALAG1,0.5,internal inventory; source judgments in group reports
sufentanil,spec,iiv.eta.CL,0.09,internal inventory; source judgments in group reports
sufentanil,spec,iiv.eta.V,0.04,internal inventory; source judgments in group reports
sufentanil,spec,iiv.eta.KA,0.16,internal inventory; source judgments in group reports
sufentanil,spec,iiv.corr,False,internal inventory; source judgments in group reports
sufentanil,spec,residual.type,prop+add,internal inventory; source judgments in group reports
sufentanil,spec,residual.prop,0.25,internal inventory; source judgments in group reports
sufentanil,spec,residual.add,0.0,internal inventory; source judgments in group reports
sufentanil,targets,scenario.id,sufentanil_dose0.03mg_sl_single,internal inventory; source judgments in group reports
sufentanil,targets,scenario.route,sl,internal inventory; source judgments in group reports
sufentanil,targets,scenario.regimen,single,internal inventory; source judgments in group reports
sufentanil,targets,scenario.dose.value,0.03,internal inventory; source judgments in group reports
sufentanil,targets,scenario.dose.unit,mg,internal inventory; source judgments in group reports
sufentanil,targets,scenario.population.species,human,internal inventory; source judgments in group reports
sufentanil,targets,scenario.population.group,adult_healthy,internal inventory; source judgments in group reports
sufentanil,targets,targets.auc.type,AUC0-inf,internal inventory; source judgments in group reports
sufentanil,targets,targets.auc.value,0.278,internal inventory; source judgments in group reports
sufentanil,targets,targets.auc.unit,ng*h/mL,internal inventory; source judgments in group reports
sufentanil,targets,targets.auc.summary,mean,internal inventory; source judgments in group reports
sufentanil,targets,targets.auc.variability.type,gcv_percent,internal inventory; source judgments in group reports
sufentanil,targets,targets.auc.variability.value,35,internal inventory; source judgments in group reports
sufentanil,targets,targets.auc.basis,literature_reported,internal inventory; source judgments in group reports
sufentanil,targets,targets.auc.target_basis,dailymed_single_dose_auc,internal inventory; source judgments in group reports
sufentanil,targets,targets.auc.independent_literature_target,True,internal inventory; source judgments in group reports
sufentanil,targets,targets.auc.source_id,source_1,internal inventory; source judgments in group reports
sufentanil,targets,targets.auc.raw_value,278,internal inventory; source judgments in group reports
sufentanil,targets,targets.auc.raw_unit,h*pg/mL,internal inventory; source judgments in group reports
sufentanil,targets,targets.auc.conversion.method,concentration_unit_conversion,internal inventory; source judgments in group reports
sufentanil,targets,targets.auc.conversion.formula,278 h*pg/mL * 0.001 ng/pg,internal inventory; source judgments in group reports
sufentanil,targets,targets.auc.role,literature_check,internal inventory; source judgments in group reports
sufentanil,targets,targets.t_half.phase,terminal,internal inventory; source judgments in group reports
sufentanil,targets,targets.t_half.value,13.4,internal inventory; source judgments in group reports
sufentanil,targets,targets.t_half.unit,h,internal inventory; source judgments in group reports
sufentanil,targets,targets.t_half.summary,arithmetic_mean,internal inventory; source judgments in group reports
sufentanil,targets,targets.t_half.variability.type,sd,internal inventory; source judgments in group reports
sufentanil,targets,targets.t_half.variability.value,1.0,internal inventory; source judgments in group reports
sufentanil,targets,targets.t_half.role,check_only,internal inventory; source judgments in group reports
sufentanil,targets,targets.t_half.used_to_calibrate_cl_v,False,internal inventory; source judgments in group reports
sufentanil,targets,targets.t_half.structural_mismatch.acknowledged,False,internal inventory; source judgments in group reports
sufentanil,targets,targets.t_half.structural_mismatch.reason,,internal inventory; source judgments in group reports
tefibazumab,spec,version,0.1,internal inventory; source judgments in group reports
tefibazumab,spec,study.id,OSP_tefibazumab,internal inventory; source judgments in group reports
tefibazumab,spec,population.n,100,internal inventory; source judgments in group reports
tefibazumab,spec,population.covariates.wt_kg.dist,lognormal,internal inventory; source judgments in group reports
tefibazumab,spec,population.covariates.wt_kg.median,70.0,internal inventory; source judgments in group reports
tefibazumab,spec,population.covariates.wt_kg.cv,0.25,internal inventory; source judgments in group reports
tefibazumab,spec,population.covariates.wt_kg.min,40,internal inventory; source judgments in group reports
tefibazumab,spec,population.covariates.wt_kg.max,120,internal inventory; source judgments in group reports
tefibazumab,spec,regimen.route,iv,internal inventory; source judgments in group reports
tefibazumab,spec,regimen.units.dose,mg,internal inventory; source judgments in group reports
tefibazumab,spec,regimen.arms.A.n,100,internal inventory; source judgments in group reports
tefibazumab,spec,regimen.arms.A.dose_mg,100,internal inventory; source judgments in group reports
tefibazumab,spec,sampling.t_end_h,168.0,internal inventory; source judgments in group reports
tefibazumab,spec,sampling.dt_h,0.5,internal inventory; source judgments in group reports
tefibazumab,spec,sampling.include_t0,True,internal inventory; source judgments in group reports
tefibazumab,spec,model.template,pk1_iv_ode,internal inventory; source judgments in group reports
tefibazumab,spec,model.units.conc,ng/mL,internal inventory; source judgments in group reports
tefibazumab,spec,model.units.mult,1000,internal inventory; source judgments in group reports
tefibazumab,spec,model.theta.CL,0.012,internal inventory; source judgments in group reports
tefibazumab,spec,model.theta.V,7.3,internal inventory; source judgments in group reports
tefibazumab,spec,iiv.eta.CL,0.09,internal inventory; source judgments in group reports
tefibazumab,spec,iiv.eta.V,0.04,internal inventory; source judgments in group reports
tefibazumab,spec,iiv.corr,False,internal inventory; source judgments in group reports
tefibazumab,spec,residual.type,prop+add,internal inventory; source judgments in group reports
tefibazumab,spec,residual.prop,0.25,internal inventory; source judgments in group reports
tefibazumab,spec,residual.add,0.0,internal inventory; source judgments in group reports
tefibazumab,targets,scenario.id,tefibazumab_dose100mg_iv_single,internal inventory; source judgments in group reports
tefibazumab,targets,scenario.route,iv,internal inventory; source judgments in group reports
tefibazumab,targets,scenario.regimen,single,internal inventory; source judgments in group reports
tefibazumab,targets,scenario.dose.value,100.0,internal inventory; source judgments in group reports
tefibazumab,targets,scenario.dose.unit,mg,internal inventory; source judgments in group reports
tefibazumab,targets,scenario.population.species,human,internal inventory; source judgments in group reports
tefibazumab,targets,scenario.population.group,adult_healthy,internal inventory; source judgments in group reports
tefibazumab,targets,targets.auc.type,AUC0-inf,internal inventory; source judgments in group reports
tefibazumab,targets,targets.auc.value,8333333.333333333,internal inventory; source judgments in group reports
tefibazumab,targets,targets.auc.unit,ng*h/mL,internal inventory; source judgments in group reports
tefibazumab,targets,targets.auc.summary,geometric_mean,internal inventory; source judgments in group reports
tefibazumab,targets,targets.auc.variability.type,gcv_percent,internal inventory; source judgments in group reports
tefibazumab,targets,targets.auc.variability.value,35,internal inventory; source judgments in group reports
tefibazumab,targets,targets.auc.basis,dose_over_cl,internal inventory; source judgments in group reports
tefibazumab,targets,targets.auc.target_basis,dose_over_cl_not_literature_auc,internal inventory; source judgments in group reports
tefibazumab,targets,targets.auc.independent_literature_target,False,internal inventory; source judgments in group reports
tefibazumab,targets,targets.auc.source_value,CL_abs_L_per_h_at_70kg,internal inventory; source judgments in group reports
tefibazumab,targets,targets.auc.role,consistency_check,internal inventory; source judgments in group reports
tefibazumab,targets,targets.t_half.phase,terminal,internal inventory; source judgments in group reports
tefibazumab,targets,targets.t_half.value,420.0,internal inventory; source judgments in group reports
tefibazumab,targets,targets.t_half.unit,h,internal inventory; source judgments in group reports
tefibazumab,targets,targets.t_half.summary,arithmetic_mean,internal inventory; source judgments in group reports
tefibazumab,targets,targets.t_half.variability.type,sd,internal inventory; source judgments in group reports
tefibazumab,targets,targets.t_half.variability.value,1.0,internal inventory; source judgments in group reports
tefibazumab,targets,targets.t_half.role,check_only,internal inventory; source judgments in group reports
tefibazumab,targets,targets.t_half.used_to_calibrate_cl_v,False,internal inventory; source judgments in group reports
tefibazumab,targets,targets.t_half.structural_mismatch.acknowledged,False,internal inventory; source judgments in group reports
tefibazumab,targets,targets.t_half.structural_mismatch.reason,,internal inventory; source judgments in group reports
tizanidine,spec,version,0.1,internal inventory; source judgments in group reports
tizanidine,spec,study.id,OSP_tizanidine,internal inventory; source judgments in group reports
tizanidine,spec,population.n,100,internal inventory; source judgments in group reports
tizanidine,spec,population.covariates.wt_kg.dist,lognormal,internal inventory; source judgments in group reports
tizanidine,spec,population.covariates.wt_kg.median,70.0,internal inventory; source judgments in group reports
tizanidine,spec,population.covariates.wt_kg.cv,0.25,internal inventory; source judgments in group reports
tizanidine,spec,population.covariates.wt_kg.min,40,internal inventory; source judgments in group reports
tizanidine,spec,population.covariates.wt_kg.max,120,internal inventory; source judgments in group reports
tizanidine,spec,regimen.route,oral,internal inventory; source judgments in group reports
tizanidine,spec,regimen.units.dose,mg,internal inventory; source judgments in group reports
tizanidine,spec,regimen.arms.A.n,100,internal inventory; source judgments in group reports
tizanidine,spec,regimen.arms.A.dose_mg,100,internal inventory; source judgments in group reports
tizanidine,spec,sampling.t_end_h,72.0,internal inventory; source judgments in group reports
tizanidine,spec,sampling.dt_h,0.5,internal inventory; source judgments in group reports
tizanidine,spec,sampling.include_t0,True,internal inventory; source judgments in group reports
tizanidine,spec,model.template,pk1_oral_ode,internal inventory; source judgments in group reports
tizanidine,spec,model.units.conc,ng/mL,internal inventory; source judgments in group reports
tizanidine,spec,model.units.mult,1000,internal inventory; source judgments in group reports
tizanidine,spec,model.theta.CL,46.579490533628324,internal inventory; source judgments in group reports
tizanidine,spec,model.theta.V,168.0,internal inventory; source judgments in group reports
tizanidine,spec,model.theta.KA,1.2,internal inventory; source judgments in group reports
tizanidine,spec,model.theta.F1,0.4,internal inventory; source judgments in group reports
tizanidine,spec,model.theta.ALAG1,0.5,internal inventory; source judgments in group reports
tizanidine,spec,iiv.eta.CL,0.09,internal inventory; source judgments in group reports
tizanidine,spec,iiv.eta.V,0.04,internal inventory; source judgments in group reports
tizanidine,spec,iiv.eta.KA,0.16,internal inventory; source judgments in group reports
tizanidine,spec,iiv.corr,False,internal inventory; source judgments in group reports
tizanidine,spec,residual.type,prop+add,internal inventory; source judgments in group reports
tizanidine,spec,residual.prop,0.25,internal inventory; source judgments in group reports
tizanidine,spec,residual.add,0.0,internal inventory; source judgments in group reports
tizanidine,targets,scenario.id,tizanidine_dose100mg_po_single,internal inventory; source judgments in group reports
tizanidine,targets,scenario.route,po,internal inventory; source judgments in group reports
tizanidine,targets,scenario.regimen,single,internal inventory; source judgments in group reports
tizanidine,targets,scenario.dose.value,100.0,internal inventory; source judgments in group reports
tizanidine,targets,scenario.dose.unit,mg,internal inventory; source judgments in group reports
tizanidine,targets,scenario.population.species,human,internal inventory; source judgments in group reports
tizanidine,targets,scenario.population.group,adult_healthy,internal inventory; source judgments in group reports
tizanidine,targets,targets.auc.type,AUC0-inf,internal inventory; source judgments in group reports
tizanidine,targets,targets.auc.value,858.7470481481926,internal inventory; source judgments in group reports
tizanidine,targets,targets.auc.unit,ng*h/mL,internal inventory; source judgments in group reports
tizanidine,targets,targets.auc.summary,geometric_mean,internal inventory; source judgments in group reports
tizanidine,targets,targets.auc.variability.type,gcv_percent,internal inventory; source judgments in group reports
tizanidine,targets,targets.auc.variability.value,35,internal inventory; source judgments in group reports
tizanidine,targets,targets.auc.basis,f_dose_over_cl,internal inventory; source judgments in group reports
tizanidine,targets,targets.auc.target_basis,f_dose_over_cl_systemic_not_literature_auc,internal inventory; source judgments in group reports
tizanidine,targets,targets.auc.bioavailability_frac,0.4,internal inventory; source judgments in group reports
tizanidine,targets,targets.auc.independent_literature_target,False,internal inventory; source judgments in group reports
tizanidine,targets,targets.auc.source_value,CL_systemic_L_per_h_at_70kg,internal inventory; source judgments in group reports
tizanidine,targets,targets.auc.role,consistency_check,internal inventory; source judgments in group reports
tizanidine,targets,targets.t_half.phase,terminal,internal inventory; source judgments in group reports
tizanidine,targets,targets.t_half.value,2.5,internal inventory; source judgments in group reports
tizanidine,targets,targets.t_half.unit,h,internal inventory; source judgments in group reports
tizanidine,targets,targets.t_half.summary,arithmetic_mean,internal inventory; source judgments in group reports
tizanidine,targets,targets.t_half.variability.type,sd,internal inventory; source judgments in group reports
tizanidine,targets,targets.t_half.variability.value,1.0,internal inventory; source judgments in group reports
tizanidine,targets,targets.t_half.role,check_only,internal inventory; source judgments in group reports
tizanidine,targets,targets.t_half.used_to_calibrate_cl_v,False,internal inventory; source judgments in group reports
tizanidine,targets,targets.t_half.structural_mismatch.acknowledged,False,internal inventory; source judgments in group reports
tizanidine,targets,targets.t_half.structural_mismatch.reason,,internal inventory; source judgments in group reports
triazolam,spec,version,0.1,internal inventory; source judgments in group reports
triazolam,spec,study.id,OSP_triazolam,internal inventory; source judgments in group reports
triazolam,spec,population.n,100,internal inventory; source judgments in group reports
triazolam,spec,population.covariates.wt_kg.dist,lognormal,internal inventory; source judgments in group reports
triazolam,spec,population.covariates.wt_kg.median,70.0,internal inventory; source judgments in group reports
triazolam,spec,population.covariates.wt_kg.cv,0.25,internal inventory; source judgments in group reports
triazolam,spec,population.covariates.wt_kg.min,40,internal inventory; source judgments in group reports
triazolam,spec,population.covariates.wt_kg.max,120,internal inventory; source judgments in group reports
triazolam,spec,regimen.route,oral,internal inventory; source judgments in group reports
triazolam,spec,regimen.units.dose,mg,internal inventory; source judgments in group reports
triazolam,spec,regimen.arms.A.n,100,internal inventory; source judgments in group reports
triazolam,spec,regimen.arms.A.dose_mg,100,internal inventory; source judgments in group reports
triazolam,spec,sampling.t_end_h,72.0,internal inventory; source judgments in group reports
triazolam,spec,sampling.dt_h,0.5,internal inventory; source judgments in group reports
triazolam,spec,sampling.include_t0,True,internal inventory; source judgments in group reports
triazolam,spec,model.template,pk1_oral_ode,internal inventory; source judgments in group reports
triazolam,spec,model.units.conc,ng/mL,internal inventory; source judgments in group reports
triazolam,spec,model.units.mult,1000,internal inventory; source judgments in group reports
triazolam,spec,model.theta.CL,31.560000000000002,internal inventory; source judgments in group reports
triazolam,spec,model.theta.V,159.36009421659492,internal inventory; source judgments in group reports
triazolam,spec,model.theta.KA,1.2,internal inventory; source judgments in group reports
triazolam,spec,model.theta.F1,1.0,internal inventory; source judgments in group reports
triazolam,spec,model.theta.ALAG1,0.5,internal inventory; source judgments in group reports
triazolam,spec,iiv.eta.CL,0.09,internal inventory; source judgments in group reports
triazolam,spec,iiv.eta.V,0.04,internal inventory; source judgments in group reports
triazolam,spec,iiv.eta.KA,0.16,internal inventory; source judgments in group reports
triazolam,spec,iiv.corr,False,internal inventory; source judgments in group reports
triazolam,spec,residual.type,prop+add,internal inventory; source judgments in group reports
triazolam,spec,residual.prop,0.25,internal inventory; source judgments in group reports
triazolam,spec,residual.add,0.0,internal inventory; source judgments in group reports
triazolam,targets,scenario.id,triazolam_dose100mg_po_single,internal inventory; source judgments in group reports
triazolam,targets,scenario.route,po,internal inventory; source judgments in group reports
triazolam,targets,scenario.regimen,single,internal inventory; source judgments in group reports
triazolam,targets,scenario.dose.value,100.0,internal inventory; source judgments in group reports
triazolam,targets,scenario.dose.unit,mg,internal inventory; source judgments in group reports
triazolam,targets,scenario.population.species,human,internal inventory; source judgments in group reports
triazolam,targets,scenario.population.group,adult_healthy,internal inventory; source judgments in group reports
triazolam,targets,targets.auc.type,AUC0-inf,internal inventory; source judgments in group reports
triazolam,targets,targets.auc.value,3168.5678073510776,internal inventory; source judgments in group reports
triazolam,targets,targets.auc.unit,ng*h/mL,internal inventory; source judgments in group reports
triazolam,targets,targets.auc.summary,fixture_consistency_check,internal inventory; source judgments in group reports
triazolam,targets,targets.auc.variability.type,gcv_percent,internal inventory; source judgments in group reports
triazolam,targets,targets.auc.variability.value,35,internal inventory; source judgments in group reports
triazolam,targets,targets.auc.basis,dose_over_cl,internal inventory; source judgments in group reports
triazolam,targets,targets.auc.target_basis,dose_over_cl_not_literature_auc,internal inventory; source judgments in group reports
triazolam,targets,targets.auc.independent_literature_target,False,internal inventory; source judgments in group reports
triazolam,targets,targets.auc.source_value,CL_abs_L_per_h_at_70kg,internal inventory; source judgments in group reports
triazolam,targets,targets.auc.role,consistency_check,internal inventory; source judgments in group reports
triazolam,targets,targets.t_half.phase,terminal,internal inventory; source judgments in group reports
triazolam,targets,targets.t_half.value,3.5,internal inventory; source judgments in group reports
triazolam,targets,targets.t_half.unit,h,internal inventory; source judgments in group reports
triazolam,targets,targets.t_half.summary,arithmetic_mean,internal inventory; source judgments in group reports
triazolam,targets,targets.t_half.variability.type,sd,internal inventory; source judgments in group reports
triazolam,targets,targets.t_half.variability.value,1.0,internal inventory; source judgments in group reports
triazolam,targets,targets.t_half.role,check_only,internal inventory; source judgments in group reports
triazolam,targets,targets.t_half.used_to_calibrate_cl_v,False,internal inventory; source judgments in group reports
triazolam,targets,targets.t_half.structural_mismatch.acknowledged,False,internal inventory; source judgments in group reports
triazolam,targets,targets.t_half.structural_mismatch.reason,,internal inventory; source judgments in group reports
verapamil,spec,version,0.1,internal inventory; source judgments in group reports
verapamil,spec,study.id,OSP_verapamil,internal inventory; source judgments in group reports
verapamil,spec,population.n,100,internal inventory; source judgments in group reports
verapamil,spec,population.covariates.wt_kg.dist,lognormal,internal inventory; source judgments in group reports
verapamil,spec,population.covariates.wt_kg.median,70.0,internal inventory; source judgments in group reports
verapamil,spec,population.covariates.wt_kg.cv,0.25,internal inventory; source judgments in group reports
verapamil,spec,population.covariates.wt_kg.min,40,internal inventory; source judgments in group reports
verapamil,spec,population.covariates.wt_kg.max,120,internal inventory; source judgments in group reports
verapamil,spec,regimen.route,oral,internal inventory; source judgments in group reports
verapamil,spec,regimen.units.dose,mg,internal inventory; source judgments in group reports
verapamil,spec,regimen.arms.A.n,100,internal inventory; source judgments in group reports
verapamil,spec,regimen.arms.A.dose_mg,100,internal inventory; source judgments in group reports
verapamil,spec,sampling.t_end_h,72.0,internal inventory; source judgments in group reports
verapamil,spec,sampling.dt_h,0.5,internal inventory; source judgments in group reports
verapamil,spec,sampling.include_t0,True,internal inventory; source judgments in group reports
verapamil,spec,model.template,pk1_oral_ode,internal inventory; source judgments in group reports
verapamil,spec,model.units.conc,ng/mL,internal inventory; source judgments in group reports
verapamil,spec,model.units.mult,1000,internal inventory; source judgments in group reports
verapamil,spec,model.theta.CL,30.0384,internal inventory; source judgments in group reports
verapamil,spec,model.theta.V,175.7,internal inventory; source judgments in group reports
verapamil,spec,model.theta.KA,1.2,internal inventory; source judgments in group reports
verapamil,spec,model.theta.F1,0.2247,internal inventory; source judgments in group reports
verapamil,spec,model.theta.ALAG1,0.5,internal inventory; source judgments in group reports
verapamil,spec,iiv.eta.CL,0.09,internal inventory; source judgments in group reports
verapamil,spec,iiv.eta.V,0.04,internal inventory; source judgments in group reports
verapamil,spec,iiv.eta.KA,0.16,internal inventory; source judgments in group reports
verapamil,spec,iiv.corr,False,internal inventory; source judgments in group reports
verapamil,spec,residual.type,prop+add,internal inventory; source judgments in group reports
verapamil,spec,residual.prop,0.25,internal inventory; source judgments in group reports
verapamil,spec,residual.add,0.0,internal inventory; source judgments in group reports
verapamil,targets,scenario.id,verapamil_dose100mg_po_single,internal inventory; source judgments in group reports
verapamil,targets,scenario.route,po,internal inventory; source judgments in group reports
verapamil,targets,scenario.regimen,single,internal inventory; source judgments in group reports
verapamil,targets,scenario.dose.value,100.0,internal inventory; source judgments in group reports
verapamil,targets,scenario.dose.unit,mg,internal inventory; source judgments in group reports
verapamil,targets,scenario.population.species,human,internal inventory; source judgments in group reports
verapamil,targets,scenario.population.group,adult_healthy,internal inventory; source judgments in group reports
verapamil,targets,targets.auc.type,AUC0-inf,internal inventory; source judgments in group reports
verapamil,targets,targets.auc.value,748.0425055928413,internal inventory; source judgments in group reports
verapamil,targets,targets.auc.unit,ng*h/mL,internal inventory; source judgments in group reports
verapamil,targets,targets.auc.summary,fixture_consistency_check,internal inventory; source judgments in group reports
verapamil,targets,targets.auc.variability.type,gcv_percent,internal inventory; source judgments in group reports
verapamil,targets,targets.auc.variability.value,35,internal inventory; source judgments in group reports
verapamil,targets,targets.auc.basis,f_dose_over_cl,internal inventory; source judgments in group reports
verapamil,targets,targets.auc.target_basis,f_dose_over_cl_systemic_not_literature_auc,internal inventory; source judgments in group reports
verapamil,targets,targets.auc.independent_literature_target,False,internal inventory; source judgments in group reports
verapamil,targets,targets.auc.source_value,CL_systemic_L_per_h_at_70kg,internal inventory; source judgments in group reports
verapamil,targets,targets.auc.bioavailability_frac,0.2247,internal inventory; source judgments in group reports
verapamil,targets,targets.auc.role,consistency_check,internal inventory; source judgments in group reports
verapamil,targets,targets.t_half.phase,terminal,internal inventory; source judgments in group reports
verapamil,targets,targets.t_half.value,5.1,internal inventory; source judgments in group reports
verapamil,targets,targets.t_half.unit,h,internal inventory; source judgments in group reports
verapamil,targets,targets.t_half.summary,arithmetic_mean,internal inventory; source judgments in group reports
verapamil,targets,targets.t_half.variability.type,sd,internal inventory; source judgments in group reports
verapamil,targets,targets.t_half.variability.value,1.275,internal inventory; source judgments in group reports
verapamil,targets,targets.t_half.role,check_only,internal inventory; source judgments in group reports
verapamil,targets,targets.t_half.used_to_calibrate_cl_v,False,internal inventory; source judgments in group reports
verapamil,targets,targets.t_half.structural_mismatch.acknowledged,True,internal inventory; source judgments in group reports
verapamil,targets,targets.t_half.structural_mismatch.reason,one_compartment_fixture_approximation,internal inventory; source judgments in group reports
verapamil,targets,provenance_review.status,acknowledged_fixture_limitation,internal inventory; source judgments in group reports
verapamil,targets,provenance_review.reviewer_note,t_half is retained as a check target only. CL/V are used for one-compartment fixture generation and are not jointly calibrated to match literature terminal half-life.,internal inventory; source judgments in group reports
verapamil,targets,provenance_review.reviewed_fields[0],CL,internal inventory; source judgments in group reports
verapamil,targets,provenance_review.reviewed_fields[1],V,internal inventory; source judgments in group reports
verapamil,targets,provenance_review.reviewed_fields[2],t_half,internal inventory; source judgments in group reports
