record_type,drug,drug_id,route,spec_file,parameter,source_field,fixture_value,fixture_unit,reference_value,reference_unit,value_basis,role,basis,source_id,source_url,source_record_index,source_review_status,source_mapping_status,source_verification_status,source_review_blocker,source_verification_note,reviewer_status,reviewer_note,fixture_limitation_status,raw_value,raw_unit,normalized_value,normalized_unit,pk_raw_excerpt,conversion_method,conversion_formula,assumptions,reference_status,notes
model_parameter,abciximab,osp::abciximab,iv_bolus,spec_pk1_iv.yml,model.theta.CL,derived.CL_abs_L_per_h_at_70kg,10.98,,10.98,L/h,derived_from_reported,simulation_parameter,,source_2,https://pubmed.ncbi.nlm.nih.gov/11907493/,2,checked,checked,,,,checked,"PubMed source_2 reports steady-state clearance 183 +/- 72 mL/min in healthy subjects. The canonical value uses the reported mean, converted to L/h; intersubject variability is not represented by this deterministic fixture.",acknowledged,183,mL/min,10.98,L/h,"{""bioavailability"":""N/A (IV only)"",""clearance"":""183 +/- 72 mL/min"",""elimination_route"":""細網内皮系による代謝"",""half_life"":""20-30 minutes"",""volume_of_distribution"":""1.44 L/kg""}",unit_conversion,183 mL/min * 60 min/h / 1000 mL/L,"{""reported_variability"":""72 mL/min SD"",""route_context"":""IV_steady_state_healthy_subjects""}",mapped_to_pk_derived,Compare with pk.yml derived CL and confirm apparent/systemic basis.
model_parameter,abciximab,osp::abciximab,iv_bolus,spec_pk1_iv.yml,model.theta.V,derived.V_abs_L_at_70kg,100.8,,100.8,L,derived_from_reported,simulation_parameter,,source_6,https://ascpt.onlinelibrary.wiley.com/doi/abs/10.1016/j.clpt.2003.11.342,6,checked,checked,,,,checked,The Wiley conference abstract indexed as source_6 reports IV Vss 1.44 L/kg. The value is mapped for traceability but remains a conference-abstract fixture input; it is not a substitute for a full peer-reviewed population PK report.,acknowledged,1.44,L/kg,100.8,L,"{""bioavailability"":""N/A (IV only)"",""clearance"":""183 +/- 72 mL/min"",""elimination_route"":""細網内皮系による代謝"",""half_life"":""20-30 minutes"",""volume_of_distribution"":""1.44 L/kg""}",body_weight_scaled,pk_parsed.volume.value * pk_parsed.weight_ref_kg_for_abs,"{""weight_ref_kg_for_abs"":70.0}",mapped_to_pk_derived,Compare with pk.yml derived V and confirm apparent/systemic basis.
model_variability,abciximab,osp::abciximab,iv_bolus,spec_pk1_iv.yml,iiv.eta.CL,,0.09,omega^2,,,fixture_policy,simulation_parameter,,,,,,not_applicable,,,,,,,,,,,,,,,fixture_policy_no_external_source,IIV/residual-error value from the demo spec; not a direct literature estimate unless separately mapped.
model_variability,abciximab,osp::abciximab,iv_bolus,spec_pk1_iv.yml,iiv.eta.V,,0.04,omega^2,,,fixture_policy,simulation_parameter,,,,,,not_applicable,,,,,,,,,,,,,,,fixture_policy_no_external_source,IIV/residual-error value from the demo spec; not a direct literature estimate unless separately mapped.
model_variability,abciximab,osp::abciximab,iv_bolus,spec_pk1_iv.yml,residual.add,,0.0,concentration,,,fixture_policy,simulation_parameter,,,,,,not_applicable,,,,,,,,,,,,,,,fixture_policy_no_external_source,IIV/residual-error value from the demo spec; not a direct literature estimate unless separately mapped.
model_variability,abciximab,osp::abciximab,iv_bolus,spec_pk1_iv.yml,residual.prop,,0.25,fraction,,,fixture_policy,simulation_parameter,,,,,,not_applicable,,,,,,,,,,,,,,,fixture_policy_no_external_source,IIV/residual-error value from the demo spec; not a direct literature estimate unless separately mapped.
pk_parameter,abciximab,osp::abciximab,iv,spec_pk1_iv.yml,CL_abs_L_per_h_at_70kg,IV_steady_state_clearance_in_healthy_subjects,10.98,L/h,10.98,L/h,derived_from_reported,simulation_parameter,,source_2,https://pubmed.ncbi.nlm.nih.gov/11907493/,2,checked,checked,,,,checked,"PubMed source_2 reports steady-state clearance 183 +/- 72 mL/min in healthy subjects. The canonical value uses the reported mean, converted to L/h; intersubject variability is not represented by this deterministic fixture.",acknowledged,183,mL/min,10.98,L/h,"{""bioavailability"":""N/A (IV only)"",""clearance"":""183 +/- 72 mL/min"",""elimination_route"":""細網内皮系による代謝"",""half_life"":""20-30 minutes"",""volume_of_distribution"":""1.44 L/kg""}",unit_conversion,183 mL/min * 60 min/h / 1000 mL/L,"{""reported_variability"":""72 mL/min SD"",""route_context"":""IV_steady_state_healthy_subjects""}",value_level_metadata,Canonical independent CL/V values used by the 1-compartment fixture; inspect basis and conversion before external use.
pk_parameter,abciximab,osp::abciximab,iv,spec_pk1_iv.yml,CL_systemic_L_per_h_at_70kg,derived.CL_systemic_L_per_h_at_70kg,10.98,L/h,,,derived_from_reported,derived_output,,,,,,source_url_present_not_parameter_mapped,,,,,,,,,,,"{""bioavailability"":""N/A (IV only)"",""clearance"":""183 +/- 72 mL/min"",""elimination_route"":""細網内皮系による代謝"",""half_life"":""20-30 minutes"",""volume_of_distribution"":""1.44 L/kg""}",,derived.CL_apparent_L_per_h_at_70kg * pk_parsed.bioavailability_frac,,derived_from_pk_yml_source_fields,Derived systemic value; do not treat as directly reported unless the source mapping says so.
pk_parameter,abciximab,osp::abciximab,iv,spec_pk1_iv.yml,V_abs_L_at_70kg,IV_volume_of_distribution_conference_abstract,100.8,L,100.8,L,derived_from_reported,simulation_parameter,,source_6,https://ascpt.onlinelibrary.wiley.com/doi/abs/10.1016/j.clpt.2003.11.342,6,checked,checked,,,,checked,The Wiley conference abstract indexed as source_6 reports IV Vss 1.44 L/kg. The value is mapped for traceability but remains a conference-abstract fixture input; it is not a substitute for a full peer-reviewed population PK report.,acknowledged,1.44,L/kg,100.8,L,"{""bioavailability"":""N/A (IV only)"",""clearance"":""183 +/- 72 mL/min"",""elimination_route"":""細網内皮系による代謝"",""half_life"":""20-30 minutes"",""volume_of_distribution"":""1.44 L/kg""}",body_weight_scaled,pk_parsed.volume.value * pk_parsed.weight_ref_kg_for_abs,"{""weight_ref_kg_for_abs"":70.0}",value_level_metadata,Canonical independent CL/V values used by the 1-compartment fixture; inspect basis and conversion before external use.
pk_parameter,abciximab,osp::abciximab,iv,spec_pk1_iv.yml,V_systemic_L_at_70kg,derived.V_systemic_L_at_70kg,100.8,L,,,derived_from_reported,derived_output,,,,,,source_url_present_not_parameter_mapped,,,,,,,,,,,"{""bioavailability"":""N/A (IV only)"",""clearance"":""183 +/- 72 mL/min"",""elimination_route"":""細網内皮系による代謝"",""half_life"":""20-30 minutes"",""volume_of_distribution"":""1.44 L/kg""}",,derived.V_apparent_L_at_70kg * pk_parsed.bioavailability_frac,,derived_from_pk_yml_source_fields,Derived systemic value; do not treat as directly reported unless the source mapping says so.
pk_parameter,abciximab,osp::abciximab,iv,spec_pk1_iv.yml,bioavailability,pk_parsed.bioavailability_frac,1.0,fraction,,,,,,,,,,source_url_present_not_parameter_mapped,,,,,,,,,,,"{""bioavailability"":""N/A (IV only)"",""clearance"":""183 +/- 72 mL/min"",""elimination_route"":""細網内皮系による代謝"",""half_life"":""20-30 minutes"",""volume_of_distribution"":""1.44 L/kg""}",,,,source_url_present_not_parameter_mapped,Used to distinguish apparent CL/F or V/F from systemic CL/V; model F1 may intentionally differ.
pk_parameter,abciximab,osp::abciximab,iv,spec_pk1_iv.yml,clearance,IV_steady_state_clearance_in_healthy_subjects,10.98,L/h,10.98,L/h,derived_from_reported,simulation_parameter,,source_2,https://pubmed.ncbi.nlm.nih.gov/11907493/,2,checked,checked,,,,checked,"PubMed source_2 reports steady-state clearance 183 +/- 72 mL/min in healthy subjects. The canonical value uses the reported mean, converted to L/h; intersubject variability is not represented by this deterministic fixture.",acknowledged,183,mL/min,10.98,L/h,"{""bioavailability"":""N/A (IV only)"",""clearance"":""183 +/- 72 mL/min"",""elimination_route"":""細網内皮系による代謝"",""half_life"":""20-30 minutes"",""volume_of_distribution"":""1.44 L/kg""}",unit_conversion,183 mL/min * 60 min/h / 1000 mL/L,"{""reported_variability"":""72 mL/min SD"",""route_context"":""IV_steady_state_healthy_subjects""}",value_level_metadata,
pk_parameter,abciximab,osp::abciximab,iv,spec_pk1_iv.yml,ke_1_per_h,derived.ke_1_per_h,0.10892857142857143,1/h,,,derived_from_reported,derived_output,,,,,,source_url_present_not_parameter_mapped,,,,,,,,,,,"{""bioavailability"":""N/A (IV only)"",""clearance"":""183 +/- 72 mL/min"",""elimination_route"":""細網内皮系による代謝"",""half_life"":""20-30 minutes"",""volume_of_distribution"":""1.44 L/kg""}",,derived.CL_abs_L_per_h_at_70kg / derived.V_abs_L_at_70kg,,derived_from_pk_yml_source_fields,
pk_parameter,abciximab,osp::abciximab,iv,spec_pk1_iv.yml,t_half_h,short_plasma_half_life_range,0.4166666666666667,h,0.4166666666666667,h,derived_from_reported,check_only,,source_5,https://pubmed.ncbi.nlm.nih.gov/14618072/,5,checked,checked,,,,checked,PubMed source_5 reports abciximab short plasma half-life of 20-30 min. Canonical t_half_h uses the midpoint converted to hours and remains a check target only. CL and V are not jointly calibrated to match terminal half-life in this deterministic one-compartment fixture.,acknowledged,20-30,min,0.4166666666666667,h,"{""bioavailability"":""N/A (IV only)"",""clearance"":""183 +/- 72 mL/min"",""elimination_route"":""細網内皮系による代謝"",""half_life"":""20-30 minutes"",""volume_of_distribution"":""1.44 L/kg""}",unit_conversion,((20 min + 30 min) / 2) / 60 min/h,"{""range_summary"":""midpoint""}",value_level_metadata,
pk_parameter,abciximab,osp::abciximab,iv,spec_pk1_iv.yml,volume,IV_volume_of_distribution_conference_abstract,1.44,L/kg,1.44,L/kg,derived_from_reported,simulation_parameter,,source_6,https://ascpt.onlinelibrary.wiley.com/doi/abs/10.1016/j.clpt.2003.11.342,6,checked,checked,,,,checked,The Wiley conference abstract indexed as source_6 reports IV Vss 1.44 L/kg. The value is mapped for traceability but remains a conference-abstract fixture input; it is not a substitute for a full peer-reviewed population PK report.,acknowledged,1.44,L/kg,100.8,L,"{""bioavailability"":""N/A (IV only)"",""clearance"":""183 +/- 72 mL/min"",""elimination_route"":""細網内皮系による代謝"",""half_life"":""20-30 minutes"",""volume_of_distribution"":""1.44 L/kg""}",body_weight_scaled,pk_parsed.volume.value * pk_parsed.weight_ref_kg_for_abs,"{""weight_ref_kg_for_abs"":70.0}",value_level_metadata,
target,abciximab,osp::abciximab,iv,spec_pk1_iv.yml,targets.auc,CL_abs_L_per_h_at_70kg,9107.468123861567,ng*h/mL,,,dose_over_cl,consistency_check,dose_over_cl,,,,,not_applicable,,,,,,,,,,,,,,,derived_target,Computed target; source_value=CL_abs_L_per_h_at_70kg. Not an independent literature AUC.
target,abciximab,osp::abciximab,iv,spec_pk1_iv.yml,targets.t_half,,0.4166666666666667,h,,,unknown_needs_review,check_only,,,,,,not_applicable,,,,,,,,,,,,,,,target_without_source_mapping,arithmetic_mean
model_parameter,aciclovir,osp::aciclovir,oral,spec_pk1_oral.yml,model.theta.ALAG1,,0.5,,,,fixture_policy,simulation_parameter,,,,,,not_applicable,,,,,,,,,,,"{""bioavailability"":""10% to 20%"",""clearance"":""327 mL/min/1.73 m2"",""elimination_route"":""腎排泄"",""half_life"":""2.5 to 3.3 hours"",""volume_of_distribution"":""about two-thirds of body weight at steady state (source_5); legacy summary 0.6 L/kg retained as context""}",,,,fixture_policy_no_external_source,Absorption parameter supplied by the demo spec; add a drug-specific source mapping before treating it as literature-supported.
model_parameter,aciclovir,osp::aciclovir,oral,spec_pk1_oral.yml,model.theta.CL,derived.CL_abs_L_per_h_at_70kg,19.62,,19.62,L/h,derived_from_reported,simulation_parameter,,source_4,https://dailymed.nlm.nih.gov/dailymed/drugInfo.cfm?setid=69a98000-adef-4323-89a7-09e035a257d4,4,checked,checked,,,,checked,DailyMed source_4 reports total body clearance of 327 mL/min/1.73 m2 after intravenous administration. The normalized value is retained as the standard-adult BSA reference; no individual BSA-to-70-kg conversion is applied. Clearance is used as a deterministic fixture parameter and is not recalibrated to force agreement with terminal half-life.,not_applicable,327,mL/min/1.73 m2,19.62,L/h,"{""bioavailability"":""10% to 20%"",""clearance"":""327 mL/min/1.73 m2"",""elimination_route"":""腎排泄"",""half_life"":""2.5 to 3.3 hours"",""volume_of_distribution"":""about two-thirds of body weight at steady state (source_5); legacy summary 0.6 L/kg retained as context""}",unit_conversion,327 mL/min/1.73 m2 * 60 min/h / 1000 mL/L,"{""bsa_reference_m2"":1.73,""mapping_to_70kg"":""not_applied""}",mapped_to_pk_derived,Compare with pk.yml derived CL and confirm apparent/systemic basis.
model_parameter,aciclovir,osp::aciclovir,oral,spec_pk1_oral.yml,model.theta.F1,pk_parsed.bioavailability_frac,0.1,fraction,,,fixture_policy,simulation_parameter,,,,,,not_applicable,,,,,,,,,,,"{""bioavailability"":""10% to 20%"",""clearance"":""327 mL/min/1.73 m2"",""elimination_route"":""腎排泄"",""half_life"":""2.5 to 3.3 hours"",""volume_of_distribution"":""about two-thirds of body weight at steady state (source_5); legacy summary 0.6 L/kg retained as context""}",,,,fixture_policy_apparent_parameters,"Oral fixture may set F1=1 while CL/V remain apparent values; this is a parameterization policy, not a source claim."
model_parameter,aciclovir,osp::aciclovir,oral,spec_pk1_oral.yml,model.theta.KA,,1.2,,,,fixture_policy,simulation_parameter,,,,,,not_applicable,,,,,,,,,,,"{""bioavailability"":""10% to 20%"",""clearance"":""327 mL/min/1.73 m2"",""elimination_route"":""腎排泄"",""half_life"":""2.5 to 3.3 hours"",""volume_of_distribution"":""about two-thirds of body weight at steady state (source_5); legacy summary 0.6 L/kg retained as context""}",,,,fixture_policy_no_external_source,Absorption parameter supplied by the demo spec; add a drug-specific source mapping before treating it as literature-supported.
model_parameter,aciclovir,osp::aciclovir,oral,spec_pk1_oral.yml,model.theta.V,derived.V_abs_L_at_70kg,46.666666666666664,,46.666666666666664,L,derived_from_reported,simulation_parameter,,source_5,https://pubmed.ncbi.nlm.nih.gov/7048912/,5,checked,checked,,,,checked,"PubMed source_5 states that acyclovir Vss is about two-thirds of body weight. The canonical value is the explicit 2/3 approximation scaled to 70 kg; source_5 also states that acyclovir disposition is best described by a two-compartment model, so this V is only a one-compartment fixture input.",acknowledged,0.6666666666666666,L/kg,46.666666666666664,L,"{""bioavailability"":""10% to 20%"",""clearance"":""327 mL/min/1.73 m2"",""elimination_route"":""腎排泄"",""half_life"":""2.5 to 3.3 hours"",""volume_of_distribution"":""about two-thirds of body weight at steady state (source_5); legacy summary 0.6 L/kg retained as context""}",body_weight_scaled,(2/3) L/kg * 70 kg,"{""weight_ref_kg_for_abs"":70.0}",mapped_to_pk_derived,Compare with pk.yml derived V and confirm apparent/systemic basis.
model_variability,aciclovir,osp::aciclovir,oral,spec_pk1_oral.yml,iiv.eta.CL,,0.09,omega^2,,,fixture_policy,simulation_parameter,,,,,,not_applicable,,,,,,,,,,,,,,,fixture_policy_no_external_source,IIV/residual-error value from the demo spec; not a direct literature estimate unless separately mapped.
model_variability,aciclovir,osp::aciclovir,oral,spec_pk1_oral.yml,iiv.eta.KA,,0.16,omega^2,,,fixture_policy,simulation_parameter,,,,,,not_applicable,,,,,,,,,,,,,,,fixture_policy_no_external_source,IIV/residual-error value from the demo spec; not a direct literature estimate unless separately mapped.
model_variability,aciclovir,osp::aciclovir,oral,spec_pk1_oral.yml,iiv.eta.V,,0.04,omega^2,,,fixture_policy,simulation_parameter,,,,,,not_applicable,,,,,,,,,,,,,,,fixture_policy_no_external_source,IIV/residual-error value from the demo spec; not a direct literature estimate unless separately mapped.
model_variability,aciclovir,osp::aciclovir,oral,spec_pk1_oral.yml,residual.add,,0.0,concentration,,,fixture_policy,simulation_parameter,,,,,,not_applicable,,,,,,,,,,,,,,,fixture_policy_no_external_source,IIV/residual-error value from the demo spec; not a direct literature estimate unless separately mapped.
model_variability,aciclovir,osp::aciclovir,oral,spec_pk1_oral.yml,residual.prop,,0.25,fraction,,,fixture_policy,simulation_parameter,,,,,,not_applicable,,,,,,,,,,,,,,,fixture_policy_no_external_source,IIV/residual-error value from the demo spec; not a direct literature estimate unless separately mapped.
pk_parameter,aciclovir,osp::aciclovir,po,spec_pk1_oral.yml,CL_abs_L_per_h_at_70kg,total_body_clearance_normalized_to_1_73_m2,19.62,L/h,19.62,L/h,label_reported,simulation_parameter,,source_4,https://dailymed.nlm.nih.gov/dailymed/drugInfo.cfm?setid=69a98000-adef-4323-89a7-09e035a257d4,4,checked,checked,,,,checked,DailyMed source_4 reports total body clearance of 327 mL/min/1.73 m2 after intravenous administration. The normalized value is retained as the standard-adult BSA reference; no individual BSA-to-70-kg conversion is applied. Clearance is used as a deterministic fixture parameter and is not recalibrated to force agreement with terminal half-life.,not_applicable,327,mL/min/1.73 m2,19.62,L/h,"{""bioavailability"":""10% to 20%"",""clearance"":""327 mL/min/1.73 m2"",""elimination_route"":""腎排泄"",""half_life"":""2.5 to 3.3 hours"",""volume_of_distribution"":""about two-thirds of body weight at steady state (source_5); legacy summary 0.6 L/kg retained as context""}",unit_conversion,327 mL/min/1.73 m2 * 60 min/h / 1000 mL/L,"{""bsa_reference_m2"":1.73,""mapping_to_70kg"":""not_applied""}",value_level_metadata,Canonical independent CL/V values used by the 1-compartment fixture; inspect basis and conversion before external use.
pk_parameter,aciclovir,osp::aciclovir,po,spec_pk1_oral.yml,CL_systemic_L_per_h_at_70kg,derived.CL_systemic_L_per_h_at_70kg,19.62,L/h,,,derived_from_reported,derived_output,,,,,,source_url_present_not_parameter_mapped,,,,,,,,,,,"{""bioavailability"":""10% to 20%"",""clearance"":""327 mL/min/1.73 m2"",""elimination_route"":""腎排泄"",""half_life"":""2.5 to 3.3 hours"",""volume_of_distribution"":""about two-thirds of body weight at steady state (source_5); legacy summary 0.6 L/kg retained as context""}",,derived.CL_apparent_L_per_h_at_70kg * pk_parsed.bioavailability_frac,,derived_from_pk_yml_source_fields,Derived systemic value; do not treat as directly reported unless the source mapping says so.
pk_parameter,aciclovir,osp::aciclovir,po,spec_pk1_oral.yml,V_abs_L_at_70kg,IV_Vss_about_two_thirds_body_weight,46.666666666666664,L,46.666666666666664,L,literature_reported,simulation_parameter,,source_5,https://pubmed.ncbi.nlm.nih.gov/7048912/,5,checked,checked,,,,checked,"PubMed source_5 states that acyclovir Vss is about two-thirds of body weight. The canonical value is the explicit 2/3 approximation scaled to 70 kg; source_5 also states that acyclovir disposition is best described by a two-compartment model, so this V is only a one-compartment fixture input.",acknowledged,0.6666666666666666,L/kg,46.666666666666664,L,"{""bioavailability"":""10% to 20%"",""clearance"":""327 mL/min/1.73 m2"",""elimination_route"":""腎排泄"",""half_life"":""2.5 to 3.3 hours"",""volume_of_distribution"":""about two-thirds of body weight at steady state (source_5); legacy summary 0.6 L/kg retained as context""}",body_weight_scaled,(2/3) L/kg * 70 kg,"{""weight_ref_kg_for_abs"":70.0}",value_level_metadata,Canonical independent CL/V values used by the 1-compartment fixture; inspect basis and conversion before external use.
pk_parameter,aciclovir,osp::aciclovir,po,spec_pk1_oral.yml,V_systemic_L_at_70kg,derived.V_systemic_L_at_70kg,46.666666666666664,L,,,derived_from_reported,derived_output,,,,,,source_url_present_not_parameter_mapped,,,,,,,,,,,"{""bioavailability"":""10% to 20%"",""clearance"":""327 mL/min/1.73 m2"",""elimination_route"":""腎排泄"",""half_life"":""2.5 to 3.3 hours"",""volume_of_distribution"":""about two-thirds of body weight at steady state (source_5); legacy summary 0.6 L/kg retained as context""}",,derived.V_apparent_L_at_70kg * pk_parsed.bioavailability_frac,,derived_from_pk_yml_source_fields,Derived systemic value; do not treat as directly reported unless the source mapping says so.
pk_parameter,aciclovir,osp::aciclovir,po,spec_pk1_oral.yml,bioavailability,pk_parsed.bioavailability_frac,0.1,fraction,,,,,,,,,,source_url_present_not_parameter_mapped,,,,,,,,,,,"{""bioavailability"":""10% to 20%"",""clearance"":""327 mL/min/1.73 m2"",""elimination_route"":""腎排泄"",""half_life"":""2.5 to 3.3 hours"",""volume_of_distribution"":""about two-thirds of body weight at steady state (source_5); legacy summary 0.6 L/kg retained as context""}",,,,source_url_present_not_parameter_mapped,Used to distinguish apparent CL/F or V/F from systemic CL/V; model F1 may intentionally differ.
pk_parameter,aciclovir,osp::aciclovir,po,spec_pk1_oral.yml,clearance,total_body_clearance_normalized_to_1_73_m2,19.62,L/h,19.62,L/h,label_reported,simulation_parameter,,source_4,https://dailymed.nlm.nih.gov/dailymed/drugInfo.cfm?setid=69a98000-adef-4323-89a7-09e035a257d4,4,checked,checked,,,,checked,DailyMed source_4 reports total body clearance of 327 mL/min/1.73 m2 after intravenous administration. The normalized value is retained as the standard-adult BSA reference; no individual BSA-to-70-kg conversion is applied. Clearance is used as a deterministic fixture parameter and is not recalibrated to force agreement with terminal half-life.,not_applicable,327,mL/min/1.73 m2,19.62,L/h,"{""bioavailability"":""10% to 20%"",""clearance"":""327 mL/min/1.73 m2"",""elimination_route"":""腎排泄"",""half_life"":""2.5 to 3.3 hours"",""volume_of_distribution"":""about two-thirds of body weight at steady state (source_5); legacy summary 0.6 L/kg retained as context""}",unit_conversion,327 mL/min/1.73 m2 * 60 min/h / 1000 mL/L,"{""bsa_reference_m2"":1.73,""mapping_to_70kg"":""not_applied""}",value_level_metadata,
pk_parameter,aciclovir,osp::aciclovir,po,spec_pk1_oral.yml,ke_1_per_h,derived.ke_1_per_h,0.4204285714285715,1/h,,,derived_from_reported,derived_output,,,,,,source_url_present_not_parameter_mapped,,,,,,,,,,,"{""bioavailability"":""10% to 20%"",""clearance"":""327 mL/min/1.73 m2"",""elimination_route"":""腎排泄"",""half_life"":""2.5 to 3.3 hours"",""volume_of_distribution"":""about two-thirds of body weight at steady state (source_5); legacy summary 0.6 L/kg retained as context""}",,derived.CL_abs_L_per_h_at_70kg / derived.V_abs_L_at_70kg,,derived_from_pk_yml_source_fields,
pk_parameter,aciclovir,osp::aciclovir,po,spec_pk1_oral.yml,t_half_h,adult_half_life_range_normal_renal_function,2.5,h,2.5,h,derived_from_reported,check_only,,source_1,https://dailymed.nlm.nih.gov/dailymed/lookup.cfm?setid=e8a0f9f8-294f-4dd6-bd55-10a6253f1aa8,1,checked,checked,,,,checked,DailyMed source_1 reports adult half-life of 2.5 to 3.3 h in subjects with normal renal function. Canonical t_half_h retains the fixture lower bound of that source range and remains a check target only. CL and V are not jointly calibrated to match terminal half-life in this deterministic one-compartment fixture.,acknowledged,2.5-3.3,h,2.5,h,"{""bioavailability"":""10% to 20%"",""clearance"":""327 mL/min/1.73 m2"",""elimination_route"":""腎排泄"",""half_life"":""2.5 to 3.3 hours"",""volume_of_distribution"":""about two-thirds of body weight at steady state (source_5); legacy summary 0.6 L/kg retained as context""}",derived_formula,lower bound of reported adult half-life range (2.5 to 3.3 h),"{""range_summary"":""lower_bound""}",value_level_metadata,
pk_parameter,aciclovir,osp::aciclovir,po,spec_pk1_oral.yml,volume,IV_Vss_about_two_thirds_body_weight,0.6666666666666666,L/kg,0.6666666666666666,L/kg,literature_reported,simulation_parameter,,source_5,https://pubmed.ncbi.nlm.nih.gov/7048912/,5,checked,checked,,,,checked,"PubMed source_5 states that acyclovir Vss is about two-thirds of body weight. The canonical value is the explicit 2/3 approximation scaled to 70 kg; source_5 also states that acyclovir disposition is best described by a two-compartment model, so this V is only a one-compartment fixture input.",acknowledged,0.6666666666666666,L/kg,46.666666666666664,L,"{""bioavailability"":""10% to 20%"",""clearance"":""327 mL/min/1.73 m2"",""elimination_route"":""腎排泄"",""half_life"":""2.5 to 3.3 hours"",""volume_of_distribution"":""about two-thirds of body weight at steady state (source_5); legacy summary 0.6 L/kg retained as context""}",body_weight_scaled,(2/3) L/kg * 70 kg,"{""weight_ref_kg_for_abs"":70.0}",value_level_metadata,
target,aciclovir,osp::aciclovir,po,spec_pk1_oral.yml,targets.auc,CL_systemic_L_per_h_at_70kg,509.683995922528,ng*h/mL,,,f_dose_over_cl,consistency_check,f_dose_over_cl,,,,,not_applicable,,,,,,,,,,,,,,,target_without_source_mapping,fixture_consistency_check
target,aciclovir,osp::aciclovir,po,spec_pk1_oral.yml,targets.t_half,,2.5,h,,,unknown_needs_review,check_only,,,,,,not_applicable,,,,,,,,,,,,,,,target_without_source_mapping,arithmetic_mean
model_parameter,albuterol,OSP_albuterol,iv,spec_pk1_iv.yml,model.theta.CL,derived.CL_abs_L_per_h_at_70kg,28.8,,28.8,L/h,derived_from_reported,simulation_parameter,,source_1,https://pubmed.ncbi.nlm.nih.gov/3790406/,1,checked,checked,,,,checked,PubMed source_1 reports total plasma clearance of 480 +/- 123 mL/min after intravenous administration. The fixture retains the reported mean as systemic CL and does not use the half-life to recalibrate it.,not_applicable,480,mL/min,28.8,L/h,"{""text"":""IV study: clearance 480 mL/min, t1/2 3.86 h. One-comp V derived from CL and t1/2.""}",unit_conversion,480 mL/min * 60 min/h / 1000 mL/L,{},mapped_to_pk_derived,Compare with pk.yml derived CL and confirm apparent/systemic basis.
model_parameter,albuterol,OSP_albuterol,iv,spec_pk1_iv.yml,model.theta.V,derived.V_abs_L_at_70kg,160.38152230554428,,160.38152230554428,L,derived_from_reported,simulation_parameter,,source_1,https://pubmed.ncbi.nlm.nih.gov/3790406/,1,checked,checked,,,,checked,"The cited study reports the IV clearance and half-life; the committed V is explicitly a one-compartment fixture derivation, not a directly reported Vd.",acknowledged,480,mL/min with t1/2 3.86 h,160.38152230554428,L,"{""text"":""IV study: clearance 480 mL/min, t1/2 3.86 h. One-comp V derived from CL and t1/2.""}",derived_formula,CL_abs_L_per_h_at_70kg * t_half_h / ln(2),"{""model"":""one_compartment_fixture""}",mapped_to_pk_derived,Compare with pk.yml derived V and confirm apparent/systemic basis.
model_variability,albuterol,OSP_albuterol,iv,spec_pk1_iv.yml,iiv.eta.CL,,0.09,omega^2,,,fixture_policy,simulation_parameter,,,,,,not_applicable,,,,,,,,,,,,,,,fixture_policy_no_external_source,IIV/residual-error value from the demo spec; not a direct literature estimate unless separately mapped.
model_variability,albuterol,OSP_albuterol,iv,spec_pk1_iv.yml,iiv.eta.V,,0.04,omega^2,,,fixture_policy,simulation_parameter,,,,,,not_applicable,,,,,,,,,,,,,,,fixture_policy_no_external_source,IIV/residual-error value from the demo spec; not a direct literature estimate unless separately mapped.
model_variability,albuterol,OSP_albuterol,iv,spec_pk1_iv.yml,residual.add,,0.0,concentration,,,fixture_policy,simulation_parameter,,,,,,not_applicable,,,,,,,,,,,,,,,fixture_policy_no_external_source,IIV/residual-error value from the demo spec; not a direct literature estimate unless separately mapped.
model_variability,albuterol,OSP_albuterol,iv,spec_pk1_iv.yml,residual.prop,,0.25,fraction,,,fixture_policy,simulation_parameter,,,,,,not_applicable,,,,,,,,,,,,,,,fixture_policy_no_external_source,IIV/residual-error value from the demo spec; not a direct literature estimate unless separately mapped.
pk_parameter,albuterol,OSP_albuterol,iv,spec_pk1_iv.yml,CL_abs_L_per_h_at_70kg,intravenous_total_plasma_clearance,28.8,L/h,28.8,L/h,derived_from_reported,simulation_parameter,,source_1,https://pubmed.ncbi.nlm.nih.gov/3790406/,1,checked,checked,,,,checked,PubMed source_1 reports total plasma clearance of 480 +/- 123 mL/min after intravenous administration. The fixture retains the reported mean as systemic CL and does not use the half-life to recalibrate it.,not_applicable,480,mL/min,28.8,L/h,"{""text"":""IV study: clearance 480 mL/min, t1/2 3.86 h. One-comp V derived from CL and t1/2.""}",unit_conversion,480 mL/min * 60 min/h / 1000 mL/L,{},value_level_metadata,Canonical independent CL/V values used by the 1-compartment fixture; inspect basis and conversion before external use.
pk_parameter,albuterol,OSP_albuterol,iv,spec_pk1_iv.yml,CL_systemic_L_per_h_at_70kg,derived.CL_systemic_L_per_h_at_70kg,28.8,L/h,,,derived_from_reported,derived_output,,,,,,source_url_present_not_parameter_mapped,,,,,,,,,,,"{""text"":""IV study: clearance 480 mL/min, t1/2 3.86 h. One-comp V derived from CL and t1/2.""}",,derived.CL_apparent_L_per_h_at_70kg * pk_parsed.bioavailability_frac,,derived_from_pk_yml_source_fields,Derived systemic value; do not treat as directly reported unless the source mapping says so.
pk_parameter,albuterol,OSP_albuterol,iv,spec_pk1_iv.yml,V_abs_L_at_70kg,one_compartment_volume_derived_from_clearance_and_half_life,160.38152230554428,L,160.38152230554428,L,fixture_derived,simulation_parameter,,source_1,https://pubmed.ncbi.nlm.nih.gov/3790406/,1,checked,checked,,,,checked,"The cited study reports the IV clearance and half-life; the committed V is explicitly a one-compartment fixture derivation, not a directly reported Vd.",acknowledged,480,mL/min with t1/2 3.86 h,160.38152230554428,L,"{""text"":""IV study: clearance 480 mL/min, t1/2 3.86 h. One-comp V derived from CL and t1/2.""}",derived_formula,CL_abs_L_per_h_at_70kg * t_half_h / ln(2),"{""model"":""one_compartment_fixture""}",value_level_metadata,Canonical independent CL/V values used by the 1-compartment fixture; inspect basis and conversion before external use.
pk_parameter,albuterol,OSP_albuterol,iv,spec_pk1_iv.yml,V_systemic_L_at_70kg,derived.V_systemic_L_at_70kg,160.38152230554428,L,,,derived_from_reported,derived_output,,,,,,source_url_present_not_parameter_mapped,,,,,,,,,,,"{""text"":""IV study: clearance 480 mL/min, t1/2 3.86 h. One-comp V derived from CL and t1/2.""}",,derived.V_apparent_L_at_70kg * pk_parsed.bioavailability_frac,,derived_from_pk_yml_source_fields,Derived systemic value; do not treat as directly reported unless the source mapping says so.
pk_parameter,albuterol,OSP_albuterol,iv,spec_pk1_iv.yml,bioavailability,pk_parsed.bioavailability_frac,1.0,fraction,,,,,,,,,,source_url_present_not_parameter_mapped,,,,,,,,,,,"{""text"":""IV study: clearance 480 mL/min, t1/2 3.86 h. One-comp V derived from CL and t1/2.""}",,,,source_url_present_not_parameter_mapped,Used to distinguish apparent CL/F or V/F from systemic CL/V; model F1 may intentionally differ.
pk_parameter,albuterol,OSP_albuterol,iv,spec_pk1_iv.yml,clearance,intravenous_total_plasma_clearance,28.8,L/h,28.8,L/h,derived_from_reported,simulation_parameter,,source_1,https://pubmed.ncbi.nlm.nih.gov/3790406/,1,checked,checked,,,,checked,PubMed source_1 reports total plasma clearance of 480 +/- 123 mL/min after intravenous administration. The fixture retains the reported mean as systemic CL and does not use the half-life to recalibrate it.,not_applicable,480,mL/min,28.8,L/h,"{""text"":""IV study: clearance 480 mL/min, t1/2 3.86 h. One-comp V derived from CL and t1/2.""}",unit_conversion,480 mL/min * 60 min/h / 1000 mL/L,{},value_level_metadata,
pk_parameter,albuterol,OSP_albuterol,iv,spec_pk1_iv.yml,ke_1_per_h,derived.ke_1_per_h,0.179571808435219,1/h,,,derived_from_reported,derived_output,,,,,,source_url_present_not_parameter_mapped,,,,,,,,,,,"{""text"":""IV study: clearance 480 mL/min, t1/2 3.86 h. One-comp V derived from CL and t1/2.""}",,derived.CL_abs_L_per_h_at_70kg / derived.V_abs_L_at_70kg,,derived_from_pk_yml_source_fields,
pk_parameter,albuterol,OSP_albuterol,iv,spec_pk1_iv.yml,t_half_h,intravenous_elimination_half_life,3.86,h,3.86,h,literature_reported,check_only,,source_1,https://pubmed.ncbi.nlm.nih.gov/3790406/,1,checked,checked,,,,checked,PubMed source_1 reports an IV elimination half-life of 3.86 +/- 0.83 h. It remains a check target because the fixture V is derived independently.,acknowledged,3.86,h,3.86,h,"{""text"":""IV study: clearance 480 mL/min, t1/2 3.86 h. One-comp V derived from CL and t1/2.""}",direct,pk_parsed.half_life_h,{},value_level_metadata,
pk_parameter,albuterol,OSP_albuterol,iv,spec_pk1_iv.yml,volume,one_compartment_volume_derived_from_clearance_and_half_life,160.38152230554428,L,160.38152230554428,L,fixture_derived,simulation_parameter,,source_1,https://pubmed.ncbi.nlm.nih.gov/3790406/,1,checked,checked,,,,checked,"The cited study reports the IV clearance and half-life; the committed V is explicitly a one-compartment fixture derivation, not a directly reported Vd.",acknowledged,480,mL/min with t1/2 3.86 h,160.38152230554428,L,"{""text"":""IV study: clearance 480 mL/min, t1/2 3.86 h. One-comp V derived from CL and t1/2.""}",derived_formula,CL_abs_L_per_h_at_70kg * t_half_h / ln(2),"{""model"":""one_compartment_fixture""}",value_level_metadata,
target,albuterol,OSP_albuterol,iv,spec_pk1_iv.yml,targets.auc,CL_abs_L_per_h_at_70kg,34.72222222222222,ng*h/mL,,,dose_over_cl,consistency_check,dose_over_cl,,,,,not_applicable,,,,,,,,,,,,,,,derived_target,Computed target; source_value=CL_abs_L_per_h_at_70kg. Not an independent literature AUC.
target,albuterol,OSP_albuterol,iv,spec_pk1_iv.yml,targets.t_half,,3.86,h,,,unknown_needs_review,check_only,,,,,,not_applicable,,,,,,,,,,,,,,,target_without_source_mapping,arithmetic_mean
model_parameter,alfentanil,osp::alfentanil,iv_bolus,spec_pk1_iv.yml,model.theta.CL,derived.CL_abs_L_per_h_at_70kg,21.0,,21.0,L/h,derived_from_reported,simulation_parameter,,source_1,https://dailymed.nlm.nih.gov/dailymed/downloadpdffile.cfm?setId=c965d63f-933b-4a83-88f6-c8c74159530b,1,checked,checked,,,,checked,DailyMed source_1 reports average plasma clearance of 5 mL/kg/min. Clearance is used as a deterministic fixture model parameter and is not recalibrated to force agreement with terminal half-life.,not_applicable,5.0,mL/kg/min,21.0,L/h,"{""bioavailability"":""N/A (IV only)"",""clearance"":""5 mL/kg/min"",""elimination_route"":""肝代謝, 腎排泄"",""half_life"":""90-111 minutes"",""volume_of_distribution"":""0.4-1 L/kg""}",body_weight_scaled,5 mL/kg/min * 70 kg * 60 min/h / 1000 mL/L,"{""weight_ref_kg_for_abs"":70.0}",mapped_to_pk_derived,Compare with pk.yml derived CL and confirm apparent/systemic basis.
model_parameter,alfentanil,osp::alfentanil,iv_bolus,spec_pk1_iv.yml,model.theta.V,derived.V_abs_L_at_70kg,70.0,,70.0,L,derived_from_reported,simulation_parameter,,source_1,https://dailymed.nlm.nih.gov/dailymed/downloadpdffile.cfm?setId=c965d63f-933b-4a83-88f6-c8c74159530b,1,checked,checked,,,,checked,DailyMed source_1 reports apparent volume of distribution of 0.4 to 1 L/kg. Canonical V_abs_L_at_70kg retains the upper-bound fixture value and is not recalibrated to force agreement with terminal half-life.,not_applicable,0.4-1.0,L/kg,70.0,L,"{""bioavailability"":""N/A (IV only)"",""clearance"":""5 mL/kg/min"",""elimination_route"":""肝代謝, 腎排泄"",""half_life"":""90-111 minutes"",""volume_of_distribution"":""0.4-1 L/kg""}",body_weight_scaled,upper bound of reported apparent volume range (1 L/kg) * 70 kg,"{""range_summary"":""upper_bound"",""weight_ref_kg_for_abs"":70.0}",mapped_to_pk_derived,Compare with pk.yml derived V and confirm apparent/systemic basis.
model_variability,alfentanil,osp::alfentanil,iv_bolus,spec_pk1_iv.yml,iiv.eta.CL,,0.09,omega^2,,,fixture_policy,simulation_parameter,,,,,,not_applicable,,,,,,,,,,,,,,,fixture_policy_no_external_source,IIV/residual-error value from the demo spec; not a direct literature estimate unless separately mapped.
model_variability,alfentanil,osp::alfentanil,iv_bolus,spec_pk1_iv.yml,iiv.eta.V,,0.04,omega^2,,,fixture_policy,simulation_parameter,,,,,,not_applicable,,,,,,,,,,,,,,,fixture_policy_no_external_source,IIV/residual-error value from the demo spec; not a direct literature estimate unless separately mapped.
model_variability,alfentanil,osp::alfentanil,iv_bolus,spec_pk1_iv.yml,residual.add,,0.0,concentration,,,fixture_policy,simulation_parameter,,,,,,not_applicable,,,,,,,,,,,,,,,fixture_policy_no_external_source,IIV/residual-error value from the demo spec; not a direct literature estimate unless separately mapped.
model_variability,alfentanil,osp::alfentanil,iv_bolus,spec_pk1_iv.yml,residual.prop,,0.25,fraction,,,fixture_policy,simulation_parameter,,,,,,not_applicable,,,,,,,,,,,,,,,fixture_policy_no_external_source,IIV/residual-error value from the demo spec; not a direct literature estimate unless separately mapped.
pk_parameter,alfentanil,osp::alfentanil,iv,spec_pk1_iv.yml,CL_abs_L_per_h_at_70kg,average_plasma_clearance,21.0,L/h,21.0,L/h,derived_from_reported,simulation_parameter,,source_1,https://dailymed.nlm.nih.gov/dailymed/downloadpdffile.cfm?setId=c965d63f-933b-4a83-88f6-c8c74159530b,1,checked,checked,,,,checked,DailyMed source_1 reports average plasma clearance of 5 mL/kg/min. Clearance is used as a deterministic fixture model parameter and is not recalibrated to force agreement with terminal half-life.,not_applicable,5.0,mL/kg/min,21.0,L/h,"{""bioavailability"":""N/A (IV only)"",""clearance"":""5 mL/kg/min"",""elimination_route"":""肝代謝, 腎排泄"",""half_life"":""90-111 minutes"",""volume_of_distribution"":""0.4-1 L/kg""}",body_weight_scaled,5 mL/kg/min * 70 kg * 60 min/h / 1000 mL/L,"{""weight_ref_kg_for_abs"":70.0}",value_level_metadata,Canonical independent CL/V values used by the 1-compartment fixture; inspect basis and conversion before external use.
pk_parameter,alfentanil,osp::alfentanil,iv,spec_pk1_iv.yml,CL_systemic_L_per_h_at_70kg,derived.CL_systemic_L_per_h_at_70kg,21.0,L/h,,,derived_from_reported,derived_output,,,,,,source_url_present_not_parameter_mapped,,,,,,,,,,,"{""bioavailability"":""N/A (IV only)"",""clearance"":""5 mL/kg/min"",""elimination_route"":""肝代謝, 腎排泄"",""half_life"":""90-111 minutes"",""volume_of_distribution"":""0.4-1 L/kg""}",,derived.CL_apparent_L_per_h_at_70kg * pk_parsed.bioavailability_frac,,derived_from_pk_yml_source_fields,Derived systemic value; do not treat as directly reported unless the source mapping says so.
pk_parameter,alfentanil,osp::alfentanil,iv,spec_pk1_iv.yml,V_abs_L_at_70kg,apparent_volume_of_distribution_range,70.0,L,70.0,L,derived_from_reported,simulation_parameter,,source_1,https://dailymed.nlm.nih.gov/dailymed/downloadpdffile.cfm?setId=c965d63f-933b-4a83-88f6-c8c74159530b,1,checked,checked,,,,checked,DailyMed source_1 reports apparent volume of distribution of 0.4 to 1 L/kg. Canonical V_abs_L_at_70kg retains the upper-bound fixture value and is not recalibrated to force agreement with terminal half-life.,not_applicable,0.4-1.0,L/kg,70.0,L,"{""bioavailability"":""N/A (IV only)"",""clearance"":""5 mL/kg/min"",""elimination_route"":""肝代謝, 腎排泄"",""half_life"":""90-111 minutes"",""volume_of_distribution"":""0.4-1 L/kg""}",body_weight_scaled,upper bound of reported apparent volume range (1 L/kg) * 70 kg,"{""range_summary"":""upper_bound"",""weight_ref_kg_for_abs"":70.0}",value_level_metadata,Canonical independent CL/V values used by the 1-compartment fixture; inspect basis and conversion before external use.
pk_parameter,alfentanil,osp::alfentanil,iv,spec_pk1_iv.yml,V_systemic_L_at_70kg,derived.V_systemic_L_at_70kg,70.0,L,,,derived_from_reported,derived_output,,,,,,source_url_present_not_parameter_mapped,,,,,,,,,,,"{""bioavailability"":""N/A (IV only)"",""clearance"":""5 mL/kg/min"",""elimination_route"":""肝代謝, 腎排泄"",""half_life"":""90-111 minutes"",""volume_of_distribution"":""0.4-1 L/kg""}",,derived.V_apparent_L_at_70kg * pk_parsed.bioavailability_frac,,derived_from_pk_yml_source_fields,Derived systemic value; do not treat as directly reported unless the source mapping says so.
pk_parameter,alfentanil,osp::alfentanil,iv,spec_pk1_iv.yml,bioavailability,pk_parsed.bioavailability_frac,1.0,fraction,,,,,,,,,,source_url_present_not_parameter_mapped,,,,,,,,,,,"{""bioavailability"":""N/A (IV only)"",""clearance"":""5 mL/kg/min"",""elimination_route"":""肝代謝, 腎排泄"",""half_life"":""90-111 minutes"",""volume_of_distribution"":""0.4-1 L/kg""}",,,,source_url_present_not_parameter_mapped,Used to distinguish apparent CL/F or V/F from systemic CL/V; model F1 may intentionally differ.
pk_parameter,alfentanil,osp::alfentanil,iv,spec_pk1_iv.yml,clearance,average_plasma_clearance,0.3,L/h/kg,0.3,L/h/kg,derived_from_reported,simulation_parameter,,source_1,https://dailymed.nlm.nih.gov/dailymed/downloadpdffile.cfm?setId=c965d63f-933b-4a83-88f6-c8c74159530b,1,checked,checked,,,,checked,DailyMed source_1 reports average plasma clearance of 5 mL/kg/min. Clearance is used as a deterministic fixture model parameter and is not recalibrated to force agreement with terminal half-life.,not_applicable,5.0,mL/kg/min,21.0,L/h,"{""bioavailability"":""N/A (IV only)"",""clearance"":""5 mL/kg/min"",""elimination_route"":""肝代謝, 腎排泄"",""half_life"":""90-111 minutes"",""volume_of_distribution"":""0.4-1 L/kg""}",body_weight_scaled,5 mL/kg/min * 70 kg * 60 min/h / 1000 mL/L,"{""weight_ref_kg_for_abs"":70.0}",value_level_metadata,
pk_parameter,alfentanil,osp::alfentanil,iv,spec_pk1_iv.yml,ke_1_per_h,derived.ke_1_per_h,0.3,1/h,,,derived_from_reported,derived_output,,,,,,source_url_present_not_parameter_mapped,,,,,,,,,,,"{""bioavailability"":""N/A (IV only)"",""clearance"":""5 mL/kg/min"",""elimination_route"":""肝代謝, 腎排泄"",""half_life"":""90-111 minutes"",""volume_of_distribution"":""0.4-1 L/kg""}",,derived.CL_abs_L_per_h_at_70kg / derived.V_abs_L_at_70kg,,derived_from_pk_yml_source_fields,
pk_parameter,alfentanil,osp::alfentanil,iv,spec_pk1_iv.yml,t_half_h,terminal_elimination_half_life_range,1.675,h,1.675,h,derived_from_reported,check_only,,source_1,https://dailymed.nlm.nih.gov/dailymed/downloadpdffile.cfm?setId=c965d63f-933b-4a83-88f6-c8c74159530b,1,checked,checked,,,,checked,DailyMed source_1 reports terminal elimination half-life of 90 to 111 minutes. Canonical t_half_h uses the midpoint converted to hours and remains a check target only. CL and V are not jointly calibrated to match terminal half-life in this deterministic one-compartment fixture.,acknowledged,90-111,min,1.675,h,"{""bioavailability"":""N/A (IV only)"",""clearance"":""5 mL/kg/min"",""elimination_route"":""肝代謝, 腎排泄"",""half_life"":""90-111 minutes"",""volume_of_distribution"":""0.4-1 L/kg""}",derived_formula,mean of reported 90-111 min range / 60 min/h,"{""range_summary"":""midpoint""}",value_level_metadata,
pk_parameter,alfentanil,osp::alfentanil,iv,spec_pk1_iv.yml,volume,apparent_volume_of_distribution_range,1.0,L/kg,1.0,L/kg,derived_from_reported,simulation_parameter,,source_1,https://dailymed.nlm.nih.gov/dailymed/downloadpdffile.cfm?setId=c965d63f-933b-4a83-88f6-c8c74159530b,1,checked,checked,,,,checked,DailyMed source_1 reports apparent volume of distribution of 0.4 to 1 L/kg. Canonical V_abs_L_at_70kg retains the upper-bound fixture value and is not recalibrated to force agreement with terminal half-life.,not_applicable,0.4-1.0,L/kg,70.0,L,"{""bioavailability"":""N/A (IV only)"",""clearance"":""5 mL/kg/min"",""elimination_route"":""肝代謝, 腎排泄"",""half_life"":""90-111 minutes"",""volume_of_distribution"":""0.4-1 L/kg""}",body_weight_scaled,upper bound of reported apparent volume range (1 L/kg) * 70 kg,"{""range_summary"":""upper_bound"",""weight_ref_kg_for_abs"":70.0}",value_level_metadata,
target,alfentanil,osp::alfentanil,iv,spec_pk1_iv.yml,targets.auc,CL_abs_L_per_h_at_70kg,4761.9047619047615,ng*h/mL,,,dose_over_cl,consistency_check,dose_over_cl,,,,,not_applicable,,,,,,,,,,,,,,,derived_target,Computed target; source_value=CL_abs_L_per_h_at_70kg. Not an independent literature AUC.
target,alfentanil,osp::alfentanil,iv,spec_pk1_iv.yml,targets.t_half,,1.675,h,,,unknown_needs_review,check_only,,,,,,not_applicable,,,,,,,,,,,,,,,target_without_source_mapping,arithmetic_mean
model_parameter,alprazolam,osp::alprazolam,oral,spec_pk1_oral.yml,model.theta.ALAG1,,0.5,,,,fixture_policy,simulation_parameter,,,,,,not_applicable,,,,,,,,,,,"{""bioavailability"":""80-100%"",""clearance"":""0.7-1.5 mL/min/kg"",""elimination_route"":""肝代謝"",""half_life"":""9-16 hours"",""volume_of_distribution"":""0.8-1.3 L/kg""}",,,,fixture_policy_no_external_source,Absorption parameter supplied by the demo spec; add a drug-specific source mapping before treating it as literature-supported.
model_parameter,alprazolam,osp::alprazolam,oral,spec_pk1_oral.yml,model.theta.CL,derived.CL_abs_L_per_h_at_70kg,6.3,,6.3,L/h,derived_from_reported,simulation_parameter,,source_1,https://pubmed.ncbi.nlm.nih.gov/8513649/,1,checked,checked,,,,checked,PubMed source_1 reports oral alprazolam clearance of 0.7 to 1.5 mL/min/kg after a single 1 mg dose. The fixture deliberately uses the upper bound and retains it as apparent CL/F; systemic CL is not identified from this oral summary alone.,not_applicable,1.5,mL/min/kg,6.3,L/h,"{""bioavailability"":""80-100%"",""clearance"":""0.7-1.5 mL/min/kg"",""elimination_route"":""肝代謝"",""half_life"":""9-16 hours"",""volume_of_distribution"":""0.8-1.3 L/kg""}",unit_conversion_and_body_weight_scaling,1.5 mL/min/kg * 60 min/h / 1000 mL/L * 70 kg,"{""range_summary"":""upper_bound"",""weight_ref_kg_for_abs"":70.0}",mapped_to_pk_derived,Compare with pk.yml derived CL and confirm apparent/systemic basis.
model_parameter,alprazolam,osp::alprazolam,oral,spec_pk1_oral.yml,model.theta.F1,pk_parsed.bioavailability_frac,1.0,fraction,,,fixture_policy,simulation_parameter,,,,,,not_applicable,,,,,,,,,,,"{""bioavailability"":""80-100%"",""clearance"":""0.7-1.5 mL/min/kg"",""elimination_route"":""肝代謝"",""half_life"":""9-16 hours"",""volume_of_distribution"":""0.8-1.3 L/kg""}",,,,fixture_policy_apparent_parameters,"Oral fixture may set F1=1 while CL/V remain apparent values; this is a parameterization policy, not a source claim."
model_parameter,alprazolam,osp::alprazolam,oral,spec_pk1_oral.yml,model.theta.KA,,1.2,,,,fixture_policy,simulation_parameter,,,,,,not_applicable,,,,,,,,,,,"{""bioavailability"":""80-100%"",""clearance"":""0.7-1.5 mL/min/kg"",""elimination_route"":""肝代謝"",""half_life"":""9-16 hours"",""volume_of_distribution"":""0.8-1.3 L/kg""}",,,,fixture_policy_no_external_source,Absorption parameter supplied by the demo spec; add a drug-specific source mapping before treating it as literature-supported.
model_parameter,alprazolam,osp::alprazolam,oral,spec_pk1_oral.yml,model.theta.V,derived.V_abs_L_at_70kg,91.0,,91.0,L,derived_from_reported,simulation_parameter,,source_1,https://pubmed.ncbi.nlm.nih.gov/8513649/,1,checked,checked,,,,checked,PubMed source_1 reports an oral alprazolam volume of distribution of 0.8 to 1.3 L/kg after a single 1 mg dose. The fixture uses the upper bound as apparent V/F and does not imply a systemic Vd.,not_applicable,1.3,L/kg,91.0,L,"{""bioavailability"":""80-100%"",""clearance"":""0.7-1.5 mL/min/kg"",""elimination_route"":""肝代謝"",""half_life"":""9-16 hours"",""volume_of_distribution"":""0.8-1.3 L/kg""}",body_weight_scaled,1.3 L/kg * 70 kg,"{""range_summary"":""upper_bound"",""weight_ref_kg_for_abs"":70.0}",mapped_to_pk_derived,Compare with pk.yml derived V and confirm apparent/systemic basis.
model_variability,alprazolam,osp::alprazolam,oral,spec_pk1_oral.yml,iiv.eta.CL,,0.09,omega^2,,,fixture_policy,simulation_parameter,,,,,,not_applicable,,,,,,,,,,,,,,,fixture_policy_no_external_source,IIV/residual-error value from the demo spec; not a direct literature estimate unless separately mapped.
model_variability,alprazolam,osp::alprazolam,oral,spec_pk1_oral.yml,iiv.eta.KA,,0.16,omega^2,,,fixture_policy,simulation_parameter,,,,,,not_applicable,,,,,,,,,,,,,,,fixture_policy_no_external_source,IIV/residual-error value from the demo spec; not a direct literature estimate unless separately mapped.
model_variability,alprazolam,osp::alprazolam,oral,spec_pk1_oral.yml,iiv.eta.V,,0.04,omega^2,,,fixture_policy,simulation_parameter,,,,,,not_applicable,,,,,,,,,,,,,,,fixture_policy_no_external_source,IIV/residual-error value from the demo spec; not a direct literature estimate unless separately mapped.
model_variability,alprazolam,osp::alprazolam,oral,spec_pk1_oral.yml,residual.add,,0.0,concentration,,,fixture_policy,simulation_parameter,,,,,,not_applicable,,,,,,,,,,,,,,,fixture_policy_no_external_source,IIV/residual-error value from the demo spec; not a direct literature estimate unless separately mapped.
model_variability,alprazolam,osp::alprazolam,oral,spec_pk1_oral.yml,residual.prop,,0.25,fraction,,,fixture_policy,simulation_parameter,,,,,,not_applicable,,,,,,,,,,,,,,,fixture_policy_no_external_source,IIV/residual-error value from the demo spec; not a direct literature estimate unless separately mapped.
pk_parameter,alprazolam,osp::alprazolam,po,spec_pk1_oral.yml,CL_abs_L_per_h_at_70kg,oral_clearance_after_single_1_mg_dose,6.3,L/h,6.3,L/h,derived_from_reported,simulation_parameter,,source_1,https://pubmed.ncbi.nlm.nih.gov/8513649/,1,checked,checked,,,,checked,PubMed source_1 reports oral alprazolam clearance of 0.7 to 1.5 mL/min/kg after a single 1 mg dose. The fixture deliberately uses the upper bound and retains it as apparent CL/F; systemic CL is not identified from this oral summary alone.,not_applicable,1.5,mL/min/kg,6.3,L/h,"{""bioavailability"":""80-100%"",""clearance"":""0.7-1.5 mL/min/kg"",""elimination_route"":""肝代謝"",""half_life"":""9-16 hours"",""volume_of_distribution"":""0.8-1.3 L/kg""}",unit_conversion_and_body_weight_scaling,1.5 mL/min/kg * 60 min/h / 1000 mL/L * 70 kg,"{""range_summary"":""upper_bound"",""weight_ref_kg_for_abs"":70.0}",value_level_metadata,Canonical independent CL/V values used by the 1-compartment fixture; inspect basis and conversion before external use.
pk_parameter,alprazolam,osp::alprazolam,po,spec_pk1_oral.yml,CL_systemic_L_per_h_at_70kg,derived.CL_systemic_L_per_h_at_70kg,5.67,L/h,,,derived_from_reported,derived_output,,,,,,source_url_present_not_parameter_mapped,,,,,,,,,,,"{""bioavailability"":""80-100%"",""clearance"":""0.7-1.5 mL/min/kg"",""elimination_route"":""肝代謝"",""half_life"":""9-16 hours"",""volume_of_distribution"":""0.8-1.3 L/kg""}",,derived.CL_apparent_L_per_h_at_70kg * pk_parsed.bioavailability_frac,,derived_from_pk_yml_source_fields,Derived systemic value; do not treat as directly reported unless the source mapping says so.
pk_parameter,alprazolam,osp::alprazolam,po,spec_pk1_oral.yml,V_abs_L_at_70kg,oral_volume_of_distribution_after_single_1_mg_dose,91.0,L,91.0,L,derived_from_reported,simulation_parameter,,source_1,https://pubmed.ncbi.nlm.nih.gov/8513649/,1,checked,checked,,,,checked,PubMed source_1 reports an oral alprazolam volume of distribution of 0.8 to 1.3 L/kg after a single 1 mg dose. The fixture uses the upper bound as apparent V/F and does not imply a systemic Vd.,not_applicable,1.3,L/kg,91.0,L,"{""bioavailability"":""80-100%"",""clearance"":""0.7-1.5 mL/min/kg"",""elimination_route"":""肝代謝"",""half_life"":""9-16 hours"",""volume_of_distribution"":""0.8-1.3 L/kg""}",body_weight_scaled,1.3 L/kg * 70 kg,"{""range_summary"":""upper_bound"",""weight_ref_kg_for_abs"":70.0}",value_level_metadata,Canonical independent CL/V values used by the 1-compartment fixture; inspect basis and conversion before external use.
pk_parameter,alprazolam,osp::alprazolam,po,spec_pk1_oral.yml,V_systemic_L_at_70kg,derived.V_systemic_L_at_70kg,81.9,L,,,derived_from_reported,derived_output,,,,,,source_url_present_not_parameter_mapped,,,,,,,,,,,"{""bioavailability"":""80-100%"",""clearance"":""0.7-1.5 mL/min/kg"",""elimination_route"":""肝代謝"",""half_life"":""9-16 hours"",""volume_of_distribution"":""0.8-1.3 L/kg""}",,derived.V_apparent_L_at_70kg * pk_parsed.bioavailability_frac,,derived_from_pk_yml_source_fields,Derived systemic value; do not treat as directly reported unless the source mapping says so.
pk_parameter,alprazolam,osp::alprazolam,po,spec_pk1_oral.yml,bioavailability,pk_parsed.bioavailability_frac,0.9,fraction,,,,,,,,,,source_url_present_not_parameter_mapped,,,,,,,,,,,"{""bioavailability"":""80-100%"",""clearance"":""0.7-1.5 mL/min/kg"",""elimination_route"":""肝代謝"",""half_life"":""9-16 hours"",""volume_of_distribution"":""0.8-1.3 L/kg""}",,,,source_url_present_not_parameter_mapped,Used to distinguish apparent CL/F or V/F from systemic CL/V; model F1 may intentionally differ.
pk_parameter,alprazolam,osp::alprazolam,po,spec_pk1_oral.yml,clearance,oral_clearance_after_single_1_mg_dose,0.09,L/h/kg,0.09,L/h/kg,derived_from_reported,simulation_parameter,,source_1,https://pubmed.ncbi.nlm.nih.gov/8513649/,1,checked,checked,,,,checked,PubMed source_1 reports oral alprazolam clearance of 0.7 to 1.5 mL/min/kg after a single 1 mg dose. The fixture deliberately uses the upper bound and retains it as apparent CL/F; systemic CL is not identified from this oral summary alone.,not_applicable,1.5,mL/min/kg,6.3,L/h,"{""bioavailability"":""80-100%"",""clearance"":""0.7-1.5 mL/min/kg"",""elimination_route"":""肝代謝"",""half_life"":""9-16 hours"",""volume_of_distribution"":""0.8-1.3 L/kg""}",unit_conversion_and_body_weight_scaling,1.5 mL/min/kg * 60 min/h / 1000 mL/L * 70 kg,"{""range_summary"":""upper_bound"",""weight_ref_kg_for_abs"":70.0}",value_level_metadata,
pk_parameter,alprazolam,osp::alprazolam,po,spec_pk1_oral.yml,ke_1_per_h,derived.ke_1_per_h,0.06923076923076923,1/h,,,derived_from_reported,derived_output,,,,,,source_url_present_not_parameter_mapped,,,,,,,,,,,"{""bioavailability"":""80-100%"",""clearance"":""0.7-1.5 mL/min/kg"",""elimination_route"":""肝代謝"",""half_life"":""9-16 hours"",""volume_of_distribution"":""0.8-1.3 L/kg""}",,derived.CL_abs_L_per_h_at_70kg / derived.V_abs_L_at_70kg,,derived_from_pk_yml_source_fields,
pk_parameter,alprazolam,osp::alprazolam,po,spec_pk1_oral.yml,t_half_h,oral_elimination_half_life_after_single_1_mg_dose,12.5,h,12.5,h,derived_from_reported,check_only,,source_1,https://pubmed.ncbi.nlm.nih.gov/8513649/,1,checked,checked,,,,checked,PubMed source_1 reports an oral alprazolam elimination half-life of 9 to 16 h. The fixture midpoint remains a check target and is not used to force CL/F or V/F agreement.,acknowledged,9-16,h,12.5,h,"{""bioavailability"":""80-100%"",""clearance"":""0.7-1.5 mL/min/kg"",""elimination_route"":""肝代謝"",""half_life"":""9-16 hours"",""volume_of_distribution"":""0.8-1.3 L/kg""}",derived_formula,midpoint of reported 9-16 h range,"{""range_summary"":""midpoint""}",value_level_metadata,
pk_parameter,alprazolam,osp::alprazolam,po,spec_pk1_oral.yml,volume,oral_volume_of_distribution_after_single_1_mg_dose,1.3,L/kg,1.3,L/kg,derived_from_reported,simulation_parameter,,source_1,https://pubmed.ncbi.nlm.nih.gov/8513649/,1,checked,checked,,,,checked,PubMed source_1 reports an oral alprazolam volume of distribution of 0.8 to 1.3 L/kg after a single 1 mg dose. The fixture uses the upper bound as apparent V/F and does not imply a systemic Vd.,not_applicable,1.3,L/kg,91.0,L,"{""bioavailability"":""80-100%"",""clearance"":""0.7-1.5 mL/min/kg"",""elimination_route"":""肝代謝"",""half_life"":""9-16 hours"",""volume_of_distribution"":""0.8-1.3 L/kg""}",body_weight_scaled,1.3 L/kg * 70 kg,"{""range_summary"":""upper_bound"",""weight_ref_kg_for_abs"":70.0}",value_level_metadata,
target,alprazolam,osp::alprazolam,po,spec_pk1_oral.yml,targets.auc,CL_abs_L_per_h_at_70kg,15873.015873015873,ng*h/mL,,,dose_over_cl,consistency_check,dose_over_cl,,,,,not_applicable,,,,,,,,,,,,,,,derived_target,Computed target; source_value=CL_abs_L_per_h_at_70kg. Not an independent literature AUC.
target,alprazolam,osp::alprazolam,po,spec_pk1_oral.yml,targets.t_half,,12.5,h,,,unknown_needs_review,check_only,,,,,,not_applicable,,,,,,,,,,,,,,,target_without_source_mapping,arithmetic_mean
model_parameter,amikacin,osp::amikacin,iv_bolus,spec_pk1_iv.yml,model.theta.CL,derived.CL_abs_L_per_h_at_70kg,6.0,,6.0,L/h,derived_from_reported,simulation_parameter,,source_1,https://dailymed.nlm.nih.gov/dailymed/drugInfo.cfm?setid=0b56f6df-a05d-4520-8bf0-d7cefe20f6ad,1,checked,checked,,,,checked,DailyMed source_1 reports mean serum clearance rate of about 100 mL/min in normal adult volunteers. Clearance is used as a deterministic fixture model parameter and is not recalibrated to force agreement with terminal half-life.,not_applicable,100.0,mL/min,6.0,L/h,"{""bioavailability"":""N/A (IV only)"",""clearance"":""about 100 mL/min"",""elimination_route"":""腎排泄"",""half_life"":""slightly over 2 hours"",""volume_of_distribution"":""24 liters (28% of the body weight)""}",unit_conversion,100 mL/min * 60 min/h / 1000 mL/L,{},mapped_to_pk_derived,Compare with pk.yml derived CL and confirm apparent/systemic basis.
model_parameter,amikacin,osp::amikacin,iv_bolus,spec_pk1_iv.yml,model.theta.V,derived.V_abs_L_at_70kg,24.0,,24.0,L,derived_from_reported,simulation_parameter,,source_1,https://dailymed.nlm.nih.gov/dailymed/drugInfo.cfm?setid=0b56f6df-a05d-4520-8bf0-d7cefe20f6ad,1,checked,checked,,,,checked,DailyMed source_1 reports apparent volume of distribution of 24 L in normal adult volunteers. Volume is retained as the one-compartment fixture volume and is not recalibrated to force agreement with terminal half-life.,not_applicable,24.0,L,24.0,L,"{""bioavailability"":""N/A (IV only)"",""clearance"":""about 100 mL/min"",""elimination_route"":""腎排泄"",""half_life"":""slightly over 2 hours"",""volume_of_distribution"":""24 liters (28% of the body weight)""}",direct,pk_parsed.volume.value,{},mapped_to_pk_derived,Compare with pk.yml derived V and confirm apparent/systemic basis.
model_variability,amikacin,osp::amikacin,iv_bolus,spec_pk1_iv.yml,iiv.eta.CL,,0.09,omega^2,,,fixture_policy,simulation_parameter,,,,,,not_applicable,,,,,,,,,,,,,,,fixture_policy_no_external_source,IIV/residual-error value from the demo spec; not a direct literature estimate unless separately mapped.
model_variability,amikacin,osp::amikacin,iv_bolus,spec_pk1_iv.yml,iiv.eta.V,,0.04,omega^2,,,fixture_policy,simulation_parameter,,,,,,not_applicable,,,,,,,,,,,,,,,fixture_policy_no_external_source,IIV/residual-error value from the demo spec; not a direct literature estimate unless separately mapped.
model_variability,amikacin,osp::amikacin,iv_bolus,spec_pk1_iv.yml,residual.add,,0.0,concentration,,,fixture_policy,simulation_parameter,,,,,,not_applicable,,,,,,,,,,,,,,,fixture_policy_no_external_source,IIV/residual-error value from the demo spec; not a direct literature estimate unless separately mapped.
model_variability,amikacin,osp::amikacin,iv_bolus,spec_pk1_iv.yml,residual.prop,,0.25,fraction,,,fixture_policy,simulation_parameter,,,,,,not_applicable,,,,,,,,,,,,,,,fixture_policy_no_external_source,IIV/residual-error value from the demo spec; not a direct literature estimate unless separately mapped.
pk_parameter,amikacin,osp::amikacin,iv,spec_pk1_iv.yml,CL_abs_L_per_h_at_70kg,mean_serum_clearance_rate,6.0,L/h,6.0,L/h,label_reported,simulation_parameter,,source_1,https://dailymed.nlm.nih.gov/dailymed/drugInfo.cfm?setid=0b56f6df-a05d-4520-8bf0-d7cefe20f6ad,1,checked,checked,,,,checked,DailyMed source_1 reports mean serum clearance rate of about 100 mL/min in normal adult volunteers. Clearance is used as a deterministic fixture model parameter and is not recalibrated to force agreement with terminal half-life.,not_applicable,100.0,mL/min,6.0,L/h,"{""bioavailability"":""N/A (IV only)"",""clearance"":""about 100 mL/min"",""elimination_route"":""腎排泄"",""half_life"":""slightly over 2 hours"",""volume_of_distribution"":""24 liters (28% of the body weight)""}",unit_conversion,100 mL/min * 60 min/h / 1000 mL/L,{},value_level_metadata,Canonical independent CL/V values used by the 1-compartment fixture; inspect basis and conversion before external use.
pk_parameter,amikacin,osp::amikacin,iv,spec_pk1_iv.yml,CL_systemic_L_per_h_at_70kg,derived.CL_systemic_L_per_h_at_70kg,6.0,L/h,,,derived_from_reported,derived_output,,,,,,source_url_present_not_parameter_mapped,,,,,,,,,,,"{""bioavailability"":""N/A (IV only)"",""clearance"":""about 100 mL/min"",""elimination_route"":""腎排泄"",""half_life"":""slightly over 2 hours"",""volume_of_distribution"":""24 liters (28% of the body weight)""}",,derived.CL_apparent_L_per_h_at_70kg * pk_parsed.bioavailability_frac,,derived_from_pk_yml_source_fields,Derived systemic value; do not treat as directly reported unless the source mapping says so.
pk_parameter,amikacin,osp::amikacin,iv,spec_pk1_iv.yml,V_abs_L_at_70kg,apparent_volume_of_distribution,24.0,L,24.0,L,label_reported,simulation_parameter,,source_1,https://dailymed.nlm.nih.gov/dailymed/drugInfo.cfm?setid=0b56f6df-a05d-4520-8bf0-d7cefe20f6ad,1,checked,checked,,,,checked,DailyMed source_1 reports apparent volume of distribution of 24 L in normal adult volunteers. Volume is retained as the one-compartment fixture volume and is not recalibrated to force agreement with terminal half-life.,not_applicable,24.0,L,24.0,L,"{""bioavailability"":""N/A (IV only)"",""clearance"":""about 100 mL/min"",""elimination_route"":""腎排泄"",""half_life"":""slightly over 2 hours"",""volume_of_distribution"":""24 liters (28% of the body weight)""}",direct,pk_parsed.volume.value,{},value_level_metadata,Canonical independent CL/V values used by the 1-compartment fixture; inspect basis and conversion before external use.
pk_parameter,amikacin,osp::amikacin,iv,spec_pk1_iv.yml,V_systemic_L_at_70kg,derived.V_systemic_L_at_70kg,24.0,L,,,derived_from_reported,derived_output,,,,,,source_url_present_not_parameter_mapped,,,,,,,,,,,"{""bioavailability"":""N/A (IV only)"",""clearance"":""about 100 mL/min"",""elimination_route"":""腎排泄"",""half_life"":""slightly over 2 hours"",""volume_of_distribution"":""24 liters (28% of the body weight)""}",,derived.V_apparent_L_at_70kg * pk_parsed.bioavailability_frac,,derived_from_pk_yml_source_fields,Derived systemic value; do not treat as directly reported unless the source mapping says so.
pk_parameter,amikacin,osp::amikacin,iv,spec_pk1_iv.yml,bioavailability,pk_parsed.bioavailability_frac,1.0,fraction,,,,,,,,,,source_url_present_not_parameter_mapped,,,,,,,,,,,"{""bioavailability"":""N/A (IV only)"",""clearance"":""about 100 mL/min"",""elimination_route"":""腎排泄"",""half_life"":""slightly over 2 hours"",""volume_of_distribution"":""24 liters (28% of the body weight)""}",,,,source_url_present_not_parameter_mapped,Used to distinguish apparent CL/F or V/F from systemic CL/V; model F1 may intentionally differ.
pk_parameter,amikacin,osp::amikacin,iv,spec_pk1_iv.yml,clearance,mean_serum_clearance_rate,6.0,L/h,6.0,L/h,label_reported,simulation_parameter,,source_1,https://dailymed.nlm.nih.gov/dailymed/drugInfo.cfm?setid=0b56f6df-a05d-4520-8bf0-d7cefe20f6ad,1,checked,checked,,,,checked,DailyMed source_1 reports mean serum clearance rate of about 100 mL/min in normal adult volunteers. Clearance is used as a deterministic fixture model parameter and is not recalibrated to force agreement with terminal half-life.,not_applicable,100.0,mL/min,6.0,L/h,"{""bioavailability"":""N/A (IV only)"",""clearance"":""about 100 mL/min"",""elimination_route"":""腎排泄"",""half_life"":""slightly over 2 hours"",""volume_of_distribution"":""24 liters (28% of the body weight)""}",unit_conversion,100 mL/min * 60 min/h / 1000 mL/L,{},value_level_metadata,
pk_parameter,amikacin,osp::amikacin,iv,spec_pk1_iv.yml,ke_1_per_h,derived.ke_1_per_h,0.25,1/h,,,derived_from_reported,derived_output,,,,,,source_url_present_not_parameter_mapped,,,,,,,,,,,"{""bioavailability"":""N/A (IV only)"",""clearance"":""about 100 mL/min"",""elimination_route"":""腎排泄"",""half_life"":""slightly over 2 hours"",""volume_of_distribution"":""24 liters (28% of the body weight)""}",,derived.CL_abs_L_per_h_at_70kg / derived.V_abs_L_at_70kg,,derived_from_pk_yml_source_fields,
pk_parameter,amikacin,osp::amikacin,iv,spec_pk1_iv.yml,t_half_h,serum_half_life_normal_adult_volunteers,2.0,h,2.0,h,derived_from_reported,check_only,,source_1,https://dailymed.nlm.nih.gov/dailymed/drugInfo.cfm?setid=0b56f6df-a05d-4520-8bf0-d7cefe20f6ad,1,checked,checked,,,,checked,DailyMed source_1 reports serum half-life in normal adult volunteers as slightly over 2 h. Canonical t_half_h retains the fixture-rounded value and remains a check target only. CL and V are not jointly calibrated to match terminal half-life in this deterministic one-compartment fixture.,acknowledged,slightly over 2,h,2.0,h,"{""bioavailability"":""N/A (IV only)"",""clearance"":""about 100 mL/min"",""elimination_route"":""腎排泄"",""half_life"":""slightly over 2 hours"",""volume_of_distribution"":""24 liters (28% of the body weight)""}",derived_formula,"reported ""slightly over 2 hours"" retained as 2.0 h fixture value","{""fixture_rounding"":""slightly_over_two_hours_to_2.0_h""}",value_level_metadata,
pk_parameter,amikacin,osp::amikacin,iv,spec_pk1_iv.yml,volume,apparent_volume_of_distribution,24.0,L,24.0,L,label_reported,simulation_parameter,,source_1,https://dailymed.nlm.nih.gov/dailymed/drugInfo.cfm?setid=0b56f6df-a05d-4520-8bf0-d7cefe20f6ad,1,checked,checked,,,,checked,DailyMed source_1 reports apparent volume of distribution of 24 L in normal adult volunteers. Volume is retained as the one-compartment fixture volume and is not recalibrated to force agreement with terminal half-life.,not_applicable,24.0,L,24.0,L,"{""bioavailability"":""N/A (IV only)"",""clearance"":""about 100 mL/min"",""elimination_route"":""腎排泄"",""half_life"":""slightly over 2 hours"",""volume_of_distribution"":""24 liters (28% of the body weight)""}",direct,pk_parsed.volume.value,{},value_level_metadata,
target,amikacin,osp::amikacin,iv,spec_pk1_iv.yml,targets.auc,CL_abs_L_per_h_at_70kg,16666.666666666668,ng*h/mL,,,dose_over_cl,consistency_check,dose_over_cl,,,,,not_applicable,,,,,,,,,,,,,,,derived_target,Computed target; source_value=CL_abs_L_per_h_at_70kg. Not an independent literature AUC.
target,amikacin,osp::amikacin,iv,spec_pk1_iv.yml,targets.t_half,,2.0,h,,,unknown_needs_review,check_only,,,,,,not_applicable,,,,,,,,,,,,,,,target_without_source_mapping,arithmetic_mean
model_parameter,apixaban,OSP_apixaban,oral,spec_pk1_oral.yml,model.theta.ALAG1,,0.5,,,,fixture_policy,simulation_parameter,,,,,,not_applicable,,,,,,,,,,,"{""text"":""Label: total clearance ~3.3 L/h; half-life ~12 h; absolute bioavailability ~50%. Treat CL/V as apparent (CL/F, V/F) for 1-comp template.""}",,,,fixture_policy_no_external_source,Absorption parameter supplied by the demo spec; add a drug-specific source mapping before treating it as literature-supported.
model_parameter,apixaban,OSP_apixaban,oral,spec_pk1_oral.yml,model.theta.CL,derived.CL_abs_L_per_h_at_70kg,3.3,,3.3,L/h,derived_from_reported,simulation_parameter,,source_1,https://dailymed.nlm.nih.gov/dailymed/drugInfo.cfm?setid=095a08ac-cf0e-497e-a682-ddef38d6b29c,1,checked,checked,,,,checked,DailyMed source_1 reports total clearance of approximately 3.3 L/hour and an apparent half-life after oral administration. The fixture treats the reported oral value as apparent CL/F.,not_applicable,3.3,L/h,3.3,L/h,"{""text"":""Label: total clearance ~3.3 L/h; half-life ~12 h; absolute bioavailability ~50%. Treat CL/V as apparent (CL/F, V/F) for 1-comp template.""}",direct,pk_parsed.clearance.value,{},mapped_to_pk_derived,Compare with pk.yml derived CL and confirm apparent/systemic basis.
model_parameter,apixaban,OSP_apixaban,oral,spec_pk1_oral.yml,model.theta.F1,pk_parsed.bioavailability_frac,1.0,fraction,,,fixture_policy,simulation_parameter,,,,,,not_applicable,,,,,,,,,,,"{""text"":""Label: total clearance ~3.3 L/h; half-life ~12 h; absolute bioavailability ~50%. Treat CL/V as apparent (CL/F, V/F) for 1-comp template.""}",,,,fixture_policy_apparent_parameters,"Oral fixture may set F1=1 while CL/V remain apparent values; this is a parameterization policy, not a source claim."
model_parameter,apixaban,OSP_apixaban,oral,spec_pk1_oral.yml,model.theta.KA,,1.2,,,,fixture_policy,simulation_parameter,,,,,,not_applicable,,,,,,,,,,,"{""text"":""Label: total clearance ~3.3 L/h; half-life ~12 h; absolute bioavailability ~50%. Treat CL/V as apparent (CL/F, V/F) for 1-comp template.""}",,,,fixture_policy_no_external_source,Absorption parameter supplied by the demo spec; add a drug-specific source mapping before treating it as literature-supported.
model_parameter,apixaban,OSP_apixaban,oral,spec_pk1_oral.yml,model.theta.V,derived.V_abs_L_at_70kg,57.130723619202946,,57.130723619202946,L,derived_from_reported,simulation_parameter,,source_1,https://dailymed.nlm.nih.gov/dailymed/drugInfo.cfm?setid=095a08ac-cf0e-497e-a682-ddef38d6b29c,1,checked,checked,,,,checked,"DailyMed source_1 supports the apparent clearance and apparent half-life used as inputs; the committed V is a one-compartment apparent V/F derivation, not a directly reported Vd.",acknowledged,3.3 and 12.0,L/h and h,57.130723619202946,L,"{""text"":""Label: total clearance ~3.3 L/h; half-life ~12 h; absolute bioavailability ~50%. Treat CL/V as apparent (CL/F, V/F) for 1-comp template.""}",derived_formula,CL_abs_L_per_h_at_70kg * t_half_h / ln(2),"{""basis"":""apparent_V_over_F"",""model"":""one_compartment_fixture""}",mapped_to_pk_derived,Compare with pk.yml derived V and confirm apparent/systemic basis.
model_variability,apixaban,OSP_apixaban,oral,spec_pk1_oral.yml,iiv.eta.CL,,0.09,omega^2,,,fixture_policy,simulation_parameter,,,,,,not_applicable,,,,,,,,,,,,,,,fixture_policy_no_external_source,IIV/residual-error value from the demo spec; not a direct literature estimate unless separately mapped.
model_variability,apixaban,OSP_apixaban,oral,spec_pk1_oral.yml,iiv.eta.KA,,0.16,omega^2,,,fixture_policy,simulation_parameter,,,,,,not_applicable,,,,,,,,,,,,,,,fixture_policy_no_external_source,IIV/residual-error value from the demo spec; not a direct literature estimate unless separately mapped.
model_variability,apixaban,OSP_apixaban,oral,spec_pk1_oral.yml,iiv.eta.V,,0.04,omega^2,,,fixture_policy,simulation_parameter,,,,,,not_applicable,,,,,,,,,,,,,,,fixture_policy_no_external_source,IIV/residual-error value from the demo spec; not a direct literature estimate unless separately mapped.
model_variability,apixaban,OSP_apixaban,oral,spec_pk1_oral.yml,residual.add,,0.0,concentration,,,fixture_policy,simulation_parameter,,,,,,not_applicable,,,,,,,,,,,,,,,fixture_policy_no_external_source,IIV/residual-error value from the demo spec; not a direct literature estimate unless separately mapped.
model_variability,apixaban,OSP_apixaban,oral,spec_pk1_oral.yml,residual.prop,,0.25,fraction,,,fixture_policy,simulation_parameter,,,,,,not_applicable,,,,,,,,,,,,,,,fixture_policy_no_external_source,IIV/residual-error value from the demo spec; not a direct literature estimate unless separately mapped.
pk_parameter,apixaban,OSP_apixaban,po,spec_pk1_oral.yml,CL_abs_L_per_h_at_70kg,total_clearance_after_oral_administration,3.3,L/h,3.3,L/h,label_reported,simulation_parameter,,source_1,https://dailymed.nlm.nih.gov/dailymed/drugInfo.cfm?setid=095a08ac-cf0e-497e-a682-ddef38d6b29c,1,checked,checked,,,,checked,DailyMed source_1 reports total clearance of approximately 3.3 L/hour and an apparent half-life after oral administration. The fixture treats the reported oral value as apparent CL/F.,not_applicable,3.3,L/h,3.3,L/h,"{""text"":""Label: total clearance ~3.3 L/h; half-life ~12 h; absolute bioavailability ~50%. Treat CL/V as apparent (CL/F, V/F) for 1-comp template.""}",direct,pk_parsed.clearance.value,{},value_level_metadata,Canonical independent CL/V values used by the 1-compartment fixture; inspect basis and conversion before external use.
pk_parameter,apixaban,OSP_apixaban,po,spec_pk1_oral.yml,CL_systemic_L_per_h_at_70kg,derived.CL_systemic_L_per_h_at_70kg,1.65,L/h,,,derived_from_reported,derived_output,,,,,,source_url_present_not_parameter_mapped,,,,,,,,,,,"{""text"":""Label: total clearance ~3.3 L/h; half-life ~12 h; absolute bioavailability ~50%. Treat CL/V as apparent (CL/F, V/F) for 1-comp template.""}",,derived.CL_apparent_L_per_h_at_70kg * pk_parsed.bioavailability_frac,,derived_from_pk_yml_source_fields,Derived systemic value; do not treat as directly reported unless the source mapping says so.
pk_parameter,apixaban,OSP_apixaban,po,spec_pk1_oral.yml,V_abs_L_at_70kg,apparent_volume_derived_from_label_clearance_and_half_life,57.130723619202946,L,57.130723619202946,L,fixture_derived,simulation_parameter,,source_1,https://dailymed.nlm.nih.gov/dailymed/drugInfo.cfm?setid=095a08ac-cf0e-497e-a682-ddef38d6b29c,1,checked,checked,,,,checked,"DailyMed source_1 supports the apparent clearance and apparent half-life used as inputs; the committed V is a one-compartment apparent V/F derivation, not a directly reported Vd.",acknowledged,3.3 and 12.0,L/h and h,57.130723619202946,L,"{""text"":""Label: total clearance ~3.3 L/h; half-life ~12 h; absolute bioavailability ~50%. Treat CL/V as apparent (CL/F, V/F) for 1-comp template.""}",derived_formula,CL_abs_L_per_h_at_70kg * t_half_h / ln(2),"{""basis"":""apparent_V_over_F"",""model"":""one_compartment_fixture""}",value_level_metadata,Canonical independent CL/V values used by the 1-compartment fixture; inspect basis and conversion before external use.
pk_parameter,apixaban,OSP_apixaban,po,spec_pk1_oral.yml,V_systemic_L_at_70kg,derived.V_systemic_L_at_70kg,28.565361809601473,L,,,derived_from_reported,derived_output,,,,,,source_url_present_not_parameter_mapped,,,,,,,,,,,"{""text"":""Label: total clearance ~3.3 L/h; half-life ~12 h; absolute bioavailability ~50%. Treat CL/V as apparent (CL/F, V/F) for 1-comp template.""}",,derived.V_apparent_L_at_70kg * pk_parsed.bioavailability_frac,,derived_from_pk_yml_source_fields,Derived systemic value; do not treat as directly reported unless the source mapping says so.
pk_parameter,apixaban,OSP_apixaban,po,spec_pk1_oral.yml,bioavailability,pk_parsed.bioavailability_frac,0.5,fraction,,,,,,,,,,source_url_present_not_parameter_mapped,,,,,,,,,,,"{""text"":""Label: total clearance ~3.3 L/h; half-life ~12 h; absolute bioavailability ~50%. Treat CL/V as apparent (CL/F, V/F) for 1-comp template.""}",,,,source_url_present_not_parameter_mapped,Used to distinguish apparent CL/F or V/F from systemic CL/V; model F1 may intentionally differ.
pk_parameter,apixaban,OSP_apixaban,po,spec_pk1_oral.yml,clearance,total_clearance_after_oral_administration,3.3,L/h,3.3,L/h,label_reported,simulation_parameter,,source_1,https://dailymed.nlm.nih.gov/dailymed/drugInfo.cfm?setid=095a08ac-cf0e-497e-a682-ddef38d6b29c,1,checked,checked,,,,checked,DailyMed source_1 reports total clearance of approximately 3.3 L/hour and an apparent half-life after oral administration. The fixture treats the reported oral value as apparent CL/F.,not_applicable,3.3,L/h,3.3,L/h,"{""text"":""Label: total clearance ~3.3 L/h; half-life ~12 h; absolute bioavailability ~50%. Treat CL/V as apparent (CL/F, V/F) for 1-comp template.""}",direct,pk_parsed.clearance.value,{},value_level_metadata,
pk_parameter,apixaban,OSP_apixaban,po,spec_pk1_oral.yml,ke_1_per_h,derived.ke_1_per_h,0.05776226504666211,1/h,,,derived_from_reported,derived_output,,,,,,source_url_present_not_parameter_mapped,,,,,,,,,,,"{""text"":""Label: total clearance ~3.3 L/h; half-life ~12 h; absolute bioavailability ~50%. Treat CL/V as apparent (CL/F, V/F) for 1-comp template.""}",,derived.CL_abs_L_per_h_at_70kg / derived.V_abs_L_at_70kg,,derived_from_pk_yml_source_fields,
pk_parameter,apixaban,OSP_apixaban,po,spec_pk1_oral.yml,t_half_h,apparent_half_life_after_oral_administration,12.0,h,12.0,h,label_reported,check_only,,source_1,https://dailymed.nlm.nih.gov/dailymed/drugInfo.cfm?setid=095a08ac-cf0e-497e-a682-ddef38d6b29c,1,checked,checked,,,,checked,DailyMed source_1 reports an apparent half-life of approximately 12 hours following oral administration. It remains a check target for the one-compartment fixture.,acknowledged,12.0,h,12.0,h,"{""text"":""Label: total clearance ~3.3 L/h; half-life ~12 h; absolute bioavailability ~50%. Treat CL/V as apparent (CL/F, V/F) for 1-comp template.""}",direct,pk_parsed.half_life_h,{},value_level_metadata,
pk_parameter,apixaban,OSP_apixaban,po,spec_pk1_oral.yml,volume,apparent_volume_derived_from_label_clearance_and_half_life,57.130723619202946,L,57.130723619202946,L,fixture_derived,simulation_parameter,,source_1,https://dailymed.nlm.nih.gov/dailymed/drugInfo.cfm?setid=095a08ac-cf0e-497e-a682-ddef38d6b29c,1,checked,checked,,,,checked,"DailyMed source_1 supports the apparent clearance and apparent half-life used as inputs; the committed V is a one-compartment apparent V/F derivation, not a directly reported Vd.",acknowledged,3.3 and 12.0,L/h and h,57.130723619202946,L,"{""text"":""Label: total clearance ~3.3 L/h; half-life ~12 h; absolute bioavailability ~50%. Treat CL/V as apparent (CL/F, V/F) for 1-comp template.""}",derived_formula,CL_abs_L_per_h_at_70kg * t_half_h / ln(2),"{""basis"":""apparent_V_over_F"",""model"":""one_compartment_fixture""}",value_level_metadata,
target,apixaban,OSP_apixaban,po,spec_pk1_oral.yml,targets.auc,CL_abs_L_per_h_at_70kg,3030.3030303030305,ng*h/mL,,,dose_over_cl,consistency_check,dose_over_cl,,,,,not_applicable,,,,,,,,,,,,,,,derived_target,Computed target; source_value=CL_abs_L_per_h_at_70kg. Not an independent literature AUC.
target,apixaban,OSP_apixaban,po,spec_pk1_oral.yml,targets.t_half,,12.0,h,,,unknown_needs_review,check_only,,,,,,not_applicable,,,,,,,,,,,,,,,target_without_source_mapping,arithmetic_mean
model_parameter,atazanavir,osp::atazanavir,oral,spec_pk1_oral.yml,model.theta.ALAG1,,0.5,,,,fixture_policy,simulation_parameter,,,,,,not_applicable,,,,,,,,,,,"{""bioavailability"":null,""clearance"":""12.9 liters/h"",""elimination_route"":""肝代謝"",""half_life"":""4.6 hours"",""volume_of_distribution"":""88.3 liters""}",,,,fixture_policy_no_external_source,Absorption parameter supplied by the demo spec; add a drug-specific source mapping before treating it as literature-supported.
model_parameter,atazanavir,osp::atazanavir,oral,spec_pk1_oral.yml,model.theta.CL,derived.CL_abs_L_per_h_at_70kg,12.9,,12.9,L/h,derived_from_reported,simulation_parameter,,source_2,https://pmc.ncbi.nlm.nih.gov/articles/PMC1635184/,2,checked,checked,,,,checked,The primary population PK study in source_2 reports oral clearance CL/F of 12.9 L/h in patients with HIV infection. The fixture remains context-specific and should not be interpreted as an unconditioned adult mean.,not_applicable,12.9,L/h,12.9,L/h,"{""bioavailability"":null,""clearance"":""12.9 liters/h"",""elimination_route"":""肝代謝"",""half_life"":""4.6 hours"",""volume_of_distribution"":""88.3 liters""}",direct,pk_parsed.clearance.value,"{""basis"":""CL_over_F""}",mapped_to_pk_derived,Compare with pk.yml derived CL and confirm apparent/systemic basis.
model_parameter,atazanavir,osp::atazanavir,oral,spec_pk1_oral.yml,model.theta.F1,pk_parsed.bioavailability_frac,1.0,fraction,,,fixture_policy,simulation_parameter,,,,,,not_applicable,,,,,,,,,,,"{""bioavailability"":null,""clearance"":""12.9 liters/h"",""elimination_route"":""肝代謝"",""half_life"":""4.6 hours"",""volume_of_distribution"":""88.3 liters""}",,,,fixture_policy_apparent_parameters,"Oral fixture may set F1=1 while CL/V remain apparent values; this is a parameterization policy, not a source claim."
model_parameter,atazanavir,osp::atazanavir,oral,spec_pk1_oral.yml,model.theta.KA,,1.2,,,,fixture_policy,simulation_parameter,,,,,,not_applicable,,,,,,,,,,,"{""bioavailability"":null,""clearance"":""12.9 liters/h"",""elimination_route"":""肝代謝"",""half_life"":""4.6 hours"",""volume_of_distribution"":""88.3 liters""}",,,,fixture_policy_no_external_source,Absorption parameter supplied by the demo spec; add a drug-specific source mapping before treating it as literature-supported.
model_parameter,atazanavir,osp::atazanavir,oral,spec_pk1_oral.yml,model.theta.V,derived.V_abs_L_at_70kg,88.3,,88.3,L,derived_from_reported,simulation_parameter,,source_2,https://pmc.ncbi.nlm.nih.gov/articles/PMC1635184/,2,checked,checked,,,,checked,Source_2 reports V/F of 88.3 L in its population PK model and explicitly states that oral CL and V are apparent values. The fixture uses the reported population mean.,not_applicable,88.3,L,88.3,L,"{""bioavailability"":null,""clearance"":""12.9 liters/h"",""elimination_route"":""肝代謝"",""half_life"":""4.6 hours"",""volume_of_distribution"":""88.3 liters""}",direct,pk_parsed.volume.value,"{""basis"":""V_over_F""}",mapped_to_pk_derived,Compare with pk.yml derived V and confirm apparent/systemic basis.
model_variability,atazanavir,osp::atazanavir,oral,spec_pk1_oral.yml,iiv.eta.CL,,0.09,omega^2,,,fixture_policy,simulation_parameter,,,,,,not_applicable,,,,,,,,,,,,,,,fixture_policy_no_external_source,IIV/residual-error value from the demo spec; not a direct literature estimate unless separately mapped.
model_variability,atazanavir,osp::atazanavir,oral,spec_pk1_oral.yml,iiv.eta.KA,,0.16,omega^2,,,fixture_policy,simulation_parameter,,,,,,not_applicable,,,,,,,,,,,,,,,fixture_policy_no_external_source,IIV/residual-error value from the demo spec; not a direct literature estimate unless separately mapped.
model_variability,atazanavir,osp::atazanavir,oral,spec_pk1_oral.yml,iiv.eta.V,,0.04,omega^2,,,fixture_policy,simulation_parameter,,,,,,not_applicable,,,,,,,,,,,,,,,fixture_policy_no_external_source,IIV/residual-error value from the demo spec; not a direct literature estimate unless separately mapped.
model_variability,atazanavir,osp::atazanavir,oral,spec_pk1_oral.yml,residual.add,,0.0,concentration,,,fixture_policy,simulation_parameter,,,,,,not_applicable,,,,,,,,,,,,,,,fixture_policy_no_external_source,IIV/residual-error value from the demo spec; not a direct literature estimate unless separately mapped.
model_variability,atazanavir,osp::atazanavir,oral,spec_pk1_oral.yml,residual.prop,,0.25,fraction,,,fixture_policy,simulation_parameter,,,,,,not_applicable,,,,,,,,,,,,,,,fixture_policy_no_external_source,IIV/residual-error value from the demo spec; not a direct literature estimate unless separately mapped.
pk_parameter,atazanavir,osp::atazanavir,po,spec_pk1_oral.yml,CL_abs_L_per_h_at_70kg,oral_clearance_CL_over_F,12.9,L/h,12.9,L/h,literature_reported,simulation_parameter,,source_2,https://pmc.ncbi.nlm.nih.gov/articles/PMC1635184/,2,checked,checked,,,,checked,The primary population PK study in source_2 reports oral clearance CL/F of 12.9 L/h in patients with HIV infection. The fixture remains context-specific and should not be interpreted as an unconditioned adult mean.,not_applicable,12.9,L/h,12.9,L/h,"{""bioavailability"":null,""clearance"":""12.9 liters/h"",""elimination_route"":""肝代謝"",""half_life"":""4.6 hours"",""volume_of_distribution"":""88.3 liters""}",direct,pk_parsed.clearance.value,"{""basis"":""CL_over_F""}",value_level_metadata,Canonical independent CL/V values used by the 1-compartment fixture; inspect basis and conversion before external use.
pk_parameter,atazanavir,osp::atazanavir,po,spec_pk1_oral.yml,V_abs_L_at_70kg,oral_volume_V_over_F,88.3,L,88.3,L,literature_reported,simulation_parameter,,source_2,https://pmc.ncbi.nlm.nih.gov/articles/PMC1635184/,2,checked,checked,,,,checked,Source_2 reports V/F of 88.3 L in its population PK model and explicitly states that oral CL and V are apparent values. The fixture uses the reported population mean.,not_applicable,88.3,L,88.3,L,"{""bioavailability"":null,""clearance"":""12.9 liters/h"",""elimination_route"":""肝代謝"",""half_life"":""4.6 hours"",""volume_of_distribution"":""88.3 liters""}",direct,pk_parsed.volume.value,"{""basis"":""V_over_F""}",value_level_metadata,Canonical independent CL/V values used by the 1-compartment fixture; inspect basis and conversion before external use.
pk_parameter,atazanavir,osp::atazanavir,po,spec_pk1_oral.yml,clearance,oral_clearance_CL_over_F,12.9,L/h,12.9,L/h,literature_reported,simulation_parameter,,source_2,https://pmc.ncbi.nlm.nih.gov/articles/PMC1635184/,2,checked,checked,,,,checked,The primary population PK study in source_2 reports oral clearance CL/F of 12.9 L/h in patients with HIV infection. The fixture remains context-specific and should not be interpreted as an unconditioned adult mean.,not_applicable,12.9,L/h,12.9,L/h,"{""bioavailability"":null,""clearance"":""12.9 liters/h"",""elimination_route"":""肝代謝"",""half_life"":""4.6 hours"",""volume_of_distribution"":""88.3 liters""}",direct,pk_parsed.clearance.value,"{""basis"":""CL_over_F""}",value_level_metadata,
pk_parameter,atazanavir,osp::atazanavir,po,spec_pk1_oral.yml,ke_1_per_h,derived.ke_1_per_h,0.14609286523216308,1/h,,,derived_from_reported,derived_output,,,,,,source_url_present_not_parameter_mapped,,,,,,,,,,,"{""bioavailability"":null,""clearance"":""12.9 liters/h"",""elimination_route"":""肝代謝"",""half_life"":""4.6 hours"",""volume_of_distribution"":""88.3 liters""}",,derived.CL_abs_L_per_h_at_70kg / derived.V_abs_L_at_70kg,,derived_from_pk_yml_source_fields,
pk_parameter,atazanavir,osp::atazanavir,po,spec_pk1_oral.yml,t_half_h,elimination_half_life_without_ritonavir,4.6,h,4.6,h,literature_reported,check_only,,source_2,https://pmc.ncbi.nlm.nih.gov/articles/PMC1635184/,2,checked,checked,,,,checked,Source_2 reports an elimination half-life of 4.6 h without ritonavir and 8.8 h with ritonavir. The fixture records the unboosted value and does not extrapolate it to boosted treatment.,acknowledged,4.6,h,4.6,h,"{""bioavailability"":null,""clearance"":""12.9 liters/h"",""elimination_route"":""肝代謝"",""half_life"":""4.6 hours"",""volume_of_distribution"":""88.3 liters""}",direct,pk_parsed.half_life_h,"{""population"":""unboosted_oral_atazanavir""}",value_level_metadata,
pk_parameter,atazanavir,osp::atazanavir,po,spec_pk1_oral.yml,volume,oral_volume_V_over_F,88.3,L,88.3,L,literature_reported,simulation_parameter,,source_2,https://pmc.ncbi.nlm.nih.gov/articles/PMC1635184/,2,checked,checked,,,,checked,Source_2 reports V/F of 88.3 L in its population PK model and explicitly states that oral CL and V are apparent values. The fixture uses the reported population mean.,not_applicable,88.3,L,88.3,L,"{""bioavailability"":null,""clearance"":""12.9 liters/h"",""elimination_route"":""肝代謝"",""half_life"":""4.6 hours"",""volume_of_distribution"":""88.3 liters""}",direct,pk_parsed.volume.value,"{""basis"":""V_over_F""}",value_level_metadata,
target,atazanavir,osp::atazanavir,po,spec_pk1_oral.yml,targets.auc,CL_abs_L_per_h_at_70kg,7751.937984496124,ng*h/mL,,,dose_over_cl,consistency_check,dose_over_cl,,,,,not_applicable,,,,,,,,,,,,,,,derived_target,Computed target; source_value=CL_abs_L_per_h_at_70kg. Not an independent literature AUC.
target,atazanavir,osp::atazanavir,po,spec_pk1_oral.yml,targets.t_half,,4.6,h,,,unknown_needs_review,check_only,,,,,,not_applicable,,,,,,,,,,,,,,,target_without_source_mapping,arithmetic_mean
model_parameter,buprenorphine,OSP_buprenorphine,iv,spec_pk1_iv.yml,model.theta.CL,derived.CL_abs_L_per_h_at_70kg,54.0,,54.0,L/h,derived_from_reported,simulation_parameter,,source_2,https://pmc.ncbi.nlm.nih.gov/articles/PMC3663890/,1,checked,checked,,,,checked,Source_2 reports IV clearance 54 L/h. It is retained as systemic CL without an oral bioavailability correction.,acknowledged,54.0,L/h,54.0,L/h,"{""text"":""IV study: clearance 54 L/h; Vd 806 L. One-comp half-life derived from V/CL.""}",direct,source_2 reported IV clearance,"{""route_context"":""IV""}",mapped_to_pk_derived,Compare with pk.yml derived CL and confirm apparent/systemic basis.
model_parameter,buprenorphine,OSP_buprenorphine,iv,spec_pk1_iv.yml,model.theta.V,derived.V_abs_L_at_70kg,806.0,,806.0,L,derived_from_reported,simulation_parameter,,source_2,https://pmc.ncbi.nlm.nih.gov/articles/PMC3663890/,1,checked,checked,,,,checked,Source_2 reports IV Vd 806 L. The deterministic fixture retains the reported systemic volume and does not claim that it replaces the source model structure.,acknowledged,806.0,L,806.0,L,"{""text"":""IV study: clearance 54 L/h; Vd 806 L. One-comp half-life derived from V/CL.""}",direct,source_2 reported IV Vd,"{""route_context"":""IV""}",mapped_to_pk_derived,Compare with pk.yml derived V and confirm apparent/systemic basis.
model_variability,buprenorphine,OSP_buprenorphine,iv,spec_pk1_iv.yml,iiv.eta.CL,,0.09,omega^2,,,fixture_policy,simulation_parameter,,,,,,not_applicable,,,,,,,,,,,,,,,fixture_policy_no_external_source,IIV/residual-error value from the demo spec; not a direct literature estimate unless separately mapped.
model_variability,buprenorphine,OSP_buprenorphine,iv,spec_pk1_iv.yml,iiv.eta.V,,0.04,omega^2,,,fixture_policy,simulation_parameter,,,,,,not_applicable,,,,,,,,,,,,,,,fixture_policy_no_external_source,IIV/residual-error value from the demo spec; not a direct literature estimate unless separately mapped.
model_variability,buprenorphine,OSP_buprenorphine,iv,spec_pk1_iv.yml,residual.add,,0.0,concentration,,,fixture_policy,simulation_parameter,,,,,,not_applicable,,,,,,,,,,,,,,,fixture_policy_no_external_source,IIV/residual-error value from the demo spec; not a direct literature estimate unless separately mapped.
model_variability,buprenorphine,OSP_buprenorphine,iv,spec_pk1_iv.yml,residual.prop,,0.25,fraction,,,fixture_policy,simulation_parameter,,,,,,not_applicable,,,,,,,,,,,,,,,fixture_policy_no_external_source,IIV/residual-error value from the demo spec; not a direct literature estimate unless separately mapped.
pk_parameter,buprenorphine,OSP_buprenorphine,iv,spec_pk1_iv.yml,CL_abs_L_per_h_at_70kg,IV_clearance,54.0,L/h,54.0,L/h,literature_reported,simulation_parameter,,source_2,https://pmc.ncbi.nlm.nih.gov/articles/PMC3663890/,1,checked,checked,,,,checked,Source_2 reports IV clearance 54 L/h. It is retained as systemic CL without an oral bioavailability correction.,acknowledged,54.0,L/h,54.0,L/h,"{""text"":""IV study: clearance 54 L/h; Vd 806 L. One-comp half-life derived from V/CL.""}",direct,source_2 reported IV clearance,"{""route_context"":""IV""}",value_level_metadata,Canonical independent CL/V values used by the 1-compartment fixture; inspect basis and conversion before external use.
pk_parameter,buprenorphine,OSP_buprenorphine,iv,spec_pk1_iv.yml,CL_systemic_L_per_h_at_70kg,derived.CL_systemic_L_per_h_at_70kg,54.0,L/h,,,derived_from_reported,derived_output,,,,,,source_url_present_not_parameter_mapped,,,,,,,,,,,"{""text"":""IV study: clearance 54 L/h; Vd 806 L. One-comp half-life derived from V/CL.""}",,derived.CL_apparent_L_per_h_at_70kg * pk_parsed.bioavailability_frac,,derived_from_pk_yml_source_fields,Derived systemic value; do not treat as directly reported unless the source mapping says so.
pk_parameter,buprenorphine,OSP_buprenorphine,iv,spec_pk1_iv.yml,V_abs_L_at_70kg,IV_volume_of_distribution,806.0,L,806.0,L,literature_reported,simulation_parameter,,source_2,https://pmc.ncbi.nlm.nih.gov/articles/PMC3663890/,1,checked,checked,,,,checked,Source_2 reports IV Vd 806 L. The deterministic fixture retains the reported systemic volume and does not claim that it replaces the source model structure.,acknowledged,806.0,L,806.0,L,"{""text"":""IV study: clearance 54 L/h; Vd 806 L. One-comp half-life derived from V/CL.""}",direct,source_2 reported IV Vd,"{""route_context"":""IV""}",value_level_metadata,Canonical independent CL/V values used by the 1-compartment fixture; inspect basis and conversion before external use.
pk_parameter,buprenorphine,OSP_buprenorphine,iv,spec_pk1_iv.yml,V_systemic_L_at_70kg,derived.V_systemic_L_at_70kg,806.0,L,,,derived_from_reported,derived_output,,,,,,source_url_present_not_parameter_mapped,,,,,,,,,,,"{""text"":""IV study: clearance 54 L/h; Vd 806 L. One-comp half-life derived from V/CL.""}",,derived.V_apparent_L_at_70kg * pk_parsed.bioavailability_frac,,derived_from_pk_yml_source_fields,Derived systemic value; do not treat as directly reported unless the source mapping says so.
pk_parameter,buprenorphine,OSP_buprenorphine,iv,spec_pk1_iv.yml,bioavailability,pk_parsed.bioavailability_frac,1.0,fraction,,,,,,,,,,source_url_present_not_parameter_mapped,,,,,,,,,,,"{""text"":""IV study: clearance 54 L/h; Vd 806 L. One-comp half-life derived from V/CL.""}",,,,source_url_present_not_parameter_mapped,Used to distinguish apparent CL/F or V/F from systemic CL/V; model F1 may intentionally differ.
pk_parameter,buprenorphine,OSP_buprenorphine,iv,spec_pk1_iv.yml,clearance,IV_clearance,54.0,L/h,54.0,L/h,literature_reported,simulation_parameter,,source_2,https://pmc.ncbi.nlm.nih.gov/articles/PMC3663890/,1,checked,checked,,,,checked,Source_2 reports IV clearance 54 L/h. It is retained as systemic CL without an oral bioavailability correction.,acknowledged,54.0,L/h,54.0,L/h,"{""text"":""IV study: clearance 54 L/h; Vd 806 L. One-comp half-life derived from V/CL.""}",direct,source_2 reported IV clearance,"{""route_context"":""IV""}",value_level_metadata,
pk_parameter,buprenorphine,OSP_buprenorphine,iv,spec_pk1_iv.yml,ke_1_per_h,derived.ke_1_per_h,0.06699751861042183,1/h,,,derived_from_reported,derived_output,,,,,,source_url_present_not_parameter_mapped,,,,,,,,,,,"{""text"":""IV study: clearance 54 L/h; Vd 806 L. One-comp half-life derived from V/CL.""}",,derived.CL_abs_L_per_h_at_70kg / derived.V_abs_L_at_70kg,,derived_from_pk_yml_source_fields,
pk_parameter,buprenorphine,OSP_buprenorphine,iv,spec_pk1_iv.yml,t_half_h,one_compartment_half_life_derived_from_IV_CL_and_V,10.345863472802147,h,10.345863472802147,h,derived_from_reported,check_only,,source_2,https://pmc.ncbi.nlm.nih.gov/articles/PMC3663890/,1,checked,checked,,,,checked,"The raw summary explicitly says the half-life is derived from V/CL. This is therefore a fixture-derived check, not an independently observed terminal half-life.",acknowledged,54.0,L/h,10.345863472802147,h,"{""text"":""IV study: clearance 54 L/h; Vd 806 L. One-comp half-life derived from V/CL.""}",derived_formula,ln(2) * V / CL = ln(2) * 806 L / 54 L/h,"{""source_reported_values_are_IV_systemic"":true}",value_level_metadata,
pk_parameter,buprenorphine,OSP_buprenorphine,iv,spec_pk1_iv.yml,volume,IV_volume_of_distribution,806.0,L,806.0,L,literature_reported,simulation_parameter,,source_2,https://pmc.ncbi.nlm.nih.gov/articles/PMC3663890/,1,checked,checked,,,,checked,Source_2 reports IV Vd 806 L. The deterministic fixture retains the reported systemic volume and does not claim that it replaces the source model structure.,acknowledged,806.0,L,806.0,L,"{""text"":""IV study: clearance 54 L/h; Vd 806 L. One-comp half-life derived from V/CL.""}",direct,source_2 reported IV Vd,"{""route_context"":""IV""}",value_level_metadata,
target,buprenorphine,OSP_buprenorphine,iv,spec_pk1_iv.yml,targets.auc,CL_abs_L_per_h_at_70kg,5.555555555555555,ng*h/mL,,,dose_over_cl,consistency_check,dose_over_cl,,,,,not_applicable,,,,,,,,,,,,,,,derived_target,Computed target; source_value=CL_abs_L_per_h_at_70kg. Not an independent literature AUC.
target,buprenorphine,OSP_buprenorphine,iv,spec_pk1_iv.yml,targets.t_half,,10.345863472802147,h,,,unknown_needs_review,check_only,,,,,,not_applicable,,,,,,,,,,,,,,,target_without_source_mapping,arithmetic_mean
model_parameter,carbamazepine,OSP_carbamazepine,oral,spec_pk1_oral.yml,model.theta.ALAG1,,0.5,,,,fixture_policy,simulation_parameter,,,,,,not_applicable,,,,,,,,,,,"{""text"":""Label: oral clearance ~80 mL/min at steady state; half-life 12-17 h. Use t1/2 14.5 h; one-comp V derived.""}",,,,fixture_policy_no_external_source,Absorption parameter supplied by the demo spec; add a drug-specific source mapping before treating it as literature-supported.
model_parameter,carbamazepine,OSP_carbamazepine,oral,spec_pk1_oral.yml,model.theta.CL,derived.CL_abs_L_per_h_at_70kg,4.8,,4.8,L/h,derived_from_reported,simulation_parameter,,source_1,https://dailymed.nlm.nih.gov/dailymed/drugInfo.cfm?setid=52f0f753-a70c-4572-a85c-97ea7a2601a9,1,checked,checked,,,,checked,"DailyMed source_1 reports approximately 80 mL/min oral apparent clearance at steady state. The canonical value is a unit conversion and remains CL/F, not systemic CL.",acknowledged,80,mL/min,4.8,L/h,"{""text"":""Label: oral clearance ~80 mL/min at steady state; half-life 12-17 h. Use t1/2 14.5 h; one-comp V derived.""}",unit_conversion,80 mL/min * 60 min/h / 1000 mL/L,"{""parameter_basis"":""apparent_CL_over_F"",""route_context"":""oral_steady_state""}",mapped_to_pk_derived,Compare with pk.yml derived CL and confirm apparent/systemic basis.
model_parameter,carbamazepine,OSP_carbamazepine,oral,spec_pk1_oral.yml,model.theta.F1,pk_parsed.bioavailability_frac,1.0,fraction,,,fixture_policy,simulation_parameter,,,,,,not_applicable,,,,,,,,,,,"{""text"":""Label: oral clearance ~80 mL/min at steady state; half-life 12-17 h. Use t1/2 14.5 h; one-comp V derived.""}",,,,fixture_policy_apparent_parameters,"Oral fixture may set F1=1 while CL/V remain apparent values; this is a parameterization policy, not a source claim."
model_parameter,carbamazepine,OSP_carbamazepine,oral,spec_pk1_oral.yml,model.theta.KA,,1.2,,,,fixture_policy,simulation_parameter,,,,,,not_applicable,,,,,,,,,,,"{""text"":""Label: oral clearance ~80 mL/min at steady state; half-life 12-17 h. Use t1/2 14.5 h; one-comp V derived.""}",,,,fixture_policy_no_external_source,Absorption parameter supplied by the demo spec; add a drug-specific source mapping before treating it as literature-supported.
model_parameter,carbamazepine,OSP_carbamazepine,oral,spec_pk1_oral.yml,model.theta.V,derived.V_abs_L_at_70kg,100.41157484587185,,100.41157484587185,L,derived_from_reported,simulation_parameter,,source_1,https://dailymed.nlm.nih.gov/dailymed/drugInfo.cfm?setid=52f0f753-a70c-4572-a85c-97ea7a2601a9,1,checked,checked,,,,checked,The one-compartment V is derived from the label's oral apparent clearance and the midpoint of the reported 12-17 h half-life range; no directly reported V is claimed.,acknowledged,80,mL/min,100.41157484587185,L,"{""text"":""Label: oral clearance ~80 mL/min at steady state; half-life 12-17 h. Use t1/2 14.5 h; one-comp V derived.""}",derived_formula,CL_apparent_L_per_h_at_70kg * half_life_h / ln(2),"{""representative_half_life_h"":14.5,""source_reported_half_life_range_h"":[12.0,17.0]}",mapped_to_pk_derived,Compare with pk.yml derived V and confirm apparent/systemic basis.
model_variability,carbamazepine,OSP_carbamazepine,oral,spec_pk1_oral.yml,iiv.eta.CL,,0.09,omega^2,,,fixture_policy,simulation_parameter,,,,,,not_applicable,,,,,,,,,,,,,,,fixture_policy_no_external_source,IIV/residual-error value from the demo spec; not a direct literature estimate unless separately mapped.
model_variability,carbamazepine,OSP_carbamazepine,oral,spec_pk1_oral.yml,iiv.eta.KA,,0.16,omega^2,,,fixture_policy,simulation_parameter,,,,,,not_applicable,,,,,,,,,,,,,,,fixture_policy_no_external_source,IIV/residual-error value from the demo spec; not a direct literature estimate unless separately mapped.
model_variability,carbamazepine,OSP_carbamazepine,oral,spec_pk1_oral.yml,iiv.eta.V,,0.04,omega^2,,,fixture_policy,simulation_parameter,,,,,,not_applicable,,,,,,,,,,,,,,,fixture_policy_no_external_source,IIV/residual-error value from the demo spec; not a direct literature estimate unless separately mapped.
model_variability,carbamazepine,OSP_carbamazepine,oral,spec_pk1_oral.yml,residual.add,,0.0,concentration,,,fixture_policy,simulation_parameter,,,,,,not_applicable,,,,,,,,,,,,,,,fixture_policy_no_external_source,IIV/residual-error value from the demo spec; not a direct literature estimate unless separately mapped.
model_variability,carbamazepine,OSP_carbamazepine,oral,spec_pk1_oral.yml,residual.prop,,0.25,fraction,,,fixture_policy,simulation_parameter,,,,,,not_applicable,,,,,,,,,,,,,,,fixture_policy_no_external_source,IIV/residual-error value from the demo spec; not a direct literature estimate unless separately mapped.
pk_parameter,carbamazepine,OSP_carbamazepine,po,spec_pk1_oral.yml,CL_abs_L_per_h_at_70kg,oral_apparent_clearance_at_steady_state,4.8,L/h,4.8,L/h,label_reported,simulation_parameter,,source_1,https://dailymed.nlm.nih.gov/dailymed/drugInfo.cfm?setid=52f0f753-a70c-4572-a85c-97ea7a2601a9,1,checked,checked,,,,checked,"DailyMed source_1 reports approximately 80 mL/min oral apparent clearance at steady state. The canonical value is a unit conversion and remains CL/F, not systemic CL.",acknowledged,80,mL/min,4.8,L/h,"{""text"":""Label: oral clearance ~80 mL/min at steady state; half-life 12-17 h. Use t1/2 14.5 h; one-comp V derived.""}",unit_conversion,80 mL/min * 60 min/h / 1000 mL/L,"{""parameter_basis"":""apparent_CL_over_F"",""route_context"":""oral_steady_state""}",value_level_metadata,Canonical independent CL/V values used by the 1-compartment fixture; inspect basis and conversion before external use.
pk_parameter,carbamazepine,OSP_carbamazepine,po,spec_pk1_oral.yml,CL_systemic_L_per_h_at_70kg,derived.CL_systemic_L_per_h_at_70kg,4.8,L/h,,,derived_from_reported,derived_output,,,,,,source_url_present_not_parameter_mapped,,,,,,,,,,,"{""text"":""Label: oral clearance ~80 mL/min at steady state; half-life 12-17 h. Use t1/2 14.5 h; one-comp V derived.""}",,derived.CL_apparent_L_per_h_at_70kg * pk_parsed.bioavailability_frac,,derived_from_pk_yml_source_fields,Derived systemic value; do not treat as directly reported unless the source mapping says so.
pk_parameter,carbamazepine,OSP_carbamazepine,po,spec_pk1_oral.yml,V_abs_L_at_70kg,one_compartment_volume_derived_from_oral_CL_and_half_life,100.41157484587185,L,100.41157484587185,L,derived_from_reported,simulation_parameter,,source_1,https://dailymed.nlm.nih.gov/dailymed/drugInfo.cfm?setid=52f0f753-a70c-4572-a85c-97ea7a2601a9,1,checked,checked,,,,checked,The one-compartment V is derived from the label's oral apparent clearance and the midpoint of the reported 12-17 h half-life range; no directly reported V is claimed.,acknowledged,80,mL/min,100.41157484587185,L,"{""text"":""Label: oral clearance ~80 mL/min at steady state; half-life 12-17 h. Use t1/2 14.5 h; one-comp V derived.""}",derived_formula,CL_apparent_L_per_h_at_70kg * half_life_h / ln(2),"{""representative_half_life_h"":14.5,""source_reported_half_life_range_h"":[12.0,17.0]}",value_level_metadata,Canonical independent CL/V values used by the 1-compartment fixture; inspect basis and conversion before external use.
pk_parameter,carbamazepine,OSP_carbamazepine,po,spec_pk1_oral.yml,V_systemic_L_at_70kg,derived.V_systemic_L_at_70kg,100.41157484587185,L,,,derived_from_reported,derived_output,,,,,,source_url_present_not_parameter_mapped,,,,,,,,,,,"{""text"":""Label: oral clearance ~80 mL/min at steady state; half-life 12-17 h. Use t1/2 14.5 h; one-comp V derived.""}",,derived.V_apparent_L_at_70kg * pk_parsed.bioavailability_frac,,derived_from_pk_yml_source_fields,Derived systemic value; do not treat as directly reported unless the source mapping says so.
pk_parameter,carbamazepine,OSP_carbamazepine,po,spec_pk1_oral.yml,bioavailability,pk_parsed.bioavailability_frac,1.0,fraction,,,,,,,,,,source_url_present_not_parameter_mapped,,,,,,,,,,,"{""text"":""Label: oral clearance ~80 mL/min at steady state; half-life 12-17 h. Use t1/2 14.5 h; one-comp V derived.""}",,,,source_url_present_not_parameter_mapped,Used to distinguish apparent CL/F or V/F from systemic CL/V; model F1 may intentionally differ.
pk_parameter,carbamazepine,OSP_carbamazepine,po,spec_pk1_oral.yml,clearance,oral_apparent_clearance_at_steady_state,4.8,L/h,4.8,L/h,label_reported,simulation_parameter,,source_1,https://dailymed.nlm.nih.gov/dailymed/drugInfo.cfm?setid=52f0f753-a70c-4572-a85c-97ea7a2601a9,1,checked,checked,,,,checked,"DailyMed source_1 reports approximately 80 mL/min oral apparent clearance at steady state. The canonical value is a unit conversion and remains CL/F, not systemic CL.",acknowledged,80,mL/min,4.8,L/h,"{""text"":""Label: oral clearance ~80 mL/min at steady state; half-life 12-17 h. Use t1/2 14.5 h; one-comp V derived.""}",unit_conversion,80 mL/min * 60 min/h / 1000 mL/L,"{""parameter_basis"":""apparent_CL_over_F"",""route_context"":""oral_steady_state""}",value_level_metadata,
pk_parameter,carbamazepine,OSP_carbamazepine,po,spec_pk1_oral.yml,ke_1_per_h,derived.ke_1_per_h,0.04780325383172036,1/h,,,derived_from_reported,derived_output,,,,,,source_url_present_not_parameter_mapped,,,,,,,,,,,"{""text"":""Label: oral clearance ~80 mL/min at steady state; half-life 12-17 h. Use t1/2 14.5 h; one-comp V derived.""}",,derived.CL_abs_L_per_h_at_70kg / derived.V_abs_L_at_70kg,,derived_from_pk_yml_source_fields,
pk_parameter,carbamazepine,OSP_carbamazepine,po,spec_pk1_oral.yml,t_half_h,oral_half_life_range_at_steady_state,14.5,h,14.5,h,derived_from_reported,check_only,,source_1,https://dailymed.nlm.nih.gov/dailymed/drugInfo.cfm?setid=52f0f753-a70c-4572-a85c-97ea7a2601a9,1,checked,checked,,,,checked,DailyMed source_1 reports a 12-17 h range. The canonical 14.5 h is a midpoint fixture and is not a directly observed mean.,acknowledged,12-17,h,14.5,h,"{""text"":""Label: oral clearance ~80 mL/min at steady state; half-life 12-17 h. Use t1/2 14.5 h; one-comp V derived.""}",derived_formula,(12 h + 17 h) / 2,"{""range_summary"":""midpoint""}",value_level_metadata,
pk_parameter,carbamazepine,OSP_carbamazepine,po,spec_pk1_oral.yml,volume,one_compartment_volume_derived_from_oral_CL_and_half_life,100.41157484587185,L,100.41157484587185,L,derived_from_reported,simulation_parameter,,source_1,https://dailymed.nlm.nih.gov/dailymed/drugInfo.cfm?setid=52f0f753-a70c-4572-a85c-97ea7a2601a9,1,checked,checked,,,,checked,The one-compartment V is derived from the label's oral apparent clearance and the midpoint of the reported 12-17 h half-life range; no directly reported V is claimed.,acknowledged,80,mL/min,100.41157484587185,L,"{""text"":""Label: oral clearance ~80 mL/min at steady state; half-life 12-17 h. Use t1/2 14.5 h; one-comp V derived.""}",derived_formula,CL_apparent_L_per_h_at_70kg * half_life_h / ln(2),"{""representative_half_life_h"":14.5,""source_reported_half_life_range_h"":[12.0,17.0]}",value_level_metadata,
target,carbamazepine,OSP_carbamazepine,po,spec_pk1_oral.yml,targets.auc,CL_abs_L_per_h_at_70kg,41666.66666666667,ng*h/mL,,,dose_over_cl,consistency_check,dose_over_cl,,,,,not_applicable,,,,,,,,,,,,,,,derived_target,Computed target; source_value=CL_abs_L_per_h_at_70kg. Not an independent literature AUC.
target,carbamazepine,OSP_carbamazepine,po,spec_pk1_oral.yml,targets.t_half,,14.5,h,,,unknown_needs_review,check_only,,,,,,not_applicable,,,,,,,,,,,,,,,target_without_source_mapping,arithmetic_mean
model_parameter,cda1,osp::cda1,iv_bolus,spec_pk1_iv.yml,model.theta.CL,derived.CL_abs_L_per_h_at_70kg,0.00588,,0.00588,L/h,derived_from_reported,simulation_parameter,,source_2,https://pmc.ncbi.nlm.nih.gov/articles/PMC2628753/,2,checked,checked,,,,checked,The primary CDA1 study in source_2 reports median clearance 0.0014 mL/min/kg and Table 2 identifies the dose-specific context. The fixture retains the reported value scaled to 70 kg; it is not a general monoclonal-antibody clearance.,not_applicable,0.0014,mL/min/kg,0.00588,L/h,"{""bioavailability"":""N/A (IV only)"",""clearance"":""0.0014 mL/min/kg"",""elimination_route"":"""",""half_life"":""25.3-31.8 days"",""volume_of_distribution"":""0.07 L/kg""}",unit_conversion_and_body_weight_scaling,0.0014 mL/min/kg * 60 min/h / 1000 mL/L * 70 kg,"{""dose_context"":""1 mg/kg cohort median selected from Table 2"",""weight_ref_kg_for_abs"":70.0}",mapped_to_pk_derived,Compare with pk.yml derived CL and confirm apparent/systemic basis.
model_parameter,cda1,osp::cda1,iv_bolus,spec_pk1_iv.yml,model.theta.V,derived.V_abs_L_at_70kg,4.9,,4.9,L,derived_from_reported,simulation_parameter,,source_2,https://pmc.ncbi.nlm.nih.gov/articles/PMC2628753/,2,checked,checked,,,,checked,Source_2 Table 2 reports Vd 0.070 L/kg in the 0.3 mg/kg cohort and notes that distribution approximated serum. The fixture selects that dose-specific value and must not be generalized across CDA1 doses.,not_applicable,0.07,L/kg,4.9,L,"{""bioavailability"":""N/A (IV only)"",""clearance"":""0.0014 mL/min/kg"",""elimination_route"":"""",""half_life"":""25.3-31.8 days"",""volume_of_distribution"":""0.07 L/kg""}",body_weight_scaled,0.070 L/kg * 70 kg,"{""dose_context"":""0.3 mg/kg cohort median selected from Table 2"",""weight_ref_kg_for_abs"":70.0}",mapped_to_pk_derived,Compare with pk.yml derived V and confirm apparent/systemic basis.
model_variability,cda1,osp::cda1,iv_bolus,spec_pk1_iv.yml,iiv.eta.CL,,0.09,omega^2,,,fixture_policy,simulation_parameter,,,,,,not_applicable,,,,,,,,,,,,,,,fixture_policy_no_external_source,IIV/residual-error value from the demo spec; not a direct literature estimate unless separately mapped.
model_variability,cda1,osp::cda1,iv_bolus,spec_pk1_iv.yml,iiv.eta.V,,0.04,omega^2,,,fixture_policy,simulation_parameter,,,,,,not_applicable,,,,,,,,,,,,,,,fixture_policy_no_external_source,IIV/residual-error value from the demo spec; not a direct literature estimate unless separately mapped.
model_variability,cda1,osp::cda1,iv_bolus,spec_pk1_iv.yml,residual.add,,0.0,concentration,,,fixture_policy,simulation_parameter,,,,,,not_applicable,,,,,,,,,,,,,,,fixture_policy_no_external_source,IIV/residual-error value from the demo spec; not a direct literature estimate unless separately mapped.
model_variability,cda1,osp::cda1,iv_bolus,spec_pk1_iv.yml,residual.prop,,0.25,fraction,,,fixture_policy,simulation_parameter,,,,,,not_applicable,,,,,,,,,,,,,,,fixture_policy_no_external_source,IIV/residual-error value from the demo spec; not a direct literature estimate unless separately mapped.
pk_parameter,cda1,osp::cda1,iv,spec_pk1_iv.yml,CL_abs_L_per_h_at_70kg,table_2_median_clearance,0.00588,L/h,0.00588,L/h,literature_reported,simulation_parameter,,source_2,https://pmc.ncbi.nlm.nih.gov/articles/PMC2628753/,2,checked,checked,,,,checked,The primary CDA1 study in source_2 reports median clearance 0.0014 mL/min/kg and Table 2 identifies the dose-specific context. The fixture retains the reported value scaled to 70 kg; it is not a general monoclonal-antibody clearance.,not_applicable,0.0014,mL/min/kg,0.00588,L/h,"{""bioavailability"":""N/A (IV only)"",""clearance"":""0.0014 mL/min/kg"",""elimination_route"":"""",""half_life"":""25.3-31.8 days"",""volume_of_distribution"":""0.07 L/kg""}",unit_conversion_and_body_weight_scaling,0.0014 mL/min/kg * 60 min/h / 1000 mL/L * 70 kg,"{""dose_context"":""1 mg/kg cohort median selected from Table 2"",""weight_ref_kg_for_abs"":70.0}",value_level_metadata,Canonical independent CL/V values used by the 1-compartment fixture; inspect basis and conversion before external use.
pk_parameter,cda1,osp::cda1,iv,spec_pk1_iv.yml,CL_systemic_L_per_h_at_70kg,derived.CL_systemic_L_per_h_at_70kg,0.00588,L/h,,,derived_from_reported,derived_output,,,,,,source_url_present_not_parameter_mapped,,,,,,,,,,,"{""bioavailability"":""N/A (IV only)"",""clearance"":""0.0014 mL/min/kg"",""elimination_route"":"""",""half_life"":""25.3-31.8 days"",""volume_of_distribution"":""0.07 L/kg""}",,derived.CL_apparent_L_per_h_at_70kg * pk_parsed.bioavailability_frac,,derived_from_pk_yml_source_fields,Derived systemic value; do not treat as directly reported unless the source mapping says so.
pk_parameter,cda1,osp::cda1,iv,spec_pk1_iv.yml,V_abs_L_at_70kg,table_2_median_volume_of_distribution,4.9,L,4.9,L,literature_reported,simulation_parameter,,source_2,https://pmc.ncbi.nlm.nih.gov/articles/PMC2628753/,2,checked,checked,,,,checked,Source_2 Table 2 reports Vd 0.070 L/kg in the 0.3 mg/kg cohort and notes that distribution approximated serum. The fixture selects that dose-specific value and must not be generalized across CDA1 doses.,not_applicable,0.07,L/kg,4.9,L,"{""bioavailability"":""N/A (IV only)"",""clearance"":""0.0014 mL/min/kg"",""elimination_route"":"""",""half_life"":""25.3-31.8 days"",""volume_of_distribution"":""0.07 L/kg""}",body_weight_scaled,0.070 L/kg * 70 kg,"{""dose_context"":""0.3 mg/kg cohort median selected from Table 2"",""weight_ref_kg_for_abs"":70.0}",value_level_metadata,Canonical independent CL/V values used by the 1-compartment fixture; inspect basis and conversion before external use.
pk_parameter,cda1,osp::cda1,iv,spec_pk1_iv.yml,V_systemic_L_at_70kg,derived.V_systemic_L_at_70kg,4.9,L,,,derived_from_reported,derived_output,,,,,,source_url_present_not_parameter_mapped,,,,,,,,,,,"{""bioavailability"":""N/A (IV only)"",""clearance"":""0.0014 mL/min/kg"",""elimination_route"":"""",""half_life"":""25.3-31.8 days"",""volume_of_distribution"":""0.07 L/kg""}",,derived.V_apparent_L_at_70kg * pk_parsed.bioavailability_frac,,derived_from_pk_yml_source_fields,Derived systemic value; do not treat as directly reported unless the source mapping says so.
pk_parameter,cda1,osp::cda1,iv,spec_pk1_iv.yml,bioavailability,pk_parsed.bioavailability_frac,1.0,fraction,,,,,,,,,,source_url_present_not_parameter_mapped,,,,,,,,,,,"{""bioavailability"":""N/A (IV only)"",""clearance"":""0.0014 mL/min/kg"",""elimination_route"":"""",""half_life"":""25.3-31.8 days"",""volume_of_distribution"":""0.07 L/kg""}",,,,source_url_present_not_parameter_mapped,Used to distinguish apparent CL/F or V/F from systemic CL/V; model F1 may intentionally differ.
pk_parameter,cda1,osp::cda1,iv,spec_pk1_iv.yml,clearance,table_2_median_clearance,8.4e-05,L/h/kg,8.4e-05,L/h/kg,literature_reported,simulation_parameter,,source_2,https://pmc.ncbi.nlm.nih.gov/articles/PMC2628753/,2,checked,checked,,,,checked,The primary CDA1 study in source_2 reports median clearance 0.0014 mL/min/kg and Table 2 identifies the dose-specific context. The fixture retains the reported value scaled to 70 kg; it is not a general monoclonal-antibody clearance.,not_applicable,0.0014,mL/min/kg,0.00588,L/h,"{""bioavailability"":""N/A (IV only)"",""clearance"":""0.0014 mL/min/kg"",""elimination_route"":"""",""half_life"":""25.3-31.8 days"",""volume_of_distribution"":""0.07 L/kg""}",unit_conversion_and_body_weight_scaling,0.0014 mL/min/kg * 60 min/h / 1000 mL/L * 70 kg,"{""dose_context"":""1 mg/kg cohort median selected from Table 2"",""weight_ref_kg_for_abs"":70.0}",value_level_metadata,
pk_parameter,cda1,osp::cda1,iv,spec_pk1_iv.yml,ke_1_per_h,derived.ke_1_per_h,0.0012,1/h,,,derived_from_reported,derived_output,,,,,,source_url_present_not_parameter_mapped,,,,,,,,,,,"{""bioavailability"":""N/A (IV only)"",""clearance"":""0.0014 mL/min/kg"",""elimination_route"":"""",""half_life"":""25.3-31.8 days"",""volume_of_distribution"":""0.07 L/kg""}",,derived.CL_abs_L_per_h_at_70kg / derived.V_abs_L_at_70kg,,derived_from_pk_yml_source_fields,
pk_parameter,cda1,osp::cda1,iv,spec_pk1_iv.yml,t_half_h,geometric_mean_half_life_range,685.2,h,685.2,h,derived_from_reported,check_only,,source_1,https://pubmed.ncbi.nlm.nih.gov/18502001/,1,checked,checked,,,,checked,PubMed source_1 reports geometric mean CDA1 half-lives of 25.3 to 31.8 days. The fixture uses that single reported geometric-mean range as a check-only context summary and does not mix it with dose-specific median values from the full text or use it to force CL/V agreement.,acknowledged,25.3-31.8,days,685.2,h,"{""bioavailability"":""N/A (IV only)"",""clearance"":""0.0014 mL/min/kg"",""elimination_route"":"""",""half_life"":""25.3-31.8 days"",""volume_of_distribution"":""0.07 L/kg""}",unit_conversion,fixture midpoint 28.55 days * 24 h/day,"{""range_summary"":""midpoint""}",value_level_metadata,
pk_parameter,cda1,osp::cda1,iv,spec_pk1_iv.yml,volume,table_2_median_volume_of_distribution,0.07,L/kg,0.07,L/kg,literature_reported,simulation_parameter,,source_2,https://pmc.ncbi.nlm.nih.gov/articles/PMC2628753/,2,checked,checked,,,,checked,Source_2 Table 2 reports Vd 0.070 L/kg in the 0.3 mg/kg cohort and notes that distribution approximated serum. The fixture selects that dose-specific value and must not be generalized across CDA1 doses.,not_applicable,0.07,L/kg,4.9,L,"{""bioavailability"":""N/A (IV only)"",""clearance"":""0.0014 mL/min/kg"",""elimination_route"":"""",""half_life"":""25.3-31.8 days"",""volume_of_distribution"":""0.07 L/kg""}",body_weight_scaled,0.070 L/kg * 70 kg,"{""dose_context"":""0.3 mg/kg cohort median selected from Table 2"",""weight_ref_kg_for_abs"":70.0}",value_level_metadata,
target,cda1,osp::cda1,iv,spec_pk1_iv.yml,targets.auc,CL_abs_L_per_h_at_70kg,17006802.721088436,ng*h/mL,,,dose_over_cl,consistency_check,dose_over_cl,,,,,not_applicable,,,,,,,,,,,,,,,derived_target,Computed target; source_value=CL_abs_L_per_h_at_70kg. Not an independent literature AUC.
target,cda1,osp::cda1,iv,spec_pk1_iv.yml,targets.t_half,,685.2,h,,,unknown_needs_review,check_only,,,,,,not_applicable,,,,,,,,,,,,,,,target_without_source_mapping,arithmetic_mean
model_parameter,cimetidine,osp::cimetidine,oral,spec_pk1_oral.yml,model.theta.ALAG1,,0.5,,,,fixture_policy,simulation_parameter,,,,,,not_applicable,,,,,,,,,,,"{""bioavailability"":""about 60% in the selected ulcer-patient IV/oral study; 60-70% retained as broader context"",""clearance"":""500 mL/min"",""elimination_route"":""腎排泄"",""half_life"":""2 hours"",""volume_of_distribution"":""0.8 L/kg""}",,,,fixture_policy_no_external_source,Absorption parameter supplied by the demo spec; add a drug-specific source mapping before treating it as literature-supported.
model_parameter,cimetidine,osp::cimetidine,oral,spec_pk1_oral.yml,model.theta.CL,derived.CL_abs_L_per_h_at_70kg,29.7,,29.7,L/h,derived_from_reported,simulation_parameter,,source_2,https://pubmed.ncbi.nlm.nih.gov/7363531/,2,checked,checked,,,,checked,PubMed source_2 reports plasma clearance of 495 mL/min after the IV/oral bioavailability study. The canonical parsed value corrects the legacy rounded 500 mL/min summary to the source value and is not recalibrated to force agreement with terminal half-life.,not_applicable,495,mL/min,29.7,L/h,"{""bioavailability"":""about 60% in the selected ulcer-patient IV/oral study; 60-70% retained as broader context"",""clearance"":""500 mL/min"",""elimination_route"":""腎排泄"",""half_life"":""2 hours"",""volume_of_distribution"":""0.8 L/kg""}",unit_conversion,495 mL/min * 60 min/h / 1000 mL/L,{},mapped_to_pk_derived,Compare with pk.yml derived CL and confirm apparent/systemic basis.
model_parameter,cimetidine,osp::cimetidine,oral,spec_pk1_oral.yml,model.theta.F1,pk_parsed.bioavailability_frac,0.6,fraction,,,fixture_policy,simulation_parameter,,,,,,not_applicable,,,,,,,,,,,"{""bioavailability"":""about 60% in the selected ulcer-patient IV/oral study; 60-70% retained as broader context"",""clearance"":""500 mL/min"",""elimination_route"":""腎排泄"",""half_life"":""2 hours"",""volume_of_distribution"":""0.8 L/kg""}",,,,fixture_policy_apparent_parameters,"Oral fixture may set F1=1 while CL/V remain apparent values; this is a parameterization policy, not a source claim."
model_parameter,cimetidine,osp::cimetidine,oral,spec_pk1_oral.yml,model.theta.KA,,1.2,,,,fixture_policy,simulation_parameter,,,,,,not_applicable,,,,,,,,,,,"{""bioavailability"":""about 60% in the selected ulcer-patient IV/oral study; 60-70% retained as broader context"",""clearance"":""500 mL/min"",""elimination_route"":""腎排泄"",""half_life"":""2 hours"",""volume_of_distribution"":""0.8 L/kg""}",,,,fixture_policy_no_external_source,Absorption parameter supplied by the demo spec; add a drug-specific source mapping before treating it as literature-supported.
model_parameter,cimetidine,osp::cimetidine,oral,spec_pk1_oral.yml,model.theta.V,derived.V_abs_L_at_70kg,56.0,,56.0,L,derived_from_reported,simulation_parameter,,source_2,https://pubmed.ncbi.nlm.nih.gov/7363531/,2,checked,checked,,,,checked,PubMed source_2 reports an apparent volume of distribution at steady state of about 0.8 L/kg after an IV/oral bioavailability study. The value is scaled to the repository's explicit 70 kg fixture reference and is not recalibrated to force agreement with terminal half-life.,not_applicable,0.8,L/kg,56.0,L,"{""bioavailability"":""about 60% in the selected ulcer-patient IV/oral study; 60-70% retained as broader context"",""clearance"":""500 mL/min"",""elimination_route"":""腎排泄"",""half_life"":""2 hours"",""volume_of_distribution"":""0.8 L/kg""}",body_weight_scaled,pk_parsed.volume.value * pk_parsed.weight_ref_kg_for_abs,"{""weight_ref_kg_for_abs"":70.0}",mapped_to_pk_derived,Compare with pk.yml derived V and confirm apparent/systemic basis.
model_variability,cimetidine,osp::cimetidine,oral,spec_pk1_oral.yml,iiv.eta.CL,,0.09,omega^2,,,fixture_policy,simulation_parameter,,,,,,not_applicable,,,,,,,,,,,,,,,fixture_policy_no_external_source,IIV/residual-error value from the demo spec; not a direct literature estimate unless separately mapped.
model_variability,cimetidine,osp::cimetidine,oral,spec_pk1_oral.yml,iiv.eta.KA,,0.16,omega^2,,,fixture_policy,simulation_parameter,,,,,,not_applicable,,,,,,,,,,,,,,,fixture_policy_no_external_source,IIV/residual-error value from the demo spec; not a direct literature estimate unless separately mapped.
model_variability,cimetidine,osp::cimetidine,oral,spec_pk1_oral.yml,iiv.eta.V,,0.04,omega^2,,,fixture_policy,simulation_parameter,,,,,,not_applicable,,,,,,,,,,,,,,,fixture_policy_no_external_source,IIV/residual-error value from the demo spec; not a direct literature estimate unless separately mapped.
model_variability,cimetidine,osp::cimetidine,oral,spec_pk1_oral.yml,residual.add,,0.0,concentration,,,fixture_policy,simulation_parameter,,,,,,not_applicable,,,,,,,,,,,,,,,fixture_policy_no_external_source,IIV/residual-error value from the demo spec; not a direct literature estimate unless separately mapped.
model_variability,cimetidine,osp::cimetidine,oral,spec_pk1_oral.yml,residual.prop,,0.25,fraction,,,fixture_policy,simulation_parameter,,,,,,not_applicable,,,,,,,,,,,,,,,fixture_policy_no_external_source,IIV/residual-error value from the demo spec; not a direct literature estimate unless separately mapped.
pk_parameter,cimetidine,osp::cimetidine,po,spec_pk1_oral.yml,CL_abs_L_per_h_at_70kg,plasma_clearance,29.7,L/h,29.7,L/h,literature_reported,simulation_parameter,,source_2,https://pubmed.ncbi.nlm.nih.gov/7363531/,2,checked,checked,,,,checked,PubMed source_2 reports plasma clearance of 495 mL/min after the IV/oral bioavailability study. The canonical parsed value corrects the legacy rounded 500 mL/min summary to the source value and is not recalibrated to force agreement with terminal half-life.,not_applicable,495,mL/min,29.7,L/h,"{""bioavailability"":""about 60% in the selected ulcer-patient IV/oral study; 60-70% retained as broader context"",""clearance"":""500 mL/min"",""elimination_route"":""腎排泄"",""half_life"":""2 hours"",""volume_of_distribution"":""0.8 L/kg""}",unit_conversion,495 mL/min * 60 min/h / 1000 mL/L,{},value_level_metadata,Canonical independent CL/V values used by the 1-compartment fixture; inspect basis and conversion before external use.
pk_parameter,cimetidine,osp::cimetidine,po,spec_pk1_oral.yml,CL_systemic_L_per_h_at_70kg,derived.CL_systemic_L_per_h_at_70kg,29.7,L/h,,,derived_from_reported,derived_output,,,,,,source_url_present_not_parameter_mapped,,,,,,,,,,,"{""bioavailability"":""about 60% in the selected ulcer-patient IV/oral study; 60-70% retained as broader context"",""clearance"":""500 mL/min"",""elimination_route"":""腎排泄"",""half_life"":""2 hours"",""volume_of_distribution"":""0.8 L/kg""}",,derived.CL_apparent_L_per_h_at_70kg * pk_parsed.bioavailability_frac,,derived_from_pk_yml_source_fields,Derived systemic value; do not treat as directly reported unless the source mapping says so.
pk_parameter,cimetidine,osp::cimetidine,po,spec_pk1_oral.yml,V_abs_L_at_70kg,apparent_volume_of_distribution_at_steady_state,56.0,L,56.0,L,literature_reported,simulation_parameter,,source_2,https://pubmed.ncbi.nlm.nih.gov/7363531/,2,checked,checked,,,,checked,PubMed source_2 reports an apparent volume of distribution at steady state of about 0.8 L/kg after an IV/oral bioavailability study. The value is scaled to the repository's explicit 70 kg fixture reference and is not recalibrated to force agreement with terminal half-life.,not_applicable,0.8,L/kg,56.0,L,"{""bioavailability"":""about 60% in the selected ulcer-patient IV/oral study; 60-70% retained as broader context"",""clearance"":""500 mL/min"",""elimination_route"":""腎排泄"",""half_life"":""2 hours"",""volume_of_distribution"":""0.8 L/kg""}",body_weight_scaled,pk_parsed.volume.value * pk_parsed.weight_ref_kg_for_abs,"{""weight_ref_kg_for_abs"":70.0}",value_level_metadata,Canonical independent CL/V values used by the 1-compartment fixture; inspect basis and conversion before external use.
pk_parameter,cimetidine,osp::cimetidine,po,spec_pk1_oral.yml,V_systemic_L_at_70kg,derived.V_systemic_L_at_70kg,56.0,L,,,derived_from_reported,derived_output,,,,,,source_url_present_not_parameter_mapped,,,,,,,,,,,"{""bioavailability"":""about 60% in the selected ulcer-patient IV/oral study; 60-70% retained as broader context"",""clearance"":""500 mL/min"",""elimination_route"":""腎排泄"",""half_life"":""2 hours"",""volume_of_distribution"":""0.8 L/kg""}",,derived.V_apparent_L_at_70kg * pk_parsed.bioavailability_frac,,derived_from_pk_yml_source_fields,Derived systemic value; do not treat as directly reported unless the source mapping says so.
pk_parameter,cimetidine,osp::cimetidine,po,spec_pk1_oral.yml,bioavailability,pk_parsed.bioavailability_frac,0.6,fraction,,,,,,,,,,source_url_present_not_parameter_mapped,,,,,,,,,,,"{""bioavailability"":""about 60% in the selected ulcer-patient IV/oral study; 60-70% retained as broader context"",""clearance"":""500 mL/min"",""elimination_route"":""腎排泄"",""half_life"":""2 hours"",""volume_of_distribution"":""0.8 L/kg""}",,,,source_url_present_not_parameter_mapped,Used to distinguish apparent CL/F or V/F from systemic CL/V; model F1 may intentionally differ.
pk_parameter,cimetidine,osp::cimetidine,po,spec_pk1_oral.yml,clearance,plasma_clearance,29.7,L/h,29.7,L/h,literature_reported,simulation_parameter,,source_2,https://pubmed.ncbi.nlm.nih.gov/7363531/,2,checked,checked,,,,checked,PubMed source_2 reports plasma clearance of 495 mL/min after the IV/oral bioavailability study. The canonical parsed value corrects the legacy rounded 500 mL/min summary to the source value and is not recalibrated to force agreement with terminal half-life.,not_applicable,495,mL/min,29.7,L/h,"{""bioavailability"":""about 60% in the selected ulcer-patient IV/oral study; 60-70% retained as broader context"",""clearance"":""500 mL/min"",""elimination_route"":""腎排泄"",""half_life"":""2 hours"",""volume_of_distribution"":""0.8 L/kg""}",unit_conversion,495 mL/min * 60 min/h / 1000 mL/L,{},value_level_metadata,
pk_parameter,cimetidine,osp::cimetidine,po,spec_pk1_oral.yml,ke_1_per_h,derived.ke_1_per_h,0.5303571428571429,1/h,,,derived_from_reported,derived_output,,,,,,source_url_present_not_parameter_mapped,,,,,,,,,,,"{""bioavailability"":""about 60% in the selected ulcer-patient IV/oral study; 60-70% retained as broader context"",""clearance"":""500 mL/min"",""elimination_route"":""腎排泄"",""half_life"":""2 hours"",""volume_of_distribution"":""0.8 L/kg""}",,derived.CL_abs_L_per_h_at_70kg / derived.V_abs_L_at_70kg,,derived_from_pk_yml_source_fields,
pk_parameter,cimetidine,osp::cimetidine,po,spec_pk1_oral.yml,t_half_h,terminal_half_life,2.0,h,2.0,h,label_reported,check_only,,source_1,https://dailymed.nlm.nih.gov/dailymed/lookup.cfm?setid=496e258d-a5fd-42da-9a86-73afc8be359b,1,checked,checked,,,,checked,DailyMed source_1 reports cimetidine half-life as approximately 2 h. Canonical t_half_h remains a check target only. CL and V are not jointly calibrated to match terminal half-life in this deterministic one-compartment fixture.,acknowledged,2.0,h,2.0,h,"{""bioavailability"":""about 60% in the selected ulcer-patient IV/oral study; 60-70% retained as broader context"",""clearance"":""500 mL/min"",""elimination_route"":""腎排泄"",""half_life"":""2 hours"",""volume_of_distribution"":""0.8 L/kg""}",direct,pk_parsed.half_life_h,{},value_level_metadata,
pk_parameter,cimetidine,osp::cimetidine,po,spec_pk1_oral.yml,volume,apparent_volume_of_distribution_at_steady_state,0.8,L/kg,0.8,L/kg,literature_reported,simulation_parameter,,source_2,https://pubmed.ncbi.nlm.nih.gov/7363531/,2,checked,checked,,,,checked,PubMed source_2 reports an apparent volume of distribution at steady state of about 0.8 L/kg after an IV/oral bioavailability study. The value is scaled to the repository's explicit 70 kg fixture reference and is not recalibrated to force agreement with terminal half-life.,not_applicable,0.8,L/kg,56.0,L,"{""bioavailability"":""about 60% in the selected ulcer-patient IV/oral study; 60-70% retained as broader context"",""clearance"":""500 mL/min"",""elimination_route"":""腎排泄"",""half_life"":""2 hours"",""volume_of_distribution"":""0.8 L/kg""}",body_weight_scaled,pk_parsed.volume.value * pk_parsed.weight_ref_kg_for_abs,"{""weight_ref_kg_for_abs"":70.0}",value_level_metadata,
target,cimetidine,osp::cimetidine,po,spec_pk1_oral.yml,targets.auc,CL_systemic_L_per_h_at_70kg,2020.2020202020203,ng*h/mL,,,f_dose_over_cl,consistency_check,f_dose_over_cl,,,,,not_applicable,,,,,,,,,,,,,,,target_without_source_mapping,fixture_consistency_check
target,cimetidine,osp::cimetidine,po,spec_pk1_oral.yml,targets.t_half,,2.0,h,,,unknown_needs_review,check_only,,,,,,not_applicable,,,,,,,,,,,,,,,target_without_source_mapping,arithmetic_mean
model_parameter,clarithromycin,osp::clarithromycin,oral,spec_pk1_oral.yml,model.theta.ALAG1,,0.5,,,,fixture_policy,simulation_parameter,,,,,,not_applicable,,,,,,,,,,,"{""bioavailability"":""50-55%"",""clearance"":""29.2-58.1 L/h"",""elimination_route"":""肝代謝 (CYP3A), 腎排泄"",""half_life"":""3-7 hours"",""volume_of_distribution"":""172 L""}",,,,fixture_policy_no_external_source,Absorption parameter supplied by the demo spec; add a drug-specific source mapping before treating it as literature-supported.
model_parameter,clarithromycin,osp::clarithromycin,oral,spec_pk1_oral.yml,model.theta.CL,derived.CL_abs_L_per_h_at_70kg,58.1,,58.1,L/h,derived_from_reported,simulation_parameter,,source_2,https://pubmed.ncbi.nlm.nih.gov/10589373/,2,checked,checked,,,,checked,PubMed source_2 reports mean adult total body clearance of 29.2 to 58.1 L/h. The fixture uses the upper bound as apparent CL/F and does not treat this range as an individual estimate.,not_applicable,58.1,L/h,58.1,L/h,"{""bioavailability"":""50-55%"",""clearance"":""29.2-58.1 L/h"",""elimination_route"":""肝代謝 (CYP3A), 腎排泄"",""half_life"":""3-7 hours"",""volume_of_distribution"":""172 L""}",direct,pk_parsed.clearance.value,{},mapped_to_pk_derived,Compare with pk.yml derived CL and confirm apparent/systemic basis.
model_parameter,clarithromycin,osp::clarithromycin,oral,spec_pk1_oral.yml,model.theta.F1,pk_parsed.bioavailability_frac,1.0,fraction,,,fixture_policy,simulation_parameter,,,,,,not_applicable,,,,,,,,,,,"{""bioavailability"":""50-55%"",""clearance"":""29.2-58.1 L/h"",""elimination_route"":""肝代謝 (CYP3A), 腎排泄"",""half_life"":""3-7 hours"",""volume_of_distribution"":""172 L""}",,,,fixture_policy_apparent_parameters,"Oral fixture may set F1=1 while CL/V remain apparent values; this is a parameterization policy, not a source claim."
model_parameter,clarithromycin,osp::clarithromycin,oral,spec_pk1_oral.yml,model.theta.KA,,1.2,,,,fixture_policy,simulation_parameter,,,,,,not_applicable,,,,,,,,,,,"{""bioavailability"":""50-55%"",""clearance"":""29.2-58.1 L/h"",""elimination_route"":""肝代謝 (CYP3A), 腎排泄"",""half_life"":""3-7 hours"",""volume_of_distribution"":""172 L""}",,,,fixture_policy_no_external_source,Absorption parameter supplied by the demo spec; add a drug-specific source mapping before treating it as literature-supported.
model_parameter,clarithromycin,osp::clarithromycin,oral,spec_pk1_oral.yml,model.theta.V,derived.V_abs_L_at_70kg,172.0,,172.0,L,derived_from_reported,simulation_parameter,,source_3,https://journals.asm.org/doi/10.1128/aac.01193-08,3,checked,checked,,,,checked,The primary PK modeling article in source_3 reports an apparent clarithromycin volume of distribution of 172 L. The fixture retains that apparent value and does not recalibrate it to the half-life range.,not_applicable,172.0,L,172.0,L,"{""bioavailability"":""50-55%"",""clearance"":""29.2-58.1 L/h"",""elimination_route"":""肝代謝 (CYP3A), 腎排泄"",""half_life"":""3-7 hours"",""volume_of_distribution"":""172 L""}",direct,pk_parsed.volume.value,{},mapped_to_pk_derived,Compare with pk.yml derived V and confirm apparent/systemic basis.
model_variability,clarithromycin,osp::clarithromycin,oral,spec_pk1_oral.yml,iiv.eta.CL,,0.09,omega^2,,,fixture_policy,simulation_parameter,,,,,,not_applicable,,,,,,,,,,,,,,,fixture_policy_no_external_source,IIV/residual-error value from the demo spec; not a direct literature estimate unless separately mapped.
model_variability,clarithromycin,osp::clarithromycin,oral,spec_pk1_oral.yml,iiv.eta.KA,,0.16,omega^2,,,fixture_policy,simulation_parameter,,,,,,not_applicable,,,,,,,,,,,,,,,fixture_policy_no_external_source,IIV/residual-error value from the demo spec; not a direct literature estimate unless separately mapped.
model_variability,clarithromycin,osp::clarithromycin,oral,spec_pk1_oral.yml,iiv.eta.V,,0.04,omega^2,,,fixture_policy,simulation_parameter,,,,,,not_applicable,,,,,,,,,,,,,,,fixture_policy_no_external_source,IIV/residual-error value from the demo spec; not a direct literature estimate unless separately mapped.
model_variability,clarithromycin,osp::clarithromycin,oral,spec_pk1_oral.yml,residual.add,,0.0,concentration,,,fixture_policy,simulation_parameter,,,,,,not_applicable,,,,,,,,,,,,,,,fixture_policy_no_external_source,IIV/residual-error value from the demo spec; not a direct literature estimate unless separately mapped.
model_variability,clarithromycin,osp::clarithromycin,oral,spec_pk1_oral.yml,residual.prop,,0.25,fraction,,,fixture_policy,simulation_parameter,,,,,,not_applicable,,,,,,,,,,,,,,,fixture_policy_no_external_source,IIV/residual-error value from the demo spec; not a direct literature estimate unless separately mapped.
pk_parameter,clarithromycin,osp::clarithromycin,po,spec_pk1_oral.yml,CL_abs_L_per_h_at_70kg,mean_total_body_clearance_in_adults,58.1,L/h,58.1,L/h,derived_from_reported,simulation_parameter,,source_2,https://pubmed.ncbi.nlm.nih.gov/10589373/,2,checked,checked,,,,checked,PubMed source_2 reports mean adult total body clearance of 29.2 to 58.1 L/h. The fixture uses the upper bound as apparent CL/F and does not treat this range as an individual estimate.,not_applicable,58.1,L/h,58.1,L/h,"{""bioavailability"":""50-55%"",""clearance"":""29.2-58.1 L/h"",""elimination_route"":""肝代謝 (CYP3A), 腎排泄"",""half_life"":""3-7 hours"",""volume_of_distribution"":""172 L""}",direct,pk_parsed.clearance.value,{},value_level_metadata,Canonical independent CL/V values used by the 1-compartment fixture; inspect basis and conversion before external use.
pk_parameter,clarithromycin,osp::clarithromycin,po,spec_pk1_oral.yml,CL_systemic_L_per_h_at_70kg,derived.CL_systemic_L_per_h_at_70kg,30.5025,L/h,,,derived_from_reported,derived_output,,,,,,source_url_present_not_parameter_mapped,,,,,,,,,,,"{""bioavailability"":""50-55%"",""clearance"":""29.2-58.1 L/h"",""elimination_route"":""肝代謝 (CYP3A), 腎排泄"",""half_life"":""3-7 hours"",""volume_of_distribution"":""172 L""}",,derived.CL_apparent_L_per_h_at_70kg * pk_parsed.bioavailability_frac,,derived_from_pk_yml_source_fields,Derived systemic value; do not treat as directly reported unless the source mapping says so.
pk_parameter,clarithromycin,osp::clarithromycin,po,spec_pk1_oral.yml,V_abs_L_at_70kg,apparent_volume_of_distribution,172.0,L,172.0,L,derived_from_reported,simulation_parameter,,source_3,https://journals.asm.org/doi/10.1128/aac.01193-08,3,checked,checked,,,,checked,The primary PK modeling article in source_3 reports an apparent clarithromycin volume of distribution of 172 L. The fixture retains that apparent value and does not recalibrate it to the half-life range.,not_applicable,172.0,L,172.0,L,"{""bioavailability"":""50-55%"",""clearance"":""29.2-58.1 L/h"",""elimination_route"":""肝代謝 (CYP3A), 腎排泄"",""half_life"":""3-7 hours"",""volume_of_distribution"":""172 L""}",direct,pk_parsed.volume.value,{},value_level_metadata,Canonical independent CL/V values used by the 1-compartment fixture; inspect basis and conversion before external use.
pk_parameter,clarithromycin,osp::clarithromycin,po,spec_pk1_oral.yml,V_systemic_L_at_70kg,derived.V_systemic_L_at_70kg,90.3,L,,,derived_from_reported,derived_output,,,,,,source_url_present_not_parameter_mapped,,,,,,,,,,,"{""bioavailability"":""50-55%"",""clearance"":""29.2-58.1 L/h"",""elimination_route"":""肝代謝 (CYP3A), 腎排泄"",""half_life"":""3-7 hours"",""volume_of_distribution"":""172 L""}",,derived.V_apparent_L_at_70kg * pk_parsed.bioavailability_frac,,derived_from_pk_yml_source_fields,Derived systemic value; do not treat as directly reported unless the source mapping says so.
pk_parameter,clarithromycin,osp::clarithromycin,po,spec_pk1_oral.yml,bioavailability,pk_parsed.bioavailability_frac,0.525,fraction,,,,,,,,,,source_url_present_not_parameter_mapped,,,,,,,,,,,"{""bioavailability"":""50-55%"",""clearance"":""29.2-58.1 L/h"",""elimination_route"":""肝代謝 (CYP3A), 腎排泄"",""half_life"":""3-7 hours"",""volume_of_distribution"":""172 L""}",,,,source_url_present_not_parameter_mapped,Used to distinguish apparent CL/F or V/F from systemic CL/V; model F1 may intentionally differ.
pk_parameter,clarithromycin,osp::clarithromycin,po,spec_pk1_oral.yml,clearance,mean_total_body_clearance_in_adults,58.1,L/h,58.1,L/h,derived_from_reported,simulation_parameter,,source_2,https://pubmed.ncbi.nlm.nih.gov/10589373/,2,checked,checked,,,,checked,PubMed source_2 reports mean adult total body clearance of 29.2 to 58.1 L/h. The fixture uses the upper bound as apparent CL/F and does not treat this range as an individual estimate.,not_applicable,58.1,L/h,58.1,L/h,"{""bioavailability"":""50-55%"",""clearance"":""29.2-58.1 L/h"",""elimination_route"":""肝代謝 (CYP3A), 腎排泄"",""half_life"":""3-7 hours"",""volume_of_distribution"":""172 L""}",direct,pk_parsed.clearance.value,{},value_level_metadata,
pk_parameter,clarithromycin,osp::clarithromycin,po,spec_pk1_oral.yml,ke_1_per_h,derived.ke_1_per_h,0.3377906976744186,1/h,,,derived_from_reported,derived_output,,,,,,source_url_present_not_parameter_mapped,,,,,,,,,,,"{""bioavailability"":""50-55%"",""clearance"":""29.2-58.1 L/h"",""elimination_route"":""肝代謝 (CYP3A), 腎排泄"",""half_life"":""3-7 hours"",""volume_of_distribution"":""172 L""}",,derived.CL_abs_L_per_h_at_70kg / derived.V_abs_L_at_70kg,,derived_from_pk_yml_source_fields,
pk_parameter,clarithromycin,osp::clarithromycin,po,spec_pk1_oral.yml,t_half_h,terminal_half_life_range,5.0,h,5.0,h,derived_from_reported,check_only,,source_1,https://dailymed.nlm.nih.gov/dailymed/lookup.cfm?setid=b1bdf526-4f16-4130-b614-4cb678f060d7,1,checked,checked,,,,checked,DailyMed source_1 reports clarithromycin elimination half-life of about 3 to 4 h with 250 mg q12h and 5 to 7 h with 500 mg q8-12h. Canonical t_half_h retains the fixture midpoint of the source range and remains a check target only. CL and V are not jointly calibrated to match terminal half-life in this deterministic one-compartment fixture.,acknowledged,3-7,h,5.0,h,"{""bioavailability"":""50-55%"",""clearance"":""29.2-58.1 L/h"",""elimination_route"":""肝代謝 (CYP3A), 腎排泄"",""half_life"":""3-7 hours"",""volume_of_distribution"":""172 L""}",derived_formula,midpoint of reported terminal half-life range (3 to 7 h),"{""range_summary"":""midpoint""}",value_level_metadata,
pk_parameter,clarithromycin,osp::clarithromycin,po,spec_pk1_oral.yml,volume,apparent_volume_of_distribution,172.0,L,172.0,L,derived_from_reported,simulation_parameter,,source_3,https://journals.asm.org/doi/10.1128/aac.01193-08,3,checked,checked,,,,checked,The primary PK modeling article in source_3 reports an apparent clarithromycin volume of distribution of 172 L. The fixture retains that apparent value and does not recalibrate it to the half-life range.,not_applicable,172.0,L,172.0,L,"{""bioavailability"":""50-55%"",""clearance"":""29.2-58.1 L/h"",""elimination_route"":""肝代謝 (CYP3A), 腎排泄"",""half_life"":""3-7 hours"",""volume_of_distribution"":""172 L""}",direct,pk_parsed.volume.value,{},value_level_metadata,
target,clarithromycin,osp::clarithromycin,po,spec_pk1_oral.yml,targets.auc,CL_abs_L_per_h_at_70kg,1721.170395869191,ng*h/mL,,,dose_over_cl,consistency_check,dose_over_cl,,,,,not_applicable,,,,,,,,,,,,,,,derived_target,Computed target; source_value=CL_abs_L_per_h_at_70kg. Not an independent literature AUC.
target,clarithromycin,osp::clarithromycin,po,spec_pk1_oral.yml,targets.t_half,,5.0,h,,,unknown_needs_review,check_only,,,,,,not_applicable,,,,,,,,,,,,,,,target_without_source_mapping,arithmetic_mean
model_parameter,dapagliflozin,OSP_dapagliflozin,oral,spec_pk1_oral.yml,model.theta.ALAG1,,0.5,,,,fixture_policy,simulation_parameter,,,,,,not_applicable,,,,,,,,,,,"{""text"":""FDA ClinPharm review: IV microdose systemic clearance 207 mL/min and Vss 118 L; oral bioavailability 77.8%; oral terminal t1/2 12.9 h. Treat CL/V as systemic values and retain F separately for the oral fixture.""}",,,,fixture_policy_no_external_source,Absorption parameter supplied by the demo spec; add a drug-specific source mapping before treating it as literature-supported.
model_parameter,dapagliflozin,OSP_dapagliflozin,oral,spec_pk1_oral.yml,model.theta.CL,derived.CL_abs_L_per_h_at_70kg,12.42,,12.42,L/h,derived_from_reported,simulation_parameter,,source_1,https://www.accessdata.fda.gov/drugsatfda_docs/nda/2014/202293Orig1s000ClinPharmR.pdf,1,checked,checked,,,,checked,FDA ClinPharm source_1 Table 24 reports 207 mL/min for the IV microdose. It is treated as systemic CL; oral F is not folded into this value.,acknowledged,207,mL/min,12.42,L/h,"{""text"":""FDA ClinPharm review: IV microdose systemic clearance 207 mL/min and Vss 118 L; oral bioavailability 77.8%; oral terminal t1/2 12.9 h. Treat CL/V as systemic values and retain F separately for the oral fixture.""}",unit_conversion,207 mL/min * 60 min/h / 1000 mL/L,"{""route_context"":""IV_microdose""}",mapped_to_pk_derived,Compare with pk.yml derived CL and confirm apparent/systemic basis.
model_parameter,dapagliflozin,OSP_dapagliflozin,oral,spec_pk1_oral.yml,model.theta.F1,pk_parsed.bioavailability_frac,0.78,fraction,,,fixture_policy,simulation_parameter,,,,,,not_applicable,,,,,,,,,,,"{""text"":""FDA ClinPharm review: IV microdose systemic clearance 207 mL/min and Vss 118 L; oral bioavailability 77.8%; oral terminal t1/2 12.9 h. Treat CL/V as systemic values and retain F separately for the oral fixture.""}",,,,fixture_policy_apparent_parameters,"Oral fixture may set F1=1 while CL/V remain apparent values; this is a parameterization policy, not a source claim."
model_parameter,dapagliflozin,OSP_dapagliflozin,oral,spec_pk1_oral.yml,model.theta.KA,,1.2,,,,fixture_policy,simulation_parameter,,,,,,not_applicable,,,,,,,,,,,"{""text"":""FDA ClinPharm review: IV microdose systemic clearance 207 mL/min and Vss 118 L; oral bioavailability 77.8%; oral terminal t1/2 12.9 h. Treat CL/V as systemic values and retain F separately for the oral fixture.""}",,,,fixture_policy_no_external_source,Absorption parameter supplied by the demo spec; add a drug-specific source mapping before treating it as literature-supported.
model_parameter,dapagliflozin,OSP_dapagliflozin,oral,spec_pk1_oral.yml,model.theta.V,derived.V_abs_L_at_70kg,118.0,,118.0,L,derived_from_reported,simulation_parameter,,source_1,https://www.accessdata.fda.gov/drugsatfda_docs/nda/2014/202293Orig1s000ClinPharmR.pdf,1,checked,checked,,,,checked,FDA ClinPharm source_1 Table 24 reports Vss 118 L in the IV microdose context. It is not interpreted as oral V/F.,acknowledged,118,L,118.0,L,"{""text"":""FDA ClinPharm review: IV microdose systemic clearance 207 mL/min and Vss 118 L; oral bioavailability 77.8%; oral terminal t1/2 12.9 h. Treat CL/V as systemic values and retain F separately for the oral fixture.""}",direct,FDA source_1 Table 24 reported Vss,"{""route_context"":""IV_microdose""}",mapped_to_pk_derived,Compare with pk.yml derived V and confirm apparent/systemic basis.
model_variability,dapagliflozin,OSP_dapagliflozin,oral,spec_pk1_oral.yml,iiv.eta.CL,,0.09,omega^2,,,fixture_policy,simulation_parameter,,,,,,not_applicable,,,,,,,,,,,,,,,fixture_policy_no_external_source,IIV/residual-error value from the demo spec; not a direct literature estimate unless separately mapped.
model_variability,dapagliflozin,OSP_dapagliflozin,oral,spec_pk1_oral.yml,iiv.eta.KA,,0.16,omega^2,,,fixture_policy,simulation_parameter,,,,,,not_applicable,,,,,,,,,,,,,,,fixture_policy_no_external_source,IIV/residual-error value from the demo spec; not a direct literature estimate unless separately mapped.
model_variability,dapagliflozin,OSP_dapagliflozin,oral,spec_pk1_oral.yml,iiv.eta.V,,0.04,omega^2,,,fixture_policy,simulation_parameter,,,,,,not_applicable,,,,,,,,,,,,,,,fixture_policy_no_external_source,IIV/residual-error value from the demo spec; not a direct literature estimate unless separately mapped.
model_variability,dapagliflozin,OSP_dapagliflozin,oral,spec_pk1_oral.yml,residual.add,,0.0,concentration,,,fixture_policy,simulation_parameter,,,,,,not_applicable,,,,,,,,,,,,,,,fixture_policy_no_external_source,IIV/residual-error value from the demo spec; not a direct literature estimate unless separately mapped.
model_variability,dapagliflozin,OSP_dapagliflozin,oral,spec_pk1_oral.yml,residual.prop,,0.25,fraction,,,fixture_policy,simulation_parameter,,,,,,not_applicable,,,,,,,,,,,,,,,fixture_policy_no_external_source,IIV/residual-error value from the demo spec; not a direct literature estimate unless separately mapped.
pk_parameter,dapagliflozin,OSP_dapagliflozin,po,spec_pk1_oral.yml,CL_abs_L_per_h_at_70kg,IV_microdose_clearance,12.42,L/h,12.42,L/h,literature_reported,simulation_parameter,,source_1,https://www.accessdata.fda.gov/drugsatfda_docs/nda/2014/202293Orig1s000ClinPharmR.pdf,1,checked,checked,,,,checked,FDA ClinPharm source_1 Table 24 reports 207 mL/min for the IV microdose. It is treated as systemic CL; oral F is not folded into this value.,acknowledged,207,mL/min,12.42,L/h,"{""text"":""FDA ClinPharm review: IV microdose systemic clearance 207 mL/min and Vss 118 L; oral bioavailability 77.8%; oral terminal t1/2 12.9 h. Treat CL/V as systemic values and retain F separately for the oral fixture.""}",unit_conversion,207 mL/min * 60 min/h / 1000 mL/L,"{""route_context"":""IV_microdose""}",value_level_metadata,Canonical independent CL/V values used by the 1-compartment fixture; inspect basis and conversion before external use.
pk_parameter,dapagliflozin,OSP_dapagliflozin,po,spec_pk1_oral.yml,CL_systemic_L_per_h_at_70kg,derived.CL_systemic_L_per_h_at_70kg,12.42,L/h,,,derived_from_reported,derived_output,,,,,,source_url_present_not_parameter_mapped,,,,,,,,,,,"{""text"":""FDA ClinPharm review: IV microdose systemic clearance 207 mL/min and Vss 118 L; oral bioavailability 77.8%; oral terminal t1/2 12.9 h. Treat CL/V as systemic values and retain F separately for the oral fixture.""}",,derived.CL_apparent_L_per_h_at_70kg * pk_parsed.bioavailability_frac,,derived_from_pk_yml_source_fields,Derived systemic value; do not treat as directly reported unless the source mapping says so.
pk_parameter,dapagliflozin,OSP_dapagliflozin,po,spec_pk1_oral.yml,V_abs_L_at_70kg,IV_microdose_Vss,118.0,L,118.0,L,literature_reported,simulation_parameter,,source_1,https://www.accessdata.fda.gov/drugsatfda_docs/nda/2014/202293Orig1s000ClinPharmR.pdf,1,checked,checked,,,,checked,FDA ClinPharm source_1 Table 24 reports Vss 118 L in the IV microdose context. It is not interpreted as oral V/F.,acknowledged,118,L,118.0,L,"{""text"":""FDA ClinPharm review: IV microdose systemic clearance 207 mL/min and Vss 118 L; oral bioavailability 77.8%; oral terminal t1/2 12.9 h. Treat CL/V as systemic values and retain F separately for the oral fixture.""}",direct,FDA source_1 Table 24 reported Vss,"{""route_context"":""IV_microdose""}",value_level_metadata,Canonical independent CL/V values used by the 1-compartment fixture; inspect basis and conversion before external use.
pk_parameter,dapagliflozin,OSP_dapagliflozin,po,spec_pk1_oral.yml,V_systemic_L_at_70kg,derived.V_systemic_L_at_70kg,118.0,L,,,derived_from_reported,derived_output,,,,,,source_url_present_not_parameter_mapped,,,,,,,,,,,"{""text"":""FDA ClinPharm review: IV microdose systemic clearance 207 mL/min and Vss 118 L; oral bioavailability 77.8%; oral terminal t1/2 12.9 h. Treat CL/V as systemic values and retain F separately for the oral fixture.""}",,derived.V_apparent_L_at_70kg * pk_parsed.bioavailability_frac,,derived_from_pk_yml_source_fields,Derived systemic value; do not treat as directly reported unless the source mapping says so.
pk_parameter,dapagliflozin,OSP_dapagliflozin,po,spec_pk1_oral.yml,bioavailability,pk_parsed.bioavailability_frac,0.78,fraction,,,,,,,,,,source_url_present_not_parameter_mapped,,,,,,,,,,,"{""text"":""FDA ClinPharm review: IV microdose systemic clearance 207 mL/min and Vss 118 L; oral bioavailability 77.8%; oral terminal t1/2 12.9 h. Treat CL/V as systemic values and retain F separately for the oral fixture.""}",,,,source_url_present_not_parameter_mapped,Used to distinguish apparent CL/F or V/F from systemic CL/V; model F1 may intentionally differ.
pk_parameter,dapagliflozin,OSP_dapagliflozin,po,spec_pk1_oral.yml,clearance,IV_microdose_clearance,12.42,L/h,12.42,L/h,literature_reported,simulation_parameter,,source_1,https://www.accessdata.fda.gov/drugsatfda_docs/nda/2014/202293Orig1s000ClinPharmR.pdf,1,checked,checked,,,,checked,FDA ClinPharm source_1 Table 24 reports 207 mL/min for the IV microdose. It is treated as systemic CL; oral F is not folded into this value.,acknowledged,207,mL/min,12.42,L/h,"{""text"":""FDA ClinPharm review: IV microdose systemic clearance 207 mL/min and Vss 118 L; oral bioavailability 77.8%; oral terminal t1/2 12.9 h. Treat CL/V as systemic values and retain F separately for the oral fixture.""}",unit_conversion,207 mL/min * 60 min/h / 1000 mL/L,"{""route_context"":""IV_microdose""}",value_level_metadata,
pk_parameter,dapagliflozin,OSP_dapagliflozin,po,spec_pk1_oral.yml,ke_1_per_h,derived.ke_1_per_h,0.1052542372881356,1/h,,,derived_from_reported,derived_output,,,,,,source_url_present_not_parameter_mapped,,,,,,,,,,,"{""text"":""FDA ClinPharm review: IV microdose systemic clearance 207 mL/min and Vss 118 L; oral bioavailability 77.8%; oral terminal t1/2 12.9 h. Treat CL/V as systemic values and retain F separately for the oral fixture.""}",,derived.CL_abs_L_per_h_at_70kg / derived.V_abs_L_at_70kg,,derived_from_pk_yml_source_fields,
pk_parameter,dapagliflozin,OSP_dapagliflozin,po,spec_pk1_oral.yml,t_half_h,oral_terminal_half_life,12.9,h,12.9,h,label_reported,check_only,,source_1,https://www.accessdata.fda.gov/drugsatfda_docs/nda/2014/202293Orig1s000ClinPharmR.pdf,1,checked,checked,,,,checked,FDA ClinPharm source_1 reports oral terminal half-life 12.9 h. It is retained as a check target; CL/V are not recalibrated to force the one-compartment fixture to reproduce it.,acknowledged,12.9,h,12.9,h,"{""text"":""FDA ClinPharm review: IV microdose systemic clearance 207 mL/min and Vss 118 L; oral bioavailability 77.8%; oral terminal t1/2 12.9 h. Treat CL/V as systemic values and retain F separately for the oral fixture.""}",direct,FDA source_1 reported oral terminal t1/2,"{""route_context"":""oral""}",value_level_metadata,
pk_parameter,dapagliflozin,OSP_dapagliflozin,po,spec_pk1_oral.yml,volume,IV_microdose_Vss,118.0,L,118.0,L,literature_reported,simulation_parameter,,source_1,https://www.accessdata.fda.gov/drugsatfda_docs/nda/2014/202293Orig1s000ClinPharmR.pdf,1,checked,checked,,,,checked,FDA ClinPharm source_1 Table 24 reports Vss 118 L in the IV microdose context. It is not interpreted as oral V/F.,acknowledged,118,L,118.0,L,"{""text"":""FDA ClinPharm review: IV microdose systemic clearance 207 mL/min and Vss 118 L; oral bioavailability 77.8%; oral terminal t1/2 12.9 h. Treat CL/V as systemic values and retain F separately for the oral fixture.""}",direct,FDA source_1 Table 24 reported Vss,"{""route_context"":""IV_microdose""}",value_level_metadata,
target,dapagliflozin,OSP_dapagliflozin,po,spec_pk1_oral.yml,targets.auc,CL_systemic_L_per_h_at_70kg,628.0193236714975,ng*h/mL,,,f_dose_over_cl,consistency_check,f_dose_over_cl,,,,,not_applicable,,,,,,,,,,,,,,,target_without_source_mapping,geometric_mean
target,dapagliflozin,OSP_dapagliflozin,po,spec_pk1_oral.yml,targets.t_half,,12.9,h,,,unknown_needs_review,check_only,,,,,,not_applicable,,,,,,,,,,,,,,,target_without_source_mapping,arithmetic_mean
model_parameter,efavirenz,osp::efavirenz,oral,spec_pk1_oral.yml,model.theta.ALAG1,,0.5,,,,fixture_policy,simulation_parameter,,,,,,not_applicable,,,,,,,,,,,"{""bioavailability"":""良好、高脂肪食によりCmaxが28%増加"",""clearance"":""13.9 L/h"",""elimination_route"":""肝代謝、尿中排泄 (14-34%)、糞便排泄 (16-61%)"",""half_life"":""52-76 hours (単回投与), 40-55 hours (複数回投与)"",""volume_of_distribution"":null}",,,,fixture_policy_no_external_source,Absorption parameter supplied by the demo spec; add a drug-specific source mapping before treating it as literature-supported.
model_parameter,efavirenz,osp::efavirenz,oral,spec_pk1_oral.yml,model.theta.CL,derived.CL_abs_L_per_h_at_70kg,13.9,,13.9,L/h,derived_from_reported,simulation_parameter,,source_2,https://pubmed.ncbi.nlm.nih.gov/40851704/,2,checked,checked,,,,checked,PubMed source_2 reports typical oral CL/F of 13.9 L/h. The value is not treated as systemic clearance.,acknowledged,13.9,L/h,13.9,L/h,"{""bioavailability"":""良好、高脂肪食によりCmaxが28%増加"",""clearance"":""13.9 L/h"",""elimination_route"":""肝代謝、尿中排泄 (14-34%)、糞便排泄 (16-61%)"",""half_life"":""52-76 hours (単回投与), 40-55 hours (複数回投与)"",""volume_of_distribution"":null}",direct,source_2 reported typical oral CL/F,"{""parameter_basis"":""apparent_CL_over_F"",""route_context"":""oral""}",mapped_to_pk_derived,Compare with pk.yml derived CL and confirm apparent/systemic basis.
model_parameter,efavirenz,osp::efavirenz,oral,spec_pk1_oral.yml,model.theta.F1,pk_parsed.bioavailability_frac,1.0,fraction,,,fixture_policy,simulation_parameter,,,,,,not_applicable,,,,,,,,,,,"{""bioavailability"":""良好、高脂肪食によりCmaxが28%増加"",""clearance"":""13.9 L/h"",""elimination_route"":""肝代謝、尿中排泄 (14-34%)、糞便排泄 (16-61%)"",""half_life"":""52-76 hours (単回投与), 40-55 hours (複数回投与)"",""volume_of_distribution"":null}",,,,fixture_policy_apparent_parameters,"Oral fixture may set F1=1 while CL/V remain apparent values; this is a parameterization policy, not a source claim."
model_parameter,efavirenz,osp::efavirenz,oral,spec_pk1_oral.yml,model.theta.KA,,1.2,,,,fixture_policy,simulation_parameter,,,,,,not_applicable,,,,,,,,,,,"{""bioavailability"":""良好、高脂肪食によりCmaxが28%増加"",""clearance"":""13.9 L/h"",""elimination_route"":""肝代謝、尿中排泄 (14-34%)、糞便排泄 (16-61%)"",""half_life"":""52-76 hours (単回投与), 40-55 hours (複数回投与)"",""volume_of_distribution"":null}",,,,fixture_policy_no_external_source,Absorption parameter supplied by the demo spec; add a drug-specific source mapping before treating it as literature-supported.
model_parameter,efavirenz,osp::efavirenz,oral,spec_pk1_oral.yml,model.theta.V,derived.V_abs_L_at_70kg,1163.1007419646824,,1163.1007419646824,L,derived_from_reported,simulation_parameter,,source_2,https://pubmed.ncbi.nlm.nih.gov/40851704/,2,checked,checked,,,,checked,V is derived from the reported oral CL/F and the repository's single-dose half-life representative; it is not a directly reported efavirenz V/F value.,acknowledged,13.9,L/h,1163.1007419646824,L,"{""bioavailability"":""良好、高脂肪食によりCmaxが28%増加"",""clearance"":""13.9 L/h"",""elimination_route"":""肝代謝、尿中排泄 (14-34%)、糞便排泄 (16-61%)"",""half_life"":""52-76 hours (単回投与), 40-55 hours (複数回投与)"",""volume_of_distribution"":null}",derived_formula,CL_apparent_L_per_h_at_70kg * half_life_h / ln(2),"{""half_life_context"":""single_dose_oral_representative_fixture"",""half_life_source_id"":""source_1""}",mapped_to_pk_derived,Compare with pk.yml derived V and confirm apparent/systemic basis.
model_variability,efavirenz,osp::efavirenz,oral,spec_pk1_oral.yml,iiv.eta.CL,,0.09,omega^2,,,fixture_policy,simulation_parameter,,,,,,not_applicable,,,,,,,,,,,,,,,fixture_policy_no_external_source,IIV/residual-error value from the demo spec; not a direct literature estimate unless separately mapped.
model_variability,efavirenz,osp::efavirenz,oral,spec_pk1_oral.yml,iiv.eta.KA,,0.16,omega^2,,,fixture_policy,simulation_parameter,,,,,,not_applicable,,,,,,,,,,,,,,,fixture_policy_no_external_source,IIV/residual-error value from the demo spec; not a direct literature estimate unless separately mapped.
model_variability,efavirenz,osp::efavirenz,oral,spec_pk1_oral.yml,iiv.eta.V,,0.04,omega^2,,,fixture_policy,simulation_parameter,,,,,,not_applicable,,,,,,,,,,,,,,,fixture_policy_no_external_source,IIV/residual-error value from the demo spec; not a direct literature estimate unless separately mapped.
model_variability,efavirenz,osp::efavirenz,oral,spec_pk1_oral.yml,residual.add,,0.0,concentration,,,fixture_policy,simulation_parameter,,,,,,not_applicable,,,,,,,,,,,,,,,fixture_policy_no_external_source,IIV/residual-error value from the demo spec; not a direct literature estimate unless separately mapped.
model_variability,efavirenz,osp::efavirenz,oral,spec_pk1_oral.yml,residual.prop,,0.25,fraction,,,fixture_policy,simulation_parameter,,,,,,not_applicable,,,,,,,,,,,,,,,fixture_policy_no_external_source,IIV/residual-error value from the demo spec; not a direct literature estimate unless separately mapped.
pk_parameter,efavirenz,osp::efavirenz,po,spec_pk1_oral.yml,CL_abs_L_per_h_at_70kg,typical_oral_apparent_clearance,13.9,L/h,13.9,L/h,literature_reported,simulation_parameter,,source_2,https://pubmed.ncbi.nlm.nih.gov/40851704/,2,checked,checked,,,,checked,PubMed source_2 reports typical oral CL/F of 13.9 L/h. The value is not treated as systemic clearance.,acknowledged,13.9,L/h,13.9,L/h,"{""bioavailability"":""良好、高脂肪食によりCmaxが28%増加"",""clearance"":""13.9 L/h"",""elimination_route"":""肝代謝、尿中排泄 (14-34%)、糞便排泄 (16-61%)"",""half_life"":""52-76 hours (単回投与), 40-55 hours (複数回投与)"",""volume_of_distribution"":null}",direct,source_2 reported typical oral CL/F,"{""parameter_basis"":""apparent_CL_over_F"",""route_context"":""oral""}",value_level_metadata,Canonical independent CL/V values used by the 1-compartment fixture; inspect basis and conversion before external use.
pk_parameter,efavirenz,osp::efavirenz,po,spec_pk1_oral.yml,V_abs_L_at_70kg,one_compartment_volume_derived_from_oral_CL_over_F_and_terminal_half_life,1163.1007419646824,L,1163.1007419646824,L,derived_from_reported,simulation_parameter,,source_2,https://pubmed.ncbi.nlm.nih.gov/40851704/,2,checked,checked,,,,checked,V is derived from the reported oral CL/F and the repository's single-dose half-life representative; it is not a directly reported efavirenz V/F value.,acknowledged,13.9,L/h,1163.1007419646824,L,"{""bioavailability"":""良好、高脂肪食によりCmaxが28%増加"",""clearance"":""13.9 L/h"",""elimination_route"":""肝代謝、尿中排泄 (14-34%)、糞便排泄 (16-61%)"",""half_life"":""52-76 hours (単回投与), 40-55 hours (複数回投与)"",""volume_of_distribution"":null}",derived_formula,CL_apparent_L_per_h_at_70kg * half_life_h / ln(2),"{""half_life_context"":""single_dose_oral_representative_fixture"",""half_life_source_id"":""source_1""}",value_level_metadata,Canonical independent CL/V values used by the 1-compartment fixture; inspect basis and conversion before external use.
pk_parameter,efavirenz,osp::efavirenz,po,spec_pk1_oral.yml,clearance,typical_oral_apparent_clearance,13.9,L/h,13.9,L/h,literature_reported,simulation_parameter,,source_2,https://pubmed.ncbi.nlm.nih.gov/40851704/,2,checked,checked,,,,checked,PubMed source_2 reports typical oral CL/F of 13.9 L/h. The value is not treated as systemic clearance.,acknowledged,13.9,L/h,13.9,L/h,"{""bioavailability"":""良好、高脂肪食によりCmaxが28%増加"",""clearance"":""13.9 L/h"",""elimination_route"":""肝代謝、尿中排泄 (14-34%)、糞便排泄 (16-61%)"",""half_life"":""52-76 hours (単回投与), 40-55 hours (複数回投与)"",""volume_of_distribution"":null}",direct,source_2 reported typical oral CL/F,"{""parameter_basis"":""apparent_CL_over_F"",""route_context"":""oral""}",value_level_metadata,
pk_parameter,efavirenz,osp::efavirenz,po,spec_pk1_oral.yml,ke_1_per_h,derived.ke_1_per_h,0.01195081345793009,1/h,,,derived_from_reported,derived_output,,,,,,source_url_present_not_parameter_mapped,,,,,,,,,,,"{""bioavailability"":""良好、高脂肪食によりCmaxが28%増加"",""clearance"":""13.9 L/h"",""elimination_route"":""肝代謝、尿中排泄 (14-34%)、糞便排泄 (16-61%)"",""half_life"":""52-76 hours (単回投与), 40-55 hours (複数回投与)"",""volume_of_distribution"":null}",,derived.CL_abs_L_per_h_at_70kg / derived.V_abs_L_at_70kg,,derived_from_pk_yml_source_fields,
pk_parameter,efavirenz,osp::efavirenz,po,spec_pk1_oral.yml,t_half_h,oral_terminal_half_life_single_dose_range,58.0,h,58.0,h,derived_from_reported,check_only,,source_1,https://dailymed.nlm.nih.gov/dailymed/lookup.cfm?setid=13ca3456-e5bf-4bb1-af95-b1378658a358,1,checked,checked,,,,checked,DailyMed source_1 distinguishes single-dose terminal half-life 52-76 h from multiple-dose 40-55 h. The fixture uses 58 h for the single-dose context and must not be generalized to repeated dosing.,acknowledged,52-76,h,58.0,h,"{""bioavailability"":""良好、高脂肪食によりCmaxが28%増加"",""clearance"":""13.9 L/h"",""elimination_route"":""肝代謝、尿中排泄 (14-34%)、糞便排泄 (16-61%)"",""half_life"":""52-76 hours (単回投与), 40-55 hours (複数回投与)"",""volume_of_distribution"":null}",derived_formula,single-dose range is retained; current 58 h is the fixture representative,"{""multiple_dose_range_h"":[40.0,55.0],""selected_context"":""single_dose""}",value_level_metadata,
pk_parameter,efavirenz,osp::efavirenz,po,spec_pk1_oral.yml,volume,one_compartment_volume_derived_from_oral_CL_over_F_and_terminal_half_life,1163.1007419646824,L,1163.1007419646824,L,derived_from_reported,simulation_parameter,,source_2,https://pubmed.ncbi.nlm.nih.gov/40851704/,2,checked,checked,,,,checked,V is derived from the reported oral CL/F and the repository's single-dose half-life representative; it is not a directly reported efavirenz V/F value.,acknowledged,13.9,L/h,1163.1007419646824,L,"{""bioavailability"":""良好、高脂肪食によりCmaxが28%増加"",""clearance"":""13.9 L/h"",""elimination_route"":""肝代謝、尿中排泄 (14-34%)、糞便排泄 (16-61%)"",""half_life"":""52-76 hours (単回投与), 40-55 hours (複数回投与)"",""volume_of_distribution"":null}",derived_formula,CL_apparent_L_per_h_at_70kg * half_life_h / ln(2),"{""half_life_context"":""single_dose_oral_representative_fixture"",""half_life_source_id"":""source_1""}",value_level_metadata,
target,efavirenz,osp::efavirenz,po,spec_pk1_oral.yml,targets.auc,CL_abs_L_per_h_at_70kg,7194.244604316546,ng*h/mL,,,dose_over_cl,consistency_check,dose_over_cl,,,,,not_applicable,,,,,,,,,,,,,,,derived_target,Computed target; source_value=CL_abs_L_per_h_at_70kg. Not an independent literature AUC.
target,efavirenz,osp::efavirenz,po,spec_pk1_oral.yml,targets.t_half,,58.0,h,,,unknown_needs_review,check_only,,,,,,not_applicable,,,,,,,,,,,,,,,target_without_source_mapping,arithmetic_mean
model_parameter,erythromycin,OSP_erythromycin,iv,spec_pk1_iv.yml,model.theta.CL,derived.CL_abs_L_per_h_at_70kg,37.1,,37.1,L/h,derived_from_reported,simulation_parameter,,source_1,https://pmc.ncbi.nlm.nih.gov/articles/PMC3581054/,1,checked,checked,,,,checked,Source_1 reports healthy-control erythromycin total clearance of 0.53 +/- 0.13 L/h/kg after IV infusion. The fixture retains the mean as systemic CL.,not_applicable,0.53,L/h/kg,37.1,L/h,"{""text"":""IV study: CL 0.53 L/h/kg; t1/2 2.30 h. One-comp V derived.""}",body_weight_scaled,0.53 L/h/kg * 70 kg,"{""weight_ref_kg_for_abs"":70.0}",mapped_to_pk_derived,Compare with pk.yml derived CL and confirm apparent/systemic basis.
model_parameter,erythromycin,OSP_erythromycin,iv,spec_pk1_iv.yml,model.theta.V,derived.V_abs_L_at_70kg,123.10516783905524,,123.10516783905524,L,derived_from_reported,simulation_parameter,,source_1,https://pmc.ncbi.nlm.nih.gov/articles/PMC3581054/,1,checked,checked,,,,checked,"The source reports Vss 0.74 +/- 0.19 L/kg, whereas the committed V is explicitly derived from CL and half-life for the one-compartment fixture. These are not interchangeable volume definitions.",acknowledged,0.53 and 2.30,L/h/kg and h,123.10516783905524,L,"{""text"":""IV study: CL 0.53 L/h/kg; t1/2 2.30 h. One-comp V derived.""}",derived_formula,CL_abs_L_per_h_at_70kg * t_half_h / ln(2),"{""model"":""one_compartment_fixture""}",mapped_to_pk_derived,Compare with pk.yml derived V and confirm apparent/systemic basis.
model_variability,erythromycin,OSP_erythromycin,iv,spec_pk1_iv.yml,iiv.eta.CL,,0.09,omega^2,,,fixture_policy,simulation_parameter,,,,,,not_applicable,,,,,,,,,,,,,,,fixture_policy_no_external_source,IIV/residual-error value from the demo spec; not a direct literature estimate unless separately mapped.
model_variability,erythromycin,OSP_erythromycin,iv,spec_pk1_iv.yml,iiv.eta.V,,0.04,omega^2,,,fixture_policy,simulation_parameter,,,,,,not_applicable,,,,,,,,,,,,,,,fixture_policy_no_external_source,IIV/residual-error value from the demo spec; not a direct literature estimate unless separately mapped.
model_variability,erythromycin,OSP_erythromycin,iv,spec_pk1_iv.yml,residual.add,,0.0,concentration,,,fixture_policy,simulation_parameter,,,,,,not_applicable,,,,,,,,,,,,,,,fixture_policy_no_external_source,IIV/residual-error value from the demo spec; not a direct literature estimate unless separately mapped.
model_variability,erythromycin,OSP_erythromycin,iv,spec_pk1_iv.yml,residual.prop,,0.25,fraction,,,fixture_policy,simulation_parameter,,,,,,not_applicable,,,,,,,,,,,,,,,fixture_policy_no_external_source,IIV/residual-error value from the demo spec; not a direct literature estimate unless separately mapped.
pk_parameter,erythromycin,OSP_erythromycin,iv,spec_pk1_iv.yml,CL_abs_L_per_h_at_70kg,healthy_control_total_clearance_after_iv_infusion,37.1,L/h,37.1,L/h,literature_reported,simulation_parameter,,source_1,https://pmc.ncbi.nlm.nih.gov/articles/PMC3581054/,1,checked,checked,,,,checked,Source_1 reports healthy-control erythromycin total clearance of 0.53 +/- 0.13 L/h/kg after IV infusion. The fixture retains the mean as systemic CL.,not_applicable,0.53,L/h/kg,37.1,L/h,"{""text"":""IV study: CL 0.53 L/h/kg; t1/2 2.30 h. One-comp V derived.""}",body_weight_scaled,0.53 L/h/kg * 70 kg,"{""weight_ref_kg_for_abs"":70.0}",value_level_metadata,Canonical independent CL/V values used by the 1-compartment fixture; inspect basis and conversion before external use.
pk_parameter,erythromycin,OSP_erythromycin,iv,spec_pk1_iv.yml,CL_systemic_L_per_h_at_70kg,derived.CL_systemic_L_per_h_at_70kg,37.1,L/h,,,derived_from_reported,derived_output,,,,,,source_url_present_not_parameter_mapped,,,,,,,,,,,"{""text"":""IV study: CL 0.53 L/h/kg; t1/2 2.30 h. One-comp V derived.""}",,derived.CL_apparent_L_per_h_at_70kg * pk_parsed.bioavailability_frac,,derived_from_pk_yml_source_fields,Derived systemic value; do not treat as directly reported unless the source mapping says so.
pk_parameter,erythromycin,OSP_erythromycin,iv,spec_pk1_iv.yml,V_abs_L_at_70kg,one_compartment_volume_derived_from_iv_clearance_and_half_life,123.10516783905524,L,123.10516783905524,L,fixture_derived,simulation_parameter,,source_1,https://pmc.ncbi.nlm.nih.gov/articles/PMC3581054/,1,checked,checked,,,,checked,"The source reports Vss 0.74 +/- 0.19 L/kg, whereas the committed V is explicitly derived from CL and half-life for the one-compartment fixture. These are not interchangeable volume definitions.",acknowledged,0.53 and 2.30,L/h/kg and h,123.10516783905524,L,"{""text"":""IV study: CL 0.53 L/h/kg; t1/2 2.30 h. One-comp V derived.""}",derived_formula,CL_abs_L_per_h_at_70kg * t_half_h / ln(2),"{""model"":""one_compartment_fixture""}",value_level_metadata,Canonical independent CL/V values used by the 1-compartment fixture; inspect basis and conversion before external use.
pk_parameter,erythromycin,OSP_erythromycin,iv,spec_pk1_iv.yml,V_systemic_L_at_70kg,derived.V_systemic_L_at_70kg,123.10516783905524,L,,,derived_from_reported,derived_output,,,,,,source_url_present_not_parameter_mapped,,,,,,,,,,,"{""text"":""IV study: CL 0.53 L/h/kg; t1/2 2.30 h. One-comp V derived.""}",,derived.V_apparent_L_at_70kg * pk_parsed.bioavailability_frac,,derived_from_pk_yml_source_fields,Derived systemic value; do not treat as directly reported unless the source mapping says so.
pk_parameter,erythromycin,OSP_erythromycin,iv,spec_pk1_iv.yml,bioavailability,pk_parsed.bioavailability_frac,1.0,fraction,,,,,,,,,,source_url_present_not_parameter_mapped,,,,,,,,,,,"{""text"":""IV study: CL 0.53 L/h/kg; t1/2 2.30 h. One-comp V derived.""}",,,,source_url_present_not_parameter_mapped,Used to distinguish apparent CL/F or V/F from systemic CL/V; model F1 may intentionally differ.
pk_parameter,erythromycin,OSP_erythromycin,iv,spec_pk1_iv.yml,clearance,healthy_control_total_clearance_after_iv_infusion,0.53,L/h/kg,0.53,L/h/kg,literature_reported,simulation_parameter,,source_1,https://pmc.ncbi.nlm.nih.gov/articles/PMC3581054/,1,checked,checked,,,,checked,Source_1 reports healthy-control erythromycin total clearance of 0.53 +/- 0.13 L/h/kg after IV infusion. The fixture retains the mean as systemic CL.,not_applicable,0.53,L/h/kg,37.1,L/h,"{""text"":""IV study: CL 0.53 L/h/kg; t1/2 2.30 h. One-comp V derived.""}",body_weight_scaled,0.53 L/h/kg * 70 kg,"{""weight_ref_kg_for_abs"":70.0}",value_level_metadata,
pk_parameter,erythromycin,OSP_erythromycin,iv,spec_pk1_iv.yml,ke_1_per_h,derived.ke_1_per_h,0.3013683393738893,1/h,,,derived_from_reported,derived_output,,,,,,source_url_present_not_parameter_mapped,,,,,,,,,,,"{""text"":""IV study: CL 0.53 L/h/kg; t1/2 2.30 h. One-comp V derived.""}",,derived.CL_abs_L_per_h_at_70kg / derived.V_abs_L_at_70kg,,derived_from_pk_yml_source_fields,
pk_parameter,erythromycin,OSP_erythromycin,iv,spec_pk1_iv.yml,t_half_h,healthy_control_terminal_half_life_after_iv_infusion,2.3,h,2.3,h,literature_reported,check_only,,source_1,https://pmc.ncbi.nlm.nih.gov/articles/PMC3581054/,1,checked,checked,,,,checked,Source_1 reports healthy-control erythromycin half-life of 2.30 +/- 1.03 h after IV infusion. It remains a check target because the fixture V is derived independently.,acknowledged,2.3,h,2.3,h,"{""text"":""IV study: CL 0.53 L/h/kg; t1/2 2.30 h. One-comp V derived.""}",direct,pk_parsed.half_life_h,{},value_level_metadata,
pk_parameter,erythromycin,OSP_erythromycin,iv,spec_pk1_iv.yml,volume,one_compartment_volume_derived_from_iv_clearance_and_half_life,1.7586452548436462,L/kg,1.7586452548436462,L/kg,fixture_derived,simulation_parameter,,source_1,https://pmc.ncbi.nlm.nih.gov/articles/PMC3581054/,1,checked,checked,,,,checked,"The source reports Vss 0.74 +/- 0.19 L/kg, whereas the committed V is explicitly derived from CL and half-life for the one-compartment fixture. These are not interchangeable volume definitions.",acknowledged,0.53 and 2.30,L/h/kg and h,123.10516783905524,L,"{""text"":""IV study: CL 0.53 L/h/kg; t1/2 2.30 h. One-comp V derived.""}",derived_formula,CL_abs_L_per_h_at_70kg * t_half_h / ln(2),"{""model"":""one_compartment_fixture""}",value_level_metadata,
target,erythromycin,OSP_erythromycin,iv,spec_pk1_iv.yml,targets.auc,CL_abs_L_per_h_at_70kg,3369.272237196765,ng*h/mL,,,dose_over_cl,consistency_check,dose_over_cl,,,,,not_applicable,,,,,,,,,,,,,,,derived_target,Computed target; source_value=CL_abs_L_per_h_at_70kg. Not an independent literature AUC.
target,erythromycin,OSP_erythromycin,iv,spec_pk1_iv.yml,targets.t_half,,2.3,h,,,unknown_needs_review,check_only,,,,,,not_applicable,,,,,,,,,,,,,,,target_without_source_mapping,arithmetic_mean
model_parameter,ethinylestradiol,osp::ethinylestradiol,oral,spec_pk1_oral.yml,model.theta.ALAG1,,0.5,,,,fixture_policy,simulation_parameter,,,,,,not_applicable,,,,,,,,,,,"{""bioavailability"":""38-48%"",""clearance"":""25.7 L/h"",""elimination_route"":""肝代謝"",""half_life"":""16.5-17.6 hours"",""volume_of_distribution"":null}",,,,fixture_policy_no_external_source,Absorption parameter supplied by the demo spec; add a drug-specific source mapping before treating it as literature-supported.
model_parameter,ethinylestradiol,osp::ethinylestradiol,oral,spec_pk1_oral.yml,model.theta.CL,derived.CL_abs_L_per_h_at_70kg,25.7,,25.7,L/h,derived_from_reported,simulation_parameter,,source_1,https://dailymed.nlm.nih.gov/dailymed/drugInfo.cfm?setid=142c4b90-c9ab-45ce-9172-f1ea7d366686,1,checked,checked,,,,checked,DailyMed source_1 reports ethinyl estradiol CL/F of 25.7 L/h in the clinical pharmacology table. The fixture retains it as apparent oral clearance.,not_applicable,25.7,L/h,25.7,L/h,"{""bioavailability"":""38-48%"",""clearance"":""25.7 L/h"",""elimination_route"":""肝代謝"",""half_life"":""16.5-17.6 hours"",""volume_of_distribution"":null}",direct,pk_parsed.clearance.value,"{""basis"":""CL_over_F""}",mapped_to_pk_derived,Compare with pk.yml derived CL and confirm apparent/systemic basis.
model_parameter,ethinylestradiol,osp::ethinylestradiol,oral,spec_pk1_oral.yml,model.theta.F1,pk_parsed.bioavailability_frac,1.0,fraction,,,fixture_policy,simulation_parameter,,,,,,not_applicable,,,,,,,,,,,"{""bioavailability"":""38-48%"",""clearance"":""25.7 L/h"",""elimination_route"":""肝代謝"",""half_life"":""16.5-17.6 hours"",""volume_of_distribution"":null}",,,,fixture_policy_apparent_parameters,"Oral fixture may set F1=1 while CL/V remain apparent values; this is a parameterization policy, not a source claim."
model_parameter,ethinylestradiol,osp::ethinylestradiol,oral,spec_pk1_oral.yml,model.theta.KA,,1.2,,,,fixture_policy,simulation_parameter,,,,,,not_applicable,,,,,,,,,,,"{""bioavailability"":""38-48%"",""clearance"":""25.7 L/h"",""elimination_route"":""肝代謝"",""half_life"":""16.5-17.6 hours"",""volume_of_distribution"":null}",,,,fixture_policy_no_external_source,Absorption parameter supplied by the demo spec; add a drug-specific source mapping before treating it as literature-supported.
model_parameter,ethinylestradiol,osp::ethinylestradiol,oral,spec_pk1_oral.yml,model.theta.V,derived.V_abs_L_at_70kg,632.1673264919305,,632.1673264919305,L,derived_from_reported,simulation_parameter,,source_1,https://dailymed.nlm.nih.gov/dailymed/drugInfo.cfm?setid=142c4b90-c9ab-45ce-9172-f1ea7d366686,1,checked,checked,,,,checked,The cited label reports CL/F and half-life but not the fixture's exact V/F. The committed V is explicitly derived from those inputs and must not be presented as a directly reported volume.,acknowledged,25.7 and 17.05,L/h and h,632.1673264919305,L,"{""bioavailability"":""38-48%"",""clearance"":""25.7 L/h"",""elimination_route"":""肝代謝"",""half_life"":""16.5-17.6 hours"",""volume_of_distribution"":null}",derived_formula,CL_abs_L_per_h_at_70kg * t_half_h / ln(2),"{""basis"":""apparent_V_over_F"",""model"":""one_compartment_fixture""}",mapped_to_pk_derived,Compare with pk.yml derived V and confirm apparent/systemic basis.
model_variability,ethinylestradiol,osp::ethinylestradiol,oral,spec_pk1_oral.yml,iiv.eta.CL,,0.09,omega^2,,,fixture_policy,simulation_parameter,,,,,,not_applicable,,,,,,,,,,,,,,,fixture_policy_no_external_source,IIV/residual-error value from the demo spec; not a direct literature estimate unless separately mapped.
model_variability,ethinylestradiol,osp::ethinylestradiol,oral,spec_pk1_oral.yml,iiv.eta.KA,,0.16,omega^2,,,fixture_policy,simulation_parameter,,,,,,not_applicable,,,,,,,,,,,,,,,fixture_policy_no_external_source,IIV/residual-error value from the demo spec; not a direct literature estimate unless separately mapped.
model_variability,ethinylestradiol,osp::ethinylestradiol,oral,spec_pk1_oral.yml,iiv.eta.V,,0.04,omega^2,,,fixture_policy,simulation_parameter,,,,,,not_applicable,,,,,,,,,,,,,,,fixture_policy_no_external_source,IIV/residual-error value from the demo spec; not a direct literature estimate unless separately mapped.
model_variability,ethinylestradiol,osp::ethinylestradiol,oral,spec_pk1_oral.yml,residual.add,,0.0,concentration,,,fixture_policy,simulation_parameter,,,,,,not_applicable,,,,,,,,,,,,,,,fixture_policy_no_external_source,IIV/residual-error value from the demo spec; not a direct literature estimate unless separately mapped.
model_variability,ethinylestradiol,osp::ethinylestradiol,oral,spec_pk1_oral.yml,residual.prop,,0.25,fraction,,,fixture_policy,simulation_parameter,,,,,,not_applicable,,,,,,,,,,,,,,,fixture_policy_no_external_source,IIV/residual-error value from the demo spec; not a direct literature estimate unless separately mapped.
pk_parameter,ethinylestradiol,osp::ethinylestradiol,po,spec_pk1_oral.yml,CL_abs_L_per_h_at_70kg,oral_CL_over_F_in_ethinyl_estradiol_tablet,25.7,L/h,25.7,L/h,literature_reported,simulation_parameter,,source_1,https://dailymed.nlm.nih.gov/dailymed/drugInfo.cfm?setid=142c4b90-c9ab-45ce-9172-f1ea7d366686,1,checked,checked,,,,checked,DailyMed source_1 reports ethinyl estradiol CL/F of 25.7 L/h in the clinical pharmacology table. The fixture retains it as apparent oral clearance.,not_applicable,25.7,L/h,25.7,L/h,"{""bioavailability"":""38-48%"",""clearance"":""25.7 L/h"",""elimination_route"":""肝代謝"",""half_life"":""16.5-17.6 hours"",""volume_of_distribution"":null}",direct,pk_parsed.clearance.value,"{""basis"":""CL_over_F""}",value_level_metadata,Canonical independent CL/V values used by the 1-compartment fixture; inspect basis and conversion before external use.
pk_parameter,ethinylestradiol,osp::ethinylestradiol,po,spec_pk1_oral.yml,CL_systemic_L_per_h_at_70kg,derived.CL_systemic_L_per_h_at_70kg,11.051,L/h,,,derived_from_reported,derived_output,,,,,,source_url_present_not_parameter_mapped,,,,,,,,,,,"{""bioavailability"":""38-48%"",""clearance"":""25.7 L/h"",""elimination_route"":""肝代謝"",""half_life"":""16.5-17.6 hours"",""volume_of_distribution"":null}",,derived.CL_apparent_L_per_h_at_70kg * pk_parsed.bioavailability_frac,,derived_from_pk_yml_source_fields,Derived systemic value; do not treat as directly reported unless the source mapping says so.
pk_parameter,ethinylestradiol,osp::ethinylestradiol,po,spec_pk1_oral.yml,V_abs_L_at_70kg,one_compartment_apparent_volume_derived_from_CL_over_F_and_half_life,632.1673264919305,L,632.1673264919305,L,fixture_derived,simulation_parameter,,source_1,https://dailymed.nlm.nih.gov/dailymed/drugInfo.cfm?setid=142c4b90-c9ab-45ce-9172-f1ea7d366686,1,checked,checked,,,,checked,The cited label reports CL/F and half-life but not the fixture's exact V/F. The committed V is explicitly derived from those inputs and must not be presented as a directly reported volume.,acknowledged,25.7 and 17.05,L/h and h,632.1673264919305,L,"{""bioavailability"":""38-48%"",""clearance"":""25.7 L/h"",""elimination_route"":""肝代謝"",""half_life"":""16.5-17.6 hours"",""volume_of_distribution"":null}",derived_formula,CL_abs_L_per_h_at_70kg * t_half_h / ln(2),"{""basis"":""apparent_V_over_F"",""model"":""one_compartment_fixture""}",value_level_metadata,Canonical independent CL/V values used by the 1-compartment fixture; inspect basis and conversion before external use.
pk_parameter,ethinylestradiol,osp::ethinylestradiol,po,spec_pk1_oral.yml,V_systemic_L_at_70kg,derived.V_systemic_L_at_70kg,271.8319503915301,L,,,derived_from_reported,derived_output,,,,,,source_url_present_not_parameter_mapped,,,,,,,,,,,"{""bioavailability"":""38-48%"",""clearance"":""25.7 L/h"",""elimination_route"":""肝代謝"",""half_life"":""16.5-17.6 hours"",""volume_of_distribution"":null}",,derived.V_apparent_L_at_70kg * pk_parsed.bioavailability_frac,,derived_from_pk_yml_source_fields,Derived systemic value; do not treat as directly reported unless the source mapping says so.
pk_parameter,ethinylestradiol,osp::ethinylestradiol,po,spec_pk1_oral.yml,bioavailability,pk_parsed.bioavailability_frac,0.43,fraction,,,,,,,,,,source_url_present_not_parameter_mapped,,,,,,,,,,,"{""bioavailability"":""38-48%"",""clearance"":""25.7 L/h"",""elimination_route"":""肝代謝"",""half_life"":""16.5-17.6 hours"",""volume_of_distribution"":null}",,,,source_url_present_not_parameter_mapped,Used to distinguish apparent CL/F or V/F from systemic CL/V; model F1 may intentionally differ.
pk_parameter,ethinylestradiol,osp::ethinylestradiol,po,spec_pk1_oral.yml,clearance,oral_CL_over_F_in_ethinyl_estradiol_tablet,25.7,L/h,25.7,L/h,literature_reported,simulation_parameter,,source_1,https://dailymed.nlm.nih.gov/dailymed/drugInfo.cfm?setid=142c4b90-c9ab-45ce-9172-f1ea7d366686,1,checked,checked,,,,checked,DailyMed source_1 reports ethinyl estradiol CL/F of 25.7 L/h in the clinical pharmacology table. The fixture retains it as apparent oral clearance.,not_applicable,25.7,L/h,25.7,L/h,"{""bioavailability"":""38-48%"",""clearance"":""25.7 L/h"",""elimination_route"":""肝代謝"",""half_life"":""16.5-17.6 hours"",""volume_of_distribution"":null}",direct,pk_parsed.clearance.value,"{""basis"":""CL_over_F""}",value_level_metadata,
pk_parameter,ethinylestradiol,osp::ethinylestradiol,po,spec_pk1_oral.yml,ke_1_per_h,derived.ke_1_per_h,0.04065379358122846,1/h,,,derived_from_reported,derived_output,,,,,,source_url_present_not_parameter_mapped,,,,,,,,,,,"{""bioavailability"":""38-48%"",""clearance"":""25.7 L/h"",""elimination_route"":""肝代謝"",""half_life"":""16.5-17.6 hours"",""volume_of_distribution"":null}",,derived.CL_abs_L_per_h_at_70kg / derived.V_abs_L_at_70kg,,derived_from_pk_yml_source_fields,
pk_parameter,ethinylestradiol,osp::ethinylestradiol,po,spec_pk1_oral.yml,t_half_h,oral_elimination_half_life_in_ethinyl_estradiol_tablet,17.05,h,17.05,h,derived_from_reported,check_only,,source_1,https://dailymed.nlm.nih.gov/dailymed/drugInfo.cfm?setid=142c4b90-c9ab-45ce-9172-f1ea7d366686,1,checked,checked,,,,checked,DailyMed source_1 reports a 16.5 to 17.6 h half-life range in the referenced oral table. The midpoint is check-only and is not used to force CL/V agreement.,acknowledged,16.5-17.6,h,17.05,h,"{""bioavailability"":""38-48%"",""clearance"":""25.7 L/h"",""elimination_route"":""肝代謝"",""half_life"":""16.5-17.6 hours"",""volume_of_distribution"":null}",derived_formula,midpoint of reported 16.5-17.6 h range,"{""range_summary"":""midpoint""}",value_level_metadata,
pk_parameter,ethinylestradiol,osp::ethinylestradiol,po,spec_pk1_oral.yml,volume,one_compartment_apparent_volume_derived_from_CL_over_F_and_half_life,632.1673264919305,L,632.1673264919305,L,fixture_derived,simulation_parameter,,source_1,https://dailymed.nlm.nih.gov/dailymed/drugInfo.cfm?setid=142c4b90-c9ab-45ce-9172-f1ea7d366686,1,checked,checked,,,,checked,The cited label reports CL/F and half-life but not the fixture's exact V/F. The committed V is explicitly derived from those inputs and must not be presented as a directly reported volume.,acknowledged,25.7 and 17.05,L/h and h,632.1673264919305,L,"{""bioavailability"":""38-48%"",""clearance"":""25.7 L/h"",""elimination_route"":""肝代謝"",""half_life"":""16.5-17.6 hours"",""volume_of_distribution"":null}",derived_formula,CL_abs_L_per_h_at_70kg * t_half_h / ln(2),"{""basis"":""apparent_V_over_F"",""model"":""one_compartment_fixture""}",value_level_metadata,
target,ethinylestradiol,osp::ethinylestradiol,po,spec_pk1_oral.yml,targets.auc,CL_abs_L_per_h_at_70kg,3891.0505836575876,ng*h/mL,,,dose_over_cl,consistency_check,dose_over_cl,,,,,not_applicable,,,,,,,,,,,,,,,derived_target,Computed target; source_value=CL_abs_L_per_h_at_70kg. Not an independent literature AUC.
target,ethinylestradiol,osp::ethinylestradiol,po,spec_pk1_oral.yml,targets.t_half,,17.05,h,,,unknown_needs_review,check_only,,,,,,not_applicable,,,,,,,,,,,,,,,target_without_source_mapping,arithmetic_mean
model_parameter,felodipine,osp::felodipine,oral,spec_pk1_oral.yml,model.theta.ALAG1,,0.5,,,,fixture_policy,simulation_parameter,,,,,,not_applicable,,,,,,,,,,,"{""bioavailability"":""15%"",""clearance"":""1-1.5 L/min"",""elimination_route"":""肝代謝"",""half_life"":""24-25 hours"",""volume_of_distribution"":""10 L/kg""}",,,,fixture_policy_no_external_source,Absorption parameter supplied by the demo spec; add a drug-specific source mapping before treating it as literature-supported.
model_parameter,felodipine,osp::felodipine,oral,spec_pk1_oral.yml,model.theta.CL,derived.CL_abs_L_per_h_at_70kg,90.0,,90.0,L/h,derived_from_reported,simulation_parameter,,source_2,https://pubmed.ncbi.nlm.nih.gov/3327676/,2,checked,checked,,,,checked,PubMed source_2 reports mean total clearance from blood of 1 to 1.5 L/min after intravenous dosing; this supports a systemic CL interpretation. Clearance is used as a deterministic fixture model parameter and is not recalibrated to force agreement with terminal half-life.,not_applicable,1-1.5,L/min,90.0,L/h,"{""bioavailability"":""15%"",""clearance"":""1-1.5 L/min"",""elimination_route"":""肝代謝"",""half_life"":""24-25 hours"",""volume_of_distribution"":""10 L/kg""}",unit_conversion,upper bound of reported clearance range (1.5 L/min) * 60 min/h,"{""range_summary"":""upper_bound""}",mapped_to_pk_derived,Compare with pk.yml derived CL and confirm apparent/systemic basis.
model_parameter,felodipine,osp::felodipine,oral,spec_pk1_oral.yml,model.theta.F1,pk_parsed.bioavailability_frac,0.15,fraction,,,fixture_policy,simulation_parameter,,,,,,not_applicable,,,,,,,,,,,"{""bioavailability"":""15%"",""clearance"":""1-1.5 L/min"",""elimination_route"":""肝代謝"",""half_life"":""24-25 hours"",""volume_of_distribution"":""10 L/kg""}",,,,fixture_policy_apparent_parameters,"Oral fixture may set F1=1 while CL/V remain apparent values; this is a parameterization policy, not a source claim."
model_parameter,felodipine,osp::felodipine,oral,spec_pk1_oral.yml,model.theta.KA,,1.2,,,,fixture_policy,simulation_parameter,,,,,,not_applicable,,,,,,,,,,,"{""bioavailability"":""15%"",""clearance"":""1-1.5 L/min"",""elimination_route"":""肝代謝"",""half_life"":""24-25 hours"",""volume_of_distribution"":""10 L/kg""}",,,,fixture_policy_no_external_source,Absorption parameter supplied by the demo spec; add a drug-specific source mapping before treating it as literature-supported.
model_parameter,felodipine,osp::felodipine,oral,spec_pk1_oral.yml,model.theta.V,derived.V_abs_L_at_70kg,700.0,,700.0,L,derived_from_reported,simulation_parameter,,source_2,https://pubmed.ncbi.nlm.nih.gov/3327676/,2,checked,checked,,,,checked,PubMed source_2 reports felodipine volume of distribution of about 10 L/kg. Volume is retained as the one-compartment fixture volume and is not recalibrated to force agreement with terminal half-life.,not_applicable,10.0,L/kg,700.0,L,"{""bioavailability"":""15%"",""clearance"":""1-1.5 L/min"",""elimination_route"":""肝代謝"",""half_life"":""24-25 hours"",""volume_of_distribution"":""10 L/kg""}",body_weight_scaled,pk_parsed.volume.value * pk_parsed.weight_ref_kg_for_abs,"{""weight_ref_kg_for_abs"":70.0}",mapped_to_pk_derived,Compare with pk.yml derived V and confirm apparent/systemic basis.
model_variability,felodipine,osp::felodipine,oral,spec_pk1_oral.yml,iiv.eta.CL,,0.09,omega^2,,,fixture_policy,simulation_parameter,,,,,,not_applicable,,,,,,,,,,,,,,,fixture_policy_no_external_source,IIV/residual-error value from the demo spec; not a direct literature estimate unless separately mapped.
model_variability,felodipine,osp::felodipine,oral,spec_pk1_oral.yml,iiv.eta.KA,,0.16,omega^2,,,fixture_policy,simulation_parameter,,,,,,not_applicable,,,,,,,,,,,,,,,fixture_policy_no_external_source,IIV/residual-error value from the demo spec; not a direct literature estimate unless separately mapped.
model_variability,felodipine,osp::felodipine,oral,spec_pk1_oral.yml,iiv.eta.V,,0.04,omega^2,,,fixture_policy,simulation_parameter,,,,,,not_applicable,,,,,,,,,,,,,,,fixture_policy_no_external_source,IIV/residual-error value from the demo spec; not a direct literature estimate unless separately mapped.
model_variability,felodipine,osp::felodipine,oral,spec_pk1_oral.yml,residual.add,,0.0,concentration,,,fixture_policy,simulation_parameter,,,,,,not_applicable,,,,,,,,,,,,,,,fixture_policy_no_external_source,IIV/residual-error value from the demo spec; not a direct literature estimate unless separately mapped.
model_variability,felodipine,osp::felodipine,oral,spec_pk1_oral.yml,residual.prop,,0.25,fraction,,,fixture_policy,simulation_parameter,,,,,,not_applicable,,,,,,,,,,,,,,,fixture_policy_no_external_source,IIV/residual-error value from the demo spec; not a direct literature estimate unless separately mapped.
pk_parameter,felodipine,osp::felodipine,po,spec_pk1_oral.yml,CL_abs_L_per_h_at_70kg,mean_total_clearance_from_blood,90.0,L/h,90.0,L/h,derived_from_reported,simulation_parameter,,source_2,https://pubmed.ncbi.nlm.nih.gov/3327676/,2,checked,checked,,,,checked,PubMed source_2 reports mean total clearance from blood of 1 to 1.5 L/min after intravenous dosing; this supports a systemic CL interpretation. Clearance is used as a deterministic fixture model parameter and is not recalibrated to force agreement with terminal half-life.,not_applicable,1-1.5,L/min,90.0,L/h,"{""bioavailability"":""15%"",""clearance"":""1-1.5 L/min"",""elimination_route"":""肝代謝"",""half_life"":""24-25 hours"",""volume_of_distribution"":""10 L/kg""}",unit_conversion,upper bound of reported clearance range (1.5 L/min) * 60 min/h,"{""range_summary"":""upper_bound""}",value_level_metadata,Canonical independent CL/V values used by the 1-compartment fixture; inspect basis and conversion before external use.
pk_parameter,felodipine,osp::felodipine,po,spec_pk1_oral.yml,CL_systemic_L_per_h_at_70kg,derived.CL_systemic_L_per_h_at_70kg,90.0,L/h,,,derived_from_reported,derived_output,,,,,,source_url_present_not_parameter_mapped,,,,,,,,,,,"{""bioavailability"":""15%"",""clearance"":""1-1.5 L/min"",""elimination_route"":""肝代謝"",""half_life"":""24-25 hours"",""volume_of_distribution"":""10 L/kg""}",,derived.CL_apparent_L_per_h_at_70kg * pk_parsed.bioavailability_frac,,derived_from_pk_yml_source_fields,Derived systemic value; do not treat as directly reported unless the source mapping says so.
pk_parameter,felodipine,osp::felodipine,po,spec_pk1_oral.yml,V_abs_L_at_70kg,volume_of_distribution,700.0,L,700.0,L,derived_from_reported,simulation_parameter,,source_2,https://pubmed.ncbi.nlm.nih.gov/3327676/,2,checked,checked,,,,checked,PubMed source_2 reports felodipine volume of distribution of about 10 L/kg. Volume is retained as the one-compartment fixture volume and is not recalibrated to force agreement with terminal half-life.,not_applicable,10.0,L/kg,700.0,L,"{""bioavailability"":""15%"",""clearance"":""1-1.5 L/min"",""elimination_route"":""肝代謝"",""half_life"":""24-25 hours"",""volume_of_distribution"":""10 L/kg""}",body_weight_scaled,pk_parsed.volume.value * pk_parsed.weight_ref_kg_for_abs,"{""weight_ref_kg_for_abs"":70.0}",value_level_metadata,Canonical independent CL/V values used by the 1-compartment fixture; inspect basis and conversion before external use.
pk_parameter,felodipine,osp::felodipine,po,spec_pk1_oral.yml,V_systemic_L_at_70kg,derived.V_systemic_L_at_70kg,700.0,L,,,derived_from_reported,derived_output,,,,,,source_url_present_not_parameter_mapped,,,,,,,,,,,"{""bioavailability"":""15%"",""clearance"":""1-1.5 L/min"",""elimination_route"":""肝代謝"",""half_life"":""24-25 hours"",""volume_of_distribution"":""10 L/kg""}",,derived.V_apparent_L_at_70kg * pk_parsed.bioavailability_frac,,derived_from_pk_yml_source_fields,Derived systemic value; do not treat as directly reported unless the source mapping says so.
pk_parameter,felodipine,osp::felodipine,po,spec_pk1_oral.yml,bioavailability,pk_parsed.bioavailability_frac,0.15,fraction,,,,,,,,,,source_url_present_not_parameter_mapped,,,,,,,,,,,"{""bioavailability"":""15%"",""clearance"":""1-1.5 L/min"",""elimination_route"":""肝代謝"",""half_life"":""24-25 hours"",""volume_of_distribution"":""10 L/kg""}",,,,source_url_present_not_parameter_mapped,Used to distinguish apparent CL/F or V/F from systemic CL/V; model F1 may intentionally differ.
pk_parameter,felodipine,osp::felodipine,po,spec_pk1_oral.yml,clearance,mean_total_clearance_from_blood,90.0,L/h,90.0,L/h,derived_from_reported,simulation_parameter,,source_2,https://pubmed.ncbi.nlm.nih.gov/3327676/,2,checked,checked,,,,checked,PubMed source_2 reports mean total clearance from blood of 1 to 1.5 L/min after intravenous dosing; this supports a systemic CL interpretation. Clearance is used as a deterministic fixture model parameter and is not recalibrated to force agreement with terminal half-life.,not_applicable,1-1.5,L/min,90.0,L/h,"{""bioavailability"":""15%"",""clearance"":""1-1.5 L/min"",""elimination_route"":""肝代謝"",""half_life"":""24-25 hours"",""volume_of_distribution"":""10 L/kg""}",unit_conversion,upper bound of reported clearance range (1.5 L/min) * 60 min/h,"{""range_summary"":""upper_bound""}",value_level_metadata,
pk_parameter,felodipine,osp::felodipine,po,spec_pk1_oral.yml,ke_1_per_h,derived.ke_1_per_h,0.12857142857142856,1/h,,,derived_from_reported,derived_output,,,,,,source_url_present_not_parameter_mapped,,,,,,,,,,,"{""bioavailability"":""15%"",""clearance"":""1-1.5 L/min"",""elimination_route"":""肝代謝"",""half_life"":""24-25 hours"",""volume_of_distribution"":""10 L/kg""}",,derived.CL_abs_L_per_h_at_70kg / derived.V_abs_L_at_70kg,,derived_from_pk_yml_source_fields,
pk_parameter,felodipine,osp::felodipine,po,spec_pk1_oral.yml,t_half_h,mean_elimination_half_life,24.5,h,24.5,h,derived_from_reported,check_only,,source_2,https://pubmed.ncbi.nlm.nih.gov/3327676/,2,checked,checked,,,,checked,PubMed source_2 reports felodipine mean elimination half-life of approximately 25 h. Canonical t_half_h retains the fixture midpoint of the local 24-25 h range and remains a check target only. CL and V are not jointly calibrated to match terminal half-life in this deterministic one-compartment fixture.,acknowledged,approximately 25,h,24.5,h,"{""bioavailability"":""15%"",""clearance"":""1-1.5 L/min"",""elimination_route"":""肝代謝"",""half_life"":""24-25 hours"",""volume_of_distribution"":""10 L/kg""}",derived_formula,"fixture midpoint of local 24-25 h range, source-confirmed as approximately 25 h","{""range_summary"":""midpoint"",""source_precision"":""approximate""}",value_level_metadata,
pk_parameter,felodipine,osp::felodipine,po,spec_pk1_oral.yml,volume,volume_of_distribution,10.0,L/kg,10.0,L/kg,derived_from_reported,simulation_parameter,,source_2,https://pubmed.ncbi.nlm.nih.gov/3327676/,2,checked,checked,,,,checked,PubMed source_2 reports felodipine volume of distribution of about 10 L/kg. Volume is retained as the one-compartment fixture volume and is not recalibrated to force agreement with terminal half-life.,not_applicable,10.0,L/kg,700.0,L,"{""bioavailability"":""15%"",""clearance"":""1-1.5 L/min"",""elimination_route"":""肝代謝"",""half_life"":""24-25 hours"",""volume_of_distribution"":""10 L/kg""}",body_weight_scaled,pk_parsed.volume.value * pk_parsed.weight_ref_kg_for_abs,"{""weight_ref_kg_for_abs"":70.0}",value_level_metadata,
target,felodipine,osp::felodipine,po,spec_pk1_oral.yml,targets.auc,CL_systemic_L_per_h_at_70kg,166.66666666666666,ng*h/mL,,,f_dose_over_cl,consistency_check,f_dose_over_cl,,,,,not_applicable,,,,,,,,,,,,,,,target_without_source_mapping,fixture_consistency_check
target,felodipine,osp::felodipine,po,spec_pk1_oral.yml,targets.t_half,,24.5,h,,,unknown_needs_review,check_only,,,,,,not_applicable,,,,,,,,,,,,,,,target_without_source_mapping,arithmetic_mean
model_parameter,fluconazole,OSP_fluconazole,iv,spec_pk1_iv.yml,model.theta.CL,derived.CL_abs_L_per_h_at_70kg,0.966,,0.966,L/h,derived_from_reported,simulation_parameter,,source_1,https://dailymed.nlm.nih.gov/dailymed/drugInfo.cfm?setid=f6e44764-c652-4926-b081-9111c82c7957,1,checked,checked,,,,checked,DailyMed source_1 reports mean adult body clearance of 0.23 mL/min/kg. The fixture scales this systemic IV/whole-body clearance reference to 70 kg.,not_applicable,0.23,mL/min/kg,0.966,L/h,"{""text"":""Label: mean body clearance 0.23 mL/min/kg; t1/2 ~30 h. One-comp V derived.""}",unit_conversion_and_body_weight_scaling,0.23 mL/min/kg * 60 min/h / 1000 mL/L * 70 kg,"{""weight_ref_kg_for_abs"":70.0}",mapped_to_pk_derived,Compare with pk.yml derived CL and confirm apparent/systemic basis.
model_parameter,fluconazole,OSP_fluconazole,iv,spec_pk1_iv.yml,model.theta.V,derived.V_abs_L_at_70kg,41.80930228496216,,41.80930228496216,L,derived_from_reported,simulation_parameter,,source_1,https://dailymed.nlm.nih.gov/dailymed/drugInfo.cfm?setid=f6e44764-c652-4926-b081-9111c82c7957,1,checked,checked,,,,checked,The label states that fluconazole Vd approximates total body water but does not supply the fixture's exact V. The committed V is explicitly derived from the checked CL and half-life for the one-compartment fixture.,acknowledged,0.23 and 30.0,mL/min/kg and h,41.80930228496216,L,"{""text"":""Label: mean body clearance 0.23 mL/min/kg; t1/2 ~30 h. One-comp V derived.""}",derived_formula,CL_abs_L_per_h_at_70kg * t_half_h / ln(2),"{""model"":""one_compartment_fixture""}",mapped_to_pk_derived,Compare with pk.yml derived V and confirm apparent/systemic basis.
model_variability,fluconazole,OSP_fluconazole,iv,spec_pk1_iv.yml,iiv.eta.CL,,0.09,omega^2,,,fixture_policy,simulation_parameter,,,,,,not_applicable,,,,,,,,,,,,,,,fixture_policy_no_external_source,IIV/residual-error value from the demo spec; not a direct literature estimate unless separately mapped.
model_variability,fluconazole,OSP_fluconazole,iv,spec_pk1_iv.yml,iiv.eta.V,,0.04,omega^2,,,fixture_policy,simulation_parameter,,,,,,not_applicable,,,,,,,,,,,,,,,fixture_policy_no_external_source,IIV/residual-error value from the demo spec; not a direct literature estimate unless separately mapped.
model_variability,fluconazole,OSP_fluconazole,iv,spec_pk1_iv.yml,residual.add,,0.0,concentration,,,fixture_policy,simulation_parameter,,,,,,not_applicable,,,,,,,,,,,,,,,fixture_policy_no_external_source,IIV/residual-error value from the demo spec; not a direct literature estimate unless separately mapped.
model_variability,fluconazole,OSP_fluconazole,iv,spec_pk1_iv.yml,residual.prop,,0.25,fraction,,,fixture_policy,simulation_parameter,,,,,,not_applicable,,,,,,,,,,,,,,,fixture_policy_no_external_source,IIV/residual-error value from the demo spec; not a direct literature estimate unless separately mapped.
pk_parameter,fluconazole,OSP_fluconazole,iv,spec_pk1_iv.yml,CL_abs_L_per_h_at_70kg,mean_body_clearance_in_adults,0.966,L/h,0.966,L/h,derived_from_reported,simulation_parameter,,source_1,https://dailymed.nlm.nih.gov/dailymed/drugInfo.cfm?setid=f6e44764-c652-4926-b081-9111c82c7957,1,checked,checked,,,,checked,DailyMed source_1 reports mean adult body clearance of 0.23 mL/min/kg. The fixture scales this systemic IV/whole-body clearance reference to 70 kg.,not_applicable,0.23,mL/min/kg,0.966,L/h,"{""text"":""Label: mean body clearance 0.23 mL/min/kg; t1/2 ~30 h. One-comp V derived.""}",unit_conversion_and_body_weight_scaling,0.23 mL/min/kg * 60 min/h / 1000 mL/L * 70 kg,"{""weight_ref_kg_for_abs"":70.0}",value_level_metadata,Canonical independent CL/V values used by the 1-compartment fixture; inspect basis and conversion before external use.
pk_parameter,fluconazole,OSP_fluconazole,iv,spec_pk1_iv.yml,CL_systemic_L_per_h_at_70kg,derived.CL_systemic_L_per_h_at_70kg,0.966,L/h,,,derived_from_reported,derived_output,,,,,,source_url_present_not_parameter_mapped,,,,,,,,,,,"{""text"":""Label: mean body clearance 0.23 mL/min/kg; t1/2 ~30 h. One-comp V derived.""}",,derived.CL_apparent_L_per_h_at_70kg * pk_parsed.bioavailability_frac,,derived_from_pk_yml_source_fields,Derived systemic value; do not treat as directly reported unless the source mapping says so.
pk_parameter,fluconazole,OSP_fluconazole,iv,spec_pk1_iv.yml,V_abs_L_at_70kg,one_compartment_volume_derived_from_clearance_and_half_life,41.80930228496216,L,41.80930228496216,L,fixture_derived,simulation_parameter,,source_1,https://dailymed.nlm.nih.gov/dailymed/drugInfo.cfm?setid=f6e44764-c652-4926-b081-9111c82c7957,1,checked,checked,,,,checked,The label states that fluconazole Vd approximates total body water but does not supply the fixture's exact V. The committed V is explicitly derived from the checked CL and half-life for the one-compartment fixture.,acknowledged,0.23 and 30.0,mL/min/kg and h,41.80930228496216,L,"{""text"":""Label: mean body clearance 0.23 mL/min/kg; t1/2 ~30 h. One-comp V derived.""}",derived_formula,CL_abs_L_per_h_at_70kg * t_half_h / ln(2),"{""model"":""one_compartment_fixture""}",value_level_metadata,Canonical independent CL/V values used by the 1-compartment fixture; inspect basis and conversion before external use.
pk_parameter,fluconazole,OSP_fluconazole,iv,spec_pk1_iv.yml,V_systemic_L_at_70kg,derived.V_systemic_L_at_70kg,41.80930228496216,L,,,derived_from_reported,derived_output,,,,,,source_url_present_not_parameter_mapped,,,,,,,,,,,"{""text"":""Label: mean body clearance 0.23 mL/min/kg; t1/2 ~30 h. One-comp V derived.""}",,derived.V_apparent_L_at_70kg * pk_parsed.bioavailability_frac,,derived_from_pk_yml_source_fields,Derived systemic value; do not treat as directly reported unless the source mapping says so.
pk_parameter,fluconazole,OSP_fluconazole,iv,spec_pk1_iv.yml,bioavailability,pk_parsed.bioavailability_frac,1.0,fraction,,,,,,,,,,source_url_present_not_parameter_mapped,,,,,,,,,,,"{""text"":""Label: mean body clearance 0.23 mL/min/kg; t1/2 ~30 h. One-comp V derived.""}",,,,source_url_present_not_parameter_mapped,Used to distinguish apparent CL/F or V/F from systemic CL/V; model F1 may intentionally differ.
pk_parameter,fluconazole,OSP_fluconazole,iv,spec_pk1_iv.yml,clearance,mean_body_clearance_in_adults,0.0138,L/h/kg,0.0138,L/h/kg,derived_from_reported,simulation_parameter,,source_1,https://dailymed.nlm.nih.gov/dailymed/drugInfo.cfm?setid=f6e44764-c652-4926-b081-9111c82c7957,1,checked,checked,,,,checked,DailyMed source_1 reports mean adult body clearance of 0.23 mL/min/kg. The fixture scales this systemic IV/whole-body clearance reference to 70 kg.,not_applicable,0.23,mL/min/kg,0.966,L/h,"{""text"":""Label: mean body clearance 0.23 mL/min/kg; t1/2 ~30 h. One-comp V derived.""}",unit_conversion_and_body_weight_scaling,0.23 mL/min/kg * 60 min/h / 1000 mL/L * 70 kg,"{""weight_ref_kg_for_abs"":70.0}",value_level_metadata,
pk_parameter,fluconazole,OSP_fluconazole,iv,spec_pk1_iv.yml,ke_1_per_h,derived.ke_1_per_h,0.023104906018664845,1/h,,,derived_from_reported,derived_output,,,,,,source_url_present_not_parameter_mapped,,,,,,,,,,,"{""text"":""Label: mean body clearance 0.23 mL/min/kg; t1/2 ~30 h. One-comp V derived.""}",,derived.CL_abs_L_per_h_at_70kg / derived.V_abs_L_at_70kg,,derived_from_pk_yml_source_fields,
pk_parameter,fluconazole,OSP_fluconazole,iv,spec_pk1_iv.yml,t_half_h,terminal_plasma_half_life_in_normal_volunteers,30.0,h,30.0,h,label_reported,check_only,,source_1,https://dailymed.nlm.nih.gov/dailymed/drugInfo.cfm?setid=f6e44764-c652-4926-b081-9111c82c7957,1,checked,checked,,,,checked,DailyMed source_1 reports an approximate terminal plasma half-life of 30 h after oral administration in normal volunteers. It remains a check target for the derived V.,acknowledged,30.0,h,30.0,h,"{""text"":""Label: mean body clearance 0.23 mL/min/kg; t1/2 ~30 h. One-comp V derived.""}",direct,pk_parsed.half_life_h,{},value_level_metadata,
pk_parameter,fluconazole,OSP_fluconazole,iv,spec_pk1_iv.yml,volume,one_compartment_volume_derived_from_clearance_and_half_life,0.5972757469280309,L/kg,0.5972757469280309,L/kg,fixture_derived,simulation_parameter,,source_1,https://dailymed.nlm.nih.gov/dailymed/drugInfo.cfm?setid=f6e44764-c652-4926-b081-9111c82c7957,1,checked,checked,,,,checked,The label states that fluconazole Vd approximates total body water but does not supply the fixture's exact V. The committed V is explicitly derived from the checked CL and half-life for the one-compartment fixture.,acknowledged,0.23 and 30.0,mL/min/kg and h,41.80930228496216,L,"{""text"":""Label: mean body clearance 0.23 mL/min/kg; t1/2 ~30 h. One-comp V derived.""}",derived_formula,CL_abs_L_per_h_at_70kg * t_half_h / ln(2),"{""model"":""one_compartment_fixture""}",value_level_metadata,
target,fluconazole,OSP_fluconazole,iv,spec_pk1_iv.yml,targets.auc,CL_abs_L_per_h_at_70kg,207039.33747412008,ng*h/mL,,,dose_over_cl,consistency_check,dose_over_cl,,,,,not_applicable,,,,,,,,,,,,,,,derived_target,Computed target; source_value=CL_abs_L_per_h_at_70kg. Not an independent literature AUC.
target,fluconazole,OSP_fluconazole,iv,spec_pk1_iv.yml,targets.t_half,,30.0,h,,,unknown_needs_review,check_only,,,,,,not_applicable,,,,,,,,,,,,,,,target_without_source_mapping,arithmetic_mean
model_parameter,fluvoxamine,osp::fluvoxamine,oral,spec_pk1_oral.yml,model.theta.ALAG1,,0.5,,,,fixture_policy,simulation_parameter,,,,,,not_applicable,,,,,,,,,,,"{""bioavailability"":""53%"",""clearance"":null,""elimination_route"":""肝代謝 (CYP450), 腎排泄 (98%; 94%が代謝物, 4%が未変化体)"",""half_life"":""9-28 hours"",""volume_of_distribution"":""25 L/kg""}",,,,fixture_policy_no_external_source,Absorption parameter supplied by the demo spec; add a drug-specific source mapping before treating it as literature-supported.
model_parameter,fluvoxamine,osp::fluvoxamine,oral,spec_pk1_oral.yml,model.theta.CL,derived.CL_abs_L_per_h_at_70kg,65.56797653945428,,65.56797653945428,L/h,derived_from_reported,simulation_parameter,,source_1,https://dailymed.nlm.nih.gov/dailymed/lookup.cfm?setid=35b377d9-5b7a-4d8e-b6c1-4291d02f5dae,1,checked,checked,,,,checked,"Source_1 reports mean apparent V 25 L/kg; the repository's apparent CL is derived with the midpoint of the broader 9-28 h multi-context summary. This CL is a fixture value, not a directly reported clearance.",acknowledged,25.0,L/kg,65.56797653945428,L/h,"{""bioavailability"":""53%"",""clearance"":null,""elimination_route"":""肝代謝 (CYP450), 腎排泄 (98%; 94%が代謝物, 4%が未変化体)"",""half_life"":""9-28 hours"",""volume_of_distribution"":""25 L/kg""}",derived_formula,(25 L/kg * 70 kg) * ln(2) / 18.5 h,"{""half_life_range_h"":[9.0,28.0],""parameter_basis"":""apparent_CL_over_F_and_V_over_F"",""representative_half_life_h"":18.5}",mapped_to_pk_derived,Compare with pk.yml derived CL and confirm apparent/systemic basis.
model_parameter,fluvoxamine,osp::fluvoxamine,oral,spec_pk1_oral.yml,model.theta.F1,pk_parsed.bioavailability_frac,1.0,fraction,,,fixture_policy,simulation_parameter,,,,,,not_applicable,,,,,,,,,,,"{""bioavailability"":""53%"",""clearance"":null,""elimination_route"":""肝代謝 (CYP450), 腎排泄 (98%; 94%が代謝物, 4%が未変化体)"",""half_life"":""9-28 hours"",""volume_of_distribution"":""25 L/kg""}",,,,fixture_policy_apparent_parameters,"Oral fixture may set F1=1 while CL/V remain apparent values; this is a parameterization policy, not a source claim."
model_parameter,fluvoxamine,osp::fluvoxamine,oral,spec_pk1_oral.yml,model.theta.KA,,1.2,,,,fixture_policy,simulation_parameter,,,,,,not_applicable,,,,,,,,,,,"{""bioavailability"":""53%"",""clearance"":null,""elimination_route"":""肝代謝 (CYP450), 腎排泄 (98%; 94%が代謝物, 4%が未変化体)"",""half_life"":""9-28 hours"",""volume_of_distribution"":""25 L/kg""}",,,,fixture_policy_no_external_source,Absorption parameter supplied by the demo spec; add a drug-specific source mapping before treating it as literature-supported.
model_parameter,fluvoxamine,osp::fluvoxamine,oral,spec_pk1_oral.yml,model.theta.V,derived.V_abs_L_at_70kg,1750.0,,1750.0,L,derived_from_reported,simulation_parameter,,source_1,https://dailymed.nlm.nih.gov/dailymed/lookup.cfm?setid=35b377d9-5b7a-4d8e-b6c1-4291d02f5dae,1,checked,checked,,,,checked,DailyMed source_1 reports mean apparent volume of distribution 25 L/kg. The value is scaled to the repository's explicit 70 kg reference.,acknowledged,25.0,L/kg,1750.0,L,"{""bioavailability"":""53%"",""clearance"":null,""elimination_route"":""肝代謝 (CYP450), 腎排泄 (98%; 94%が代謝物, 4%が未変化体)"",""half_life"":""9-28 hours"",""volume_of_distribution"":""25 L/kg""}",body_weight_scaled,25 L/kg * 70 kg,"{""parameter_basis"":""apparent_V_over_F""}",mapped_to_pk_derived,Compare with pk.yml derived V and confirm apparent/systemic basis.
model_variability,fluvoxamine,osp::fluvoxamine,oral,spec_pk1_oral.yml,iiv.eta.CL,,0.09,omega^2,,,fixture_policy,simulation_parameter,,,,,,not_applicable,,,,,,,,,,,,,,,fixture_policy_no_external_source,IIV/residual-error value from the demo spec; not a direct literature estimate unless separately mapped.
model_variability,fluvoxamine,osp::fluvoxamine,oral,spec_pk1_oral.yml,iiv.eta.KA,,0.16,omega^2,,,fixture_policy,simulation_parameter,,,,,,not_applicable,,,,,,,,,,,,,,,fixture_policy_no_external_source,IIV/residual-error value from the demo spec; not a direct literature estimate unless separately mapped.
model_variability,fluvoxamine,osp::fluvoxamine,oral,spec_pk1_oral.yml,iiv.eta.V,,0.04,omega^2,,,fixture_policy,simulation_parameter,,,,,,not_applicable,,,,,,,,,,,,,,,fixture_policy_no_external_source,IIV/residual-error value from the demo spec; not a direct literature estimate unless separately mapped.
model_variability,fluvoxamine,osp::fluvoxamine,oral,spec_pk1_oral.yml,residual.add,,0.0,concentration,,,fixture_policy,simulation_parameter,,,,,,not_applicable,,,,,,,,,,,,,,,fixture_policy_no_external_source,IIV/residual-error value from the demo spec; not a direct literature estimate unless separately mapped.
model_variability,fluvoxamine,osp::fluvoxamine,oral,spec_pk1_oral.yml,residual.prop,,0.25,fraction,,,fixture_policy,simulation_parameter,,,,,,not_applicable,,,,,,,,,,,,,,,fixture_policy_no_external_source,IIV/residual-error value from the demo spec; not a direct literature estimate unless separately mapped.
pk_parameter,fluvoxamine,osp::fluvoxamine,po,spec_pk1_oral.yml,CL_abs_L_per_h_at_70kg,one_compartment_apparent_clearance_derived_from_apparent_V_and_half_life,65.56797653945428,L/h,65.56797653945428,L/h,derived_from_reported,simulation_parameter,,source_1,https://dailymed.nlm.nih.gov/dailymed/lookup.cfm?setid=35b377d9-5b7a-4d8e-b6c1-4291d02f5dae,1,checked,checked,,,,checked,"Source_1 reports mean apparent V 25 L/kg; the repository's apparent CL is derived with the midpoint of the broader 9-28 h multi-context summary. This CL is a fixture value, not a directly reported clearance.",acknowledged,25.0,L/kg,65.56797653945428,L/h,"{""bioavailability"":""53%"",""clearance"":null,""elimination_route"":""肝代謝 (CYP450), 腎排泄 (98%; 94%が代謝物, 4%が未変化体)"",""half_life"":""9-28 hours"",""volume_of_distribution"":""25 L/kg""}",derived_formula,(25 L/kg * 70 kg) * ln(2) / 18.5 h,"{""half_life_range_h"":[9.0,28.0],""parameter_basis"":""apparent_CL_over_F_and_V_over_F"",""representative_half_life_h"":18.5}",value_level_metadata,Canonical independent CL/V values used by the 1-compartment fixture; inspect basis and conversion before external use.
pk_parameter,fluvoxamine,osp::fluvoxamine,po,spec_pk1_oral.yml,CL_systemic_L_per_h_at_70kg,derived.CL_systemic_L_per_h_at_70kg,34.75102756591077,L/h,,,derived_from_reported,derived_output,,,,,,source_url_present_not_parameter_mapped,,,,,,,,,,,"{""bioavailability"":""53%"",""clearance"":null,""elimination_route"":""肝代謝 (CYP450), 腎排泄 (98%; 94%が代謝物, 4%が未変化体)"",""half_life"":""9-28 hours"",""volume_of_distribution"":""25 L/kg""}",,derived.CL_apparent_L_per_h_at_70kg * pk_parsed.bioavailability_frac,,derived_from_pk_yml_source_fields,Derived systemic value; do not treat as directly reported unless the source mapping says so.
pk_parameter,fluvoxamine,osp::fluvoxamine,po,spec_pk1_oral.yml,V_abs_L_at_70kg,mean_apparent_volume_of_distribution,1750.0,L,1750.0,L,literature_reported,simulation_parameter,,source_1,https://dailymed.nlm.nih.gov/dailymed/lookup.cfm?setid=35b377d9-5b7a-4d8e-b6c1-4291d02f5dae,1,checked,checked,,,,checked,DailyMed source_1 reports mean apparent volume of distribution 25 L/kg. The value is scaled to the repository's explicit 70 kg reference.,acknowledged,25.0,L/kg,1750.0,L,"{""bioavailability"":""53%"",""clearance"":null,""elimination_route"":""肝代謝 (CYP450), 腎排泄 (98%; 94%が代謝物, 4%が未変化体)"",""half_life"":""9-28 hours"",""volume_of_distribution"":""25 L/kg""}",body_weight_scaled,25 L/kg * 70 kg,"{""parameter_basis"":""apparent_V_over_F""}",value_level_metadata,Canonical independent CL/V values used by the 1-compartment fixture; inspect basis and conversion before external use.
pk_parameter,fluvoxamine,osp::fluvoxamine,po,spec_pk1_oral.yml,V_systemic_L_at_70kg,derived.V_systemic_L_at_70kg,927.5,L,,,derived_from_reported,derived_output,,,,,,source_url_present_not_parameter_mapped,,,,,,,,,,,"{""bioavailability"":""53%"",""clearance"":null,""elimination_route"":""肝代謝 (CYP450), 腎排泄 (98%; 94%が代謝物, 4%が未変化体)"",""half_life"":""9-28 hours"",""volume_of_distribution"":""25 L/kg""}",,derived.V_apparent_L_at_70kg * pk_parsed.bioavailability_frac,,derived_from_pk_yml_source_fields,Derived systemic value; do not treat as directly reported unless the source mapping says so.
pk_parameter,fluvoxamine,osp::fluvoxamine,po,spec_pk1_oral.yml,bioavailability,pk_parsed.bioavailability_frac,0.53,fraction,,,,,,,,,,source_url_present_not_parameter_mapped,,,,,,,,,,,"{""bioavailability"":""53%"",""clearance"":null,""elimination_route"":""肝代謝 (CYP450), 腎排泄 (98%; 94%が代謝物, 4%が未変化体)"",""half_life"":""9-28 hours"",""volume_of_distribution"":""25 L/kg""}",,,,source_url_present_not_parameter_mapped,Used to distinguish apparent CL/F or V/F from systemic CL/V; model F1 may intentionally differ.
pk_parameter,fluvoxamine,osp::fluvoxamine,po,spec_pk1_oral.yml,clearance,one_compartment_apparent_clearance_derived_from_apparent_V_and_half_life,65.56797653945428,L/h,65.56797653945428,L/h,derived_from_reported,simulation_parameter,,source_1,https://dailymed.nlm.nih.gov/dailymed/lookup.cfm?setid=35b377d9-5b7a-4d8e-b6c1-4291d02f5dae,1,checked,checked,,,,checked,"Source_1 reports mean apparent V 25 L/kg; the repository's apparent CL is derived with the midpoint of the broader 9-28 h multi-context summary. This CL is a fixture value, not a directly reported clearance.",acknowledged,25.0,L/kg,65.56797653945428,L/h,"{""bioavailability"":""53%"",""clearance"":null,""elimination_route"":""肝代謝 (CYP450), 腎排泄 (98%; 94%が代謝物, 4%が未変化体)"",""half_life"":""9-28 hours"",""volume_of_distribution"":""25 L/kg""}",derived_formula,(25 L/kg * 70 kg) * ln(2) / 18.5 h,"{""half_life_range_h"":[9.0,28.0],""parameter_basis"":""apparent_CL_over_F_and_V_over_F"",""representative_half_life_h"":18.5}",value_level_metadata,
pk_parameter,fluvoxamine,osp::fluvoxamine,po,spec_pk1_oral.yml,ke_1_per_h,derived.ke_1_per_h,0.037467415165402446,1/h,,,derived_from_reported,derived_output,,,,,,source_url_present_not_parameter_mapped,,,,,,,,,,,"{""bioavailability"":""53%"",""clearance"":null,""elimination_route"":""肝代謝 (CYP450), 腎排泄 (98%; 94%が代謝物, 4%が未変化体)"",""half_life"":""9-28 hours"",""volume_of_distribution"":""25 L/kg""}",,derived.CL_abs_L_per_h_at_70kg / derived.V_abs_L_at_70kg,,derived_from_pk_yml_source_fields,
pk_parameter,fluvoxamine,osp::fluvoxamine,po,spec_pk1_oral.yml,t_half_h,oral_half_life_multi_context_summary,18.5,h,18.5,h,derived_from_reported,check_only,,source_1,https://dailymed.nlm.nih.gov/dailymed/lookup.cfm?setid=35b377d9-5b7a-4d8e-b6c1-4291d02f5dae,1,checked,checked,,,,checked,The 9-28 h value is a multi-context summary; source_1 reports context-specific half-lives rather than a single universal mean. The midpoint is retained only as a fixture check.,acknowledged,9-28,h,18.5,h,"{""bioavailability"":""53%"",""clearance"":null,""elimination_route"":""肝代謝 (CYP450), 腎排泄 (98%; 94%が代謝物, 4%が未変化体)"",""half_life"":""9-28 hours"",""volume_of_distribution"":""25 L/kg""}",derived_formula,(9 h + 28 h) / 2,"{""label_context_note"":""source_1 reports context-specific values including healthy young and elderly subjects"",""range_summary"":""midpoint_across_reported_contexts""}",value_level_metadata,
pk_parameter,fluvoxamine,osp::fluvoxamine,po,spec_pk1_oral.yml,volume,mean_apparent_volume_of_distribution,25.0,L/kg,25.0,L/kg,literature_reported,simulation_parameter,,source_1,https://dailymed.nlm.nih.gov/dailymed/lookup.cfm?setid=35b377d9-5b7a-4d8e-b6c1-4291d02f5dae,1,checked,checked,,,,checked,DailyMed source_1 reports mean apparent volume of distribution 25 L/kg. The value is scaled to the repository's explicit 70 kg reference.,acknowledged,25.0,L/kg,1750.0,L,"{""bioavailability"":""53%"",""clearance"":null,""elimination_route"":""肝代謝 (CYP450), 腎排泄 (98%; 94%が代謝物, 4%が未変化体)"",""half_life"":""9-28 hours"",""volume_of_distribution"":""25 L/kg""}",body_weight_scaled,25 L/kg * 70 kg,"{""parameter_basis"":""apparent_V_over_F""}",value_level_metadata,
target,fluvoxamine,osp::fluvoxamine,po,spec_pk1_oral.yml,targets.auc,CL_abs_L_per_h_at_70kg,1525.1347575111902,ng*h/mL,,,dose_over_cl,consistency_check,dose_over_cl,,,,,not_applicable,,,,,,,,,,,,,,,derived_target,Computed target; source_value=CL_abs_L_per_h_at_70kg. Not an independent literature AUC.
target,fluvoxamine,osp::fluvoxamine,po,spec_pk1_oral.yml,targets.t_half,,18.5,h,,,unknown_needs_review,check_only,,,,,,not_applicable,,,,,,,,,,,,,,,target_without_source_mapping,arithmetic_mean
model_parameter,inulin,osp::inulin,iv_bolus,spec_pk1_iv.yml,model.theta.CL,derived.CL_abs_L_per_h_at_70kg,5.61,,5.61,L/h,derived_from_reported,simulation_parameter,,source_3,https://pmc.ncbi.nlm.nih.gov/articles/PMC1873801/,3,checked,checked,,,,checked,"PMC source_3 reports healthy-subject systemic inulin clearance 93.5 mL/min, normalized to 70 kg. It is a renal/systemic IV marker clearance, not a conventional oral-drug CL.",acknowledged,93.5,mL/min,5.61,L/h,"{""bioavailability"":""N/A (IV only)"",""clearance"":""source_3 healthy-subject systemic clearance 93.5 mL/min (normalized to 70 kg)"",""elimination_route"":""腎排泄"",""half_life"":""Source_3 uses a tri-exponential IV disposition model and does not report a unique single half-life"",""legacy_secondary_half_life_summary"":""2-4 hours (not used for the canonical fixture)"",""volume_of_distribution"":""source_3 healthy-subject Vss approximately 13 L/70 kg""}",unit_conversion,93.5 mL/min * 60 min/h / 1000 mL/L,"{""route_context"":""IV_bolus_healthy_subjects"",""weight_normalization"":""70 kg""}",mapped_to_pk_derived,Compare with pk.yml derived CL and confirm apparent/systemic basis.
model_parameter,inulin,osp::inulin,iv_bolus,spec_pk1_iv.yml,model.theta.V,derived.V_abs_L_at_70kg,13.0,,13.0,L,derived_from_reported,simulation_parameter,,source_3,https://pmc.ncbi.nlm.nih.gov/articles/PMC1873801/,3,checked,checked,,,,checked,"PMC source_3 reports healthy-subject Vss approximately 13 L/70 kg and describes tri-exponential inulin disposition. The value is retained as a one-compartment fixture volume, not as evidence that inulin is one-compartmental.",acknowledged,13.0,L/70 kg,13.0,L,"{""bioavailability"":""N/A (IV only)"",""clearance"":""source_3 healthy-subject systemic clearance 93.5 mL/min (normalized to 70 kg)"",""elimination_route"":""腎排泄"",""half_life"":""Source_3 uses a tri-exponential IV disposition model and does not report a unique single half-life"",""legacy_secondary_half_life_summary"":""2-4 hours (not used for the canonical fixture)"",""volume_of_distribution"":""source_3 healthy-subject Vss approximately 13 L/70 kg""}",direct,source_3 reports Vss approximately 13 L/70 kg,"{""route_context"":""IV_bolus_healthy_subjects""}",mapped_to_pk_derived,Compare with pk.yml derived V and confirm apparent/systemic basis.
model_variability,inulin,osp::inulin,iv_bolus,spec_pk1_iv.yml,iiv.eta.CL,,0.09,omega^2,,,fixture_policy,simulation_parameter,,,,,,not_applicable,,,,,,,,,,,,,,,fixture_policy_no_external_source,IIV/residual-error value from the demo spec; not a direct literature estimate unless separately mapped.
model_variability,inulin,osp::inulin,iv_bolus,spec_pk1_iv.yml,iiv.eta.V,,0.04,omega^2,,,fixture_policy,simulation_parameter,,,,,,not_applicable,,,,,,,,,,,,,,,fixture_policy_no_external_source,IIV/residual-error value from the demo spec; not a direct literature estimate unless separately mapped.
model_variability,inulin,osp::inulin,iv_bolus,spec_pk1_iv.yml,residual.add,,0.0,concentration,,,fixture_policy,simulation_parameter,,,,,,not_applicable,,,,,,,,,,,,,,,fixture_policy_no_external_source,IIV/residual-error value from the demo spec; not a direct literature estimate unless separately mapped.
model_variability,inulin,osp::inulin,iv_bolus,spec_pk1_iv.yml,residual.prop,,0.25,fraction,,,fixture_policy,simulation_parameter,,,,,,not_applicable,,,,,,,,,,,,,,,fixture_policy_no_external_source,IIV/residual-error value from the demo spec; not a direct literature estimate unless separately mapped.
pk_parameter,inulin,osp::inulin,iv,spec_pk1_iv.yml,CL_abs_L_per_h_at_70kg,healthy_subject_systemic_clearance,5.61,L/h,5.61,L/h,literature_reported,simulation_parameter,,source_3,https://pmc.ncbi.nlm.nih.gov/articles/PMC1873801/,3,checked,checked,,,,checked,"PMC source_3 reports healthy-subject systemic inulin clearance 93.5 mL/min, normalized to 70 kg. It is a renal/systemic IV marker clearance, not a conventional oral-drug CL.",acknowledged,93.5,mL/min,5.61,L/h,"{""bioavailability"":""N/A (IV only)"",""clearance"":""source_3 healthy-subject systemic clearance 93.5 mL/min (normalized to 70 kg)"",""elimination_route"":""腎排泄"",""half_life"":""Source_3 uses a tri-exponential IV disposition model and does not report a unique single half-life"",""legacy_secondary_half_life_summary"":""2-4 hours (not used for the canonical fixture)"",""volume_of_distribution"":""source_3 healthy-subject Vss approximately 13 L/70 kg""}",unit_conversion,93.5 mL/min * 60 min/h / 1000 mL/L,"{""route_context"":""IV_bolus_healthy_subjects"",""weight_normalization"":""70 kg""}",value_level_metadata,Canonical independent CL/V values used by the 1-compartment fixture; inspect basis and conversion before external use.
pk_parameter,inulin,osp::inulin,iv,spec_pk1_iv.yml,CL_systemic_L_per_h_at_70kg,derived.CL_systemic_L_per_h_at_70kg,5.61,L/h,,,derived_from_reported,derived_output,,,,,,source_url_present_not_parameter_mapped,,,,,,,,,,,"{""bioavailability"":""N/A (IV only)"",""clearance"":""source_3 healthy-subject systemic clearance 93.5 mL/min (normalized to 70 kg)"",""elimination_route"":""腎排泄"",""half_life"":""Source_3 uses a tri-exponential IV disposition model and does not report a unique single half-life"",""legacy_secondary_half_life_summary"":""2-4 hours (not used for the canonical fixture)"",""volume_of_distribution"":""source_3 healthy-subject Vss approximately 13 L/70 kg""}",,derived.CL_apparent_L_per_h_at_70kg * pk_parsed.bioavailability_frac,,derived_from_pk_yml_source_fields,Derived systemic value; do not treat as directly reported unless the source mapping says so.
pk_parameter,inulin,osp::inulin,iv,spec_pk1_iv.yml,V_abs_L_at_70kg,healthy_subject_Vss,13.0,L,13.0,L,literature_reported,simulation_parameter,,source_3,https://pmc.ncbi.nlm.nih.gov/articles/PMC1873801/,3,checked,checked,,,,checked,"PMC source_3 reports healthy-subject Vss approximately 13 L/70 kg and describes tri-exponential inulin disposition. The value is retained as a one-compartment fixture volume, not as evidence that inulin is one-compartmental.",acknowledged,13.0,L/70 kg,13.0,L,"{""bioavailability"":""N/A (IV only)"",""clearance"":""source_3 healthy-subject systemic clearance 93.5 mL/min (normalized to 70 kg)"",""elimination_route"":""腎排泄"",""half_life"":""Source_3 uses a tri-exponential IV disposition model and does not report a unique single half-life"",""legacy_secondary_half_life_summary"":""2-4 hours (not used for the canonical fixture)"",""volume_of_distribution"":""source_3 healthy-subject Vss approximately 13 L/70 kg""}",direct,source_3 reports Vss approximately 13 L/70 kg,"{""route_context"":""IV_bolus_healthy_subjects""}",value_level_metadata,Canonical independent CL/V values used by the 1-compartment fixture; inspect basis and conversion before external use.
pk_parameter,inulin,osp::inulin,iv,spec_pk1_iv.yml,V_systemic_L_at_70kg,derived.V_systemic_L_at_70kg,13.0,L,,,derived_from_reported,derived_output,,,,,,source_url_present_not_parameter_mapped,,,,,,,,,,,"{""bioavailability"":""N/A (IV only)"",""clearance"":""source_3 healthy-subject systemic clearance 93.5 mL/min (normalized to 70 kg)"",""elimination_route"":""腎排泄"",""half_life"":""Source_3 uses a tri-exponential IV disposition model and does not report a unique single half-life"",""legacy_secondary_half_life_summary"":""2-4 hours (not used for the canonical fixture)"",""volume_of_distribution"":""source_3 healthy-subject Vss approximately 13 L/70 kg""}",,derived.V_apparent_L_at_70kg * pk_parsed.bioavailability_frac,,derived_from_pk_yml_source_fields,Derived systemic value; do not treat as directly reported unless the source mapping says so.
pk_parameter,inulin,osp::inulin,iv,spec_pk1_iv.yml,bioavailability,pk_parsed.bioavailability_frac,1.0,fraction,,,,,,,,,,source_url_present_not_parameter_mapped,,,,,,,,,,,"{""bioavailability"":""N/A (IV only)"",""clearance"":""source_3 healthy-subject systemic clearance 93.5 mL/min (normalized to 70 kg)"",""elimination_route"":""腎排泄"",""half_life"":""Source_3 uses a tri-exponential IV disposition model and does not report a unique single half-life"",""legacy_secondary_half_life_summary"":""2-4 hours (not used for the canonical fixture)"",""volume_of_distribution"":""source_3 healthy-subject Vss approximately 13 L/70 kg""}",,,,source_url_present_not_parameter_mapped,Used to distinguish apparent CL/F or V/F from systemic CL/V; model F1 may intentionally differ.
pk_parameter,inulin,osp::inulin,iv,spec_pk1_iv.yml,clearance,healthy_subject_systemic_clearance,5.61,L/h,5.61,L/h,literature_reported,simulation_parameter,,source_3,https://pmc.ncbi.nlm.nih.gov/articles/PMC1873801/,3,checked,checked,,,,checked,"PMC source_3 reports healthy-subject systemic inulin clearance 93.5 mL/min, normalized to 70 kg. It is a renal/systemic IV marker clearance, not a conventional oral-drug CL.",acknowledged,93.5,mL/min,5.61,L/h,"{""bioavailability"":""N/A (IV only)"",""clearance"":""source_3 healthy-subject systemic clearance 93.5 mL/min (normalized to 70 kg)"",""elimination_route"":""腎排泄"",""half_life"":""Source_3 uses a tri-exponential IV disposition model and does not report a unique single half-life"",""legacy_secondary_half_life_summary"":""2-4 hours (not used for the canonical fixture)"",""volume_of_distribution"":""source_3 healthy-subject Vss approximately 13 L/70 kg""}",unit_conversion,93.5 mL/min * 60 min/h / 1000 mL/L,"{""route_context"":""IV_bolus_healthy_subjects"",""weight_normalization"":""70 kg""}",value_level_metadata,
pk_parameter,inulin,osp::inulin,iv,spec_pk1_iv.yml,ke_1_per_h,derived.ke_1_per_h,0.43153846153846154,1/h,,,derived_from_reported,derived_output,,,,,,source_url_present_not_parameter_mapped,,,,,,,,,,,"{""bioavailability"":""N/A (IV only)"",""clearance"":""source_3 healthy-subject systemic clearance 93.5 mL/min (normalized to 70 kg)"",""elimination_route"":""腎排泄"",""half_life"":""Source_3 uses a tri-exponential IV disposition model and does not report a unique single half-life"",""legacy_secondary_half_life_summary"":""2-4 hours (not used for the canonical fixture)"",""volume_of_distribution"":""source_3 healthy-subject Vss approximately 13 L/70 kg""}",,derived.CL_abs_L_per_h_at_70kg / derived.V_abs_L_at_70kg,,derived_from_pk_yml_source_fields,
pk_parameter,inulin,osp::inulin,iv,spec_pk1_iv.yml,t_half_h,one_compartment_half_life_derived_from_source_CL_and_Vss,1.6062234130622617,h,1.6062234130622617,h,derived_from_reported,check_only,,source_3,https://pmc.ncbi.nlm.nih.gov/articles/PMC1873801/,3,checked,checked,,,,checked,Source_3 explicitly states that inulin disposition is best described by a tri-exponential model and does not provide a unique single half-life. The committed 1.606 h is therefore derived only to make the one-compartment fixture self-consistent; it must not be presented as an observed inulin half-life.,acknowledged,1.6062234130622617,h,1.6062234130622617,h,"{""bioavailability"":""N/A (IV only)"",""clearance"":""source_3 healthy-subject systemic clearance 93.5 mL/min (normalized to 70 kg)"",""elimination_route"":""腎排泄"",""half_life"":""Source_3 uses a tri-exponential IV disposition model and does not report a unique single half-life"",""legacy_secondary_half_life_summary"":""2-4 hours (not used for the canonical fixture)"",""volume_of_distribution"":""source_3 healthy-subject Vss approximately 13 L/70 kg""}",derived_formula,ln(2) * 13 L / 5.61 L/h,"{""no_unique_source_single_half_life"":true,""source_tri_exponential"":true}",value_level_metadata,
pk_parameter,inulin,osp::inulin,iv,spec_pk1_iv.yml,volume,healthy_subject_Vss,13.0,L,13.0,L,literature_reported,simulation_parameter,,source_3,https://pmc.ncbi.nlm.nih.gov/articles/PMC1873801/,3,checked,checked,,,,checked,"PMC source_3 reports healthy-subject Vss approximately 13 L/70 kg and describes tri-exponential inulin disposition. The value is retained as a one-compartment fixture volume, not as evidence that inulin is one-compartmental.",acknowledged,13.0,L/70 kg,13.0,L,"{""bioavailability"":""N/A (IV only)"",""clearance"":""source_3 healthy-subject systemic clearance 93.5 mL/min (normalized to 70 kg)"",""elimination_route"":""腎排泄"",""half_life"":""Source_3 uses a tri-exponential IV disposition model and does not report a unique single half-life"",""legacy_secondary_half_life_summary"":""2-4 hours (not used for the canonical fixture)"",""volume_of_distribution"":""source_3 healthy-subject Vss approximately 13 L/70 kg""}",direct,source_3 reports Vss approximately 13 L/70 kg,"{""route_context"":""IV_bolus_healthy_subjects""}",value_level_metadata,
target,inulin,osp::inulin,iv,spec_pk1_iv.yml,targets.auc,CL_abs_L_per_h_at_70kg,17825.311942959,ng*h/mL,,,dose_over_cl,consistency_check,dose_over_cl,,,,,not_applicable,,,,,,,,,,,,,,,derived_target,Computed target; source_value=CL_abs_L_per_h_at_70kg. Not an independent literature AUC.
target,inulin,osp::inulin,iv,spec_pk1_iv.yml,targets.t_half,,1.6062234130622617,h,,,unknown_needs_review,check_only,,,,,,not_applicable,,,,,,,,,,,,,,,target_without_source_mapping,arithmetic_mean
model_parameter,itraconazole,osp::itraconazole,oral,spec_pk1_oral.yml,model.theta.ALAG1,,0.5,,,,fixture_policy,simulation_parameter,,,,,,not_applicable,,,,,,,,,,,"{""bioavailability"":""55%"",""clearance"":""278 mL/min"",""elimination_route"":""肝代謝, 腎排泄, 糞便排泄"",""half_life"":""16-28 hours (single dose), 34-42 hours (repeated dosing)"",""volume_of_distribution"":"">700 L""}",,,,fixture_policy_no_external_source,Absorption parameter supplied by the demo spec; add a drug-specific source mapping before treating it as literature-supported.
model_parameter,itraconazole,osp::itraconazole,oral,spec_pk1_oral.yml,model.theta.CL,derived.CL_abs_L_per_h_at_70kg,16.68,,16.68,L/h,derived_from_reported,simulation_parameter,,source_1,https://dailymed.nlm.nih.gov/dailymed/drugInfo.cfm?setid=b1274d78-1096-4ae3-8299-a2e94eaa0ea5,1,checked,checked,,,,checked,DailyMed source_1 reports mean total plasma clearance following intravenous administration as 278 mL/min; this supports a systemic CL interpretation. Clearance is used as a deterministic fixture model parameter and is not recalibrated to force agreement with terminal half-life.,not_applicable,278.0,mL/min,16.68,L/h,"{""bioavailability"":""55%"",""clearance"":""278 mL/min"",""elimination_route"":""肝代謝, 腎排泄, 糞便排泄"",""half_life"":""16-28 hours (single dose), 34-42 hours (repeated dosing)"",""volume_of_distribution"":"">700 L""}",unit_conversion,278 mL/min * 60 min/h / 1000 mL/L,{},mapped_to_pk_derived,Compare with pk.yml derived CL and confirm apparent/systemic basis.
model_parameter,itraconazole,osp::itraconazole,oral,spec_pk1_oral.yml,model.theta.F1,pk_parsed.bioavailability_frac,0.55,fraction,,,fixture_policy,simulation_parameter,,,,,,not_applicable,,,,,,,,,,,"{""bioavailability"":""55%"",""clearance"":""278 mL/min"",""elimination_route"":""肝代謝, 腎排泄, 糞便排泄"",""half_life"":""16-28 hours (single dose), 34-42 hours (repeated dosing)"",""volume_of_distribution"":"">700 L""}",,,,fixture_policy_apparent_parameters,"Oral fixture may set F1=1 while CL/V remain apparent values; this is a parameterization policy, not a source claim."
model_parameter,itraconazole,osp::itraconazole,oral,spec_pk1_oral.yml,model.theta.KA,,1.2,,,,fixture_policy,simulation_parameter,,,,,,not_applicable,,,,,,,,,,,"{""bioavailability"":""55%"",""clearance"":""278 mL/min"",""elimination_route"":""肝代謝, 腎排泄, 糞便排泄"",""half_life"":""16-28 hours (single dose), 34-42 hours (repeated dosing)"",""volume_of_distribution"":"">700 L""}",,,,fixture_policy_no_external_source,Absorption parameter supplied by the demo spec; add a drug-specific source mapping before treating it as literature-supported.
model_parameter,itraconazole,osp::itraconazole,oral,spec_pk1_oral.yml,model.theta.V,derived.V_abs_L_at_70kg,700.0,,700.0,L,derived_from_reported,simulation_parameter,,source_1,https://dailymed.nlm.nih.gov/dailymed/drugInfo.cfm?setid=b1274d78-1096-4ae3-8299-a2e94eaa0ea5,1,checked,checked,,,,checked,DailyMed source_1 reports itraconazole is distributed in a large apparent volume greater than 700 L. Canonical V_abs_L_at_70kg retains the lower-bound fixture value and is not recalibrated to force agreement with terminal half-life.,not_applicable,>700,L,700.0,L,"{""bioavailability"":""55%"",""clearance"":""278 mL/min"",""elimination_route"":""肝代謝, 腎排泄, 糞便排泄"",""half_life"":""16-28 hours (single dose), 34-42 hours (repeated dosing)"",""volume_of_distribution"":"">700 L""}",derived_formula,lower bound of reported apparent volume (>700 L),"{""censored_value"":""lower_bound""}",mapped_to_pk_derived,Compare with pk.yml derived V and confirm apparent/systemic basis.
model_variability,itraconazole,osp::itraconazole,oral,spec_pk1_oral.yml,iiv.eta.CL,,0.09,omega^2,,,fixture_policy,simulation_parameter,,,,,,not_applicable,,,,,,,,,,,,,,,fixture_policy_no_external_source,IIV/residual-error value from the demo spec; not a direct literature estimate unless separately mapped.
model_variability,itraconazole,osp::itraconazole,oral,spec_pk1_oral.yml,iiv.eta.KA,,0.16,omega^2,,,fixture_policy,simulation_parameter,,,,,,not_applicable,,,,,,,,,,,,,,,fixture_policy_no_external_source,IIV/residual-error value from the demo spec; not a direct literature estimate unless separately mapped.
model_variability,itraconazole,osp::itraconazole,oral,spec_pk1_oral.yml,iiv.eta.V,,0.04,omega^2,,,fixture_policy,simulation_parameter,,,,,,not_applicable,,,,,,,,,,,,,,,fixture_policy_no_external_source,IIV/residual-error value from the demo spec; not a direct literature estimate unless separately mapped.
model_variability,itraconazole,osp::itraconazole,oral,spec_pk1_oral.yml,residual.add,,0.0,concentration,,,fixture_policy,simulation_parameter,,,,,,not_applicable,,,,,,,,,,,,,,,fixture_policy_no_external_source,IIV/residual-error value from the demo spec; not a direct literature estimate unless separately mapped.
model_variability,itraconazole,osp::itraconazole,oral,spec_pk1_oral.yml,residual.prop,,0.25,fraction,,,fixture_policy,simulation_parameter,,,,,,not_applicable,,,,,,,,,,,,,,,fixture_policy_no_external_source,IIV/residual-error value from the demo spec; not a direct literature estimate unless separately mapped.
pk_parameter,itraconazole,osp::itraconazole,po,spec_pk1_oral.yml,CL_abs_L_per_h_at_70kg,mean_total_plasma_clearance_iv,16.68,L/h,16.68,L/h,label_reported,simulation_parameter,,source_1,https://dailymed.nlm.nih.gov/dailymed/drugInfo.cfm?setid=b1274d78-1096-4ae3-8299-a2e94eaa0ea5,1,checked,checked,,,,checked,DailyMed source_1 reports mean total plasma clearance following intravenous administration as 278 mL/min; this supports a systemic CL interpretation. Clearance is used as a deterministic fixture model parameter and is not recalibrated to force agreement with terminal half-life.,not_applicable,278.0,mL/min,16.68,L/h,"{""bioavailability"":""55%"",""clearance"":""278 mL/min"",""elimination_route"":""肝代謝, 腎排泄, 糞便排泄"",""half_life"":""16-28 hours (single dose), 34-42 hours (repeated dosing)"",""volume_of_distribution"":"">700 L""}",unit_conversion,278 mL/min * 60 min/h / 1000 mL/L,{},value_level_metadata,Canonical independent CL/V values used by the 1-compartment fixture; inspect basis and conversion before external use.
pk_parameter,itraconazole,osp::itraconazole,po,spec_pk1_oral.yml,CL_systemic_L_per_h_at_70kg,derived.CL_systemic_L_per_h_at_70kg,16.68,L/h,,,derived_from_reported,derived_output,,,,,,source_url_present_not_parameter_mapped,,,,,,,,,,,"{""bioavailability"":""55%"",""clearance"":""278 mL/min"",""elimination_route"":""肝代謝, 腎排泄, 糞便排泄"",""half_life"":""16-28 hours (single dose), 34-42 hours (repeated dosing)"",""volume_of_distribution"":"">700 L""}",,derived.CL_apparent_L_per_h_at_70kg * pk_parsed.bioavailability_frac,,derived_from_pk_yml_source_fields,Derived systemic value; do not treat as directly reported unless the source mapping says so.
pk_parameter,itraconazole,osp::itraconazole,po,spec_pk1_oral.yml,V_abs_L_at_70kg,large_apparent_volume_of_distribution,700.0,L,700.0,L,derived_from_reported,simulation_parameter,,source_1,https://dailymed.nlm.nih.gov/dailymed/drugInfo.cfm?setid=b1274d78-1096-4ae3-8299-a2e94eaa0ea5,1,checked,checked,,,,checked,DailyMed source_1 reports itraconazole is distributed in a large apparent volume greater than 700 L. Canonical V_abs_L_at_70kg retains the lower-bound fixture value and is not recalibrated to force agreement with terminal half-life.,not_applicable,>700,L,700.0,L,"{""bioavailability"":""55%"",""clearance"":""278 mL/min"",""elimination_route"":""肝代謝, 腎排泄, 糞便排泄"",""half_life"":""16-28 hours (single dose), 34-42 hours (repeated dosing)"",""volume_of_distribution"":"">700 L""}",derived_formula,lower bound of reported apparent volume (>700 L),"{""censored_value"":""lower_bound""}",value_level_metadata,Canonical independent CL/V values used by the 1-compartment fixture; inspect basis and conversion before external use.
pk_parameter,itraconazole,osp::itraconazole,po,spec_pk1_oral.yml,V_systemic_L_at_70kg,derived.V_systemic_L_at_70kg,700.0,L,,,derived_from_reported,derived_output,,,,,,source_url_present_not_parameter_mapped,,,,,,,,,,,"{""bioavailability"":""55%"",""clearance"":""278 mL/min"",""elimination_route"":""肝代謝, 腎排泄, 糞便排泄"",""half_life"":""16-28 hours (single dose), 34-42 hours (repeated dosing)"",""volume_of_distribution"":"">700 L""}",,derived.V_apparent_L_at_70kg * pk_parsed.bioavailability_frac,,derived_from_pk_yml_source_fields,Derived systemic value; do not treat as directly reported unless the source mapping says so.
pk_parameter,itraconazole,osp::itraconazole,po,spec_pk1_oral.yml,bioavailability,pk_parsed.bioavailability_frac,0.55,fraction,,,,,,,,,,source_url_present_not_parameter_mapped,,,,,,,,,,,"{""bioavailability"":""55%"",""clearance"":""278 mL/min"",""elimination_route"":""肝代謝, 腎排泄, 糞便排泄"",""half_life"":""16-28 hours (single dose), 34-42 hours (repeated dosing)"",""volume_of_distribution"":"">700 L""}",,,,source_url_present_not_parameter_mapped,Used to distinguish apparent CL/F or V/F from systemic CL/V; model F1 may intentionally differ.
pk_parameter,itraconazole,osp::itraconazole,po,spec_pk1_oral.yml,clearance,mean_total_plasma_clearance_iv,16.68,L/h,16.68,L/h,label_reported,simulation_parameter,,source_1,https://dailymed.nlm.nih.gov/dailymed/drugInfo.cfm?setid=b1274d78-1096-4ae3-8299-a2e94eaa0ea5,1,checked,checked,,,,checked,DailyMed source_1 reports mean total plasma clearance following intravenous administration as 278 mL/min; this supports a systemic CL interpretation. Clearance is used as a deterministic fixture model parameter and is not recalibrated to force agreement with terminal half-life.,not_applicable,278.0,mL/min,16.68,L/h,"{""bioavailability"":""55%"",""clearance"":""278 mL/min"",""elimination_route"":""肝代謝, 腎排泄, 糞便排泄"",""half_life"":""16-28 hours (single dose), 34-42 hours (repeated dosing)"",""volume_of_distribution"":"">700 L""}",unit_conversion,278 mL/min * 60 min/h / 1000 mL/L,{},value_level_metadata,
pk_parameter,itraconazole,osp::itraconazole,po,spec_pk1_oral.yml,ke_1_per_h,derived.ke_1_per_h,0.023828571428571428,1/h,,,derived_from_reported,derived_output,,,,,,source_url_present_not_parameter_mapped,,,,,,,,,,,"{""bioavailability"":""55%"",""clearance"":""278 mL/min"",""elimination_route"":""肝代謝, 腎排泄, 糞便排泄"",""half_life"":""16-28 hours (single dose), 34-42 hours (repeated dosing)"",""volume_of_distribution"":"">700 L""}",,derived.CL_abs_L_per_h_at_70kg / derived.V_abs_L_at_70kg,,derived_from_pk_yml_source_fields,
pk_parameter,itraconazole,osp::itraconazole,po,spec_pk1_oral.yml,t_half_h,terminal_half_life_single_dose_range,22.0,h,22.0,h,derived_from_reported,check_only,,source_1,https://dailymed.nlm.nih.gov/dailymed/drugInfo.cfm?setid=b1274d78-1096-4ae3-8299-a2e94eaa0ea5,1,checked,checked,,,,checked,DailyMed source_1 reports itraconazole terminal half-life of 16 to 28 h after single dose and 34 to 42 h with repeated dosing. Canonical t_half_h retains the single-dose midpoint and remains a check target only. CL and V are not jointly calibrated to match terminal half-life in this deterministic one-compartment fixture.,acknowledged,16-28,h,22.0,h,"{""bioavailability"":""55%"",""clearance"":""278 mL/min"",""elimination_route"":""肝代謝, 腎排泄, 糞便排泄"",""half_life"":""16-28 hours (single dose), 34-42 hours (repeated dosing)"",""volume_of_distribution"":"">700 L""}",derived_formula,midpoint of reported single-dose terminal half-life range (16 to 28 h),"{""range_summary"":""midpoint""}",value_level_metadata,
pk_parameter,itraconazole,osp::itraconazole,po,spec_pk1_oral.yml,volume,large_apparent_volume_of_distribution,700.0,L,700.0,L,derived_from_reported,simulation_parameter,,source_1,https://dailymed.nlm.nih.gov/dailymed/drugInfo.cfm?setid=b1274d78-1096-4ae3-8299-a2e94eaa0ea5,1,checked,checked,,,,checked,DailyMed source_1 reports itraconazole is distributed in a large apparent volume greater than 700 L. Canonical V_abs_L_at_70kg retains the lower-bound fixture value and is not recalibrated to force agreement with terminal half-life.,not_applicable,>700,L,700.0,L,"{""bioavailability"":""55%"",""clearance"":""278 mL/min"",""elimination_route"":""肝代謝, 腎排泄, 糞便排泄"",""half_life"":""16-28 hours (single dose), 34-42 hours (repeated dosing)"",""volume_of_distribution"":"">700 L""}",derived_formula,lower bound of reported apparent volume (>700 L),"{""censored_value"":""lower_bound""}",value_level_metadata,
target,itraconazole,osp::itraconazole,po,spec_pk1_oral.yml,targets.auc,CL_systemic_L_per_h_at_70kg,3297.3621103117507,ng*h/mL,,,f_dose_over_cl,consistency_check,f_dose_over_cl,,,,,not_applicable,,,,,,,,,,,,,,,target_without_source_mapping,fixture_consistency_check
target,itraconazole,osp::itraconazole,po,spec_pk1_oral.yml,targets.t_half,,22.0,h,,,unknown_needs_review,check_only,,,,,,not_applicable,,,,,,,,,,,,,,,target_without_source_mapping,arithmetic_mean
model_parameter,mefenamic_acid,osp::mefenamic_acid,oral,spec_pk1_oral.yml,model.theta.ALAG1,,0.5,,,,fixture_policy,simulation_parameter,,,,,,not_applicable,,,,,,,,,,,"{""bioavailability"":null,""clearance"":""21.13 L/hr"",""elimination_route"":""腎排泄+肝代謝"",""half_life"":""2-4 hours"",""volume_of_distribution"":""1.06 L/kg""}",,,,fixture_policy_no_external_source,Absorption parameter supplied by the demo spec; add a drug-specific source mapping before treating it as literature-supported.
model_parameter,mefenamic_acid,osp::mefenamic_acid,oral,spec_pk1_oral.yml,model.theta.CL,derived.CL_abs_L_per_h_at_70kg,21.13,,21.13,L/h,derived_from_reported,simulation_parameter,,source_1,https://dailymed.nlm.nih.gov/dailymed/fda/fdaDrugXsl.cfm?setid=d0291319-ab3e-20c8-e053-2a95a90afabb,1,checked,checked,,,,checked,DailyMed source_1 reports oral clearance of 21.13 L/h in normal healthy adults. The fixture treats this as apparent oral clearance and does not infer systemic CL from the bioavailability range.,not_applicable,21.13,L/h,21.13,L/h,"{""bioavailability"":null,""clearance"":""21.13 L/hr"",""elimination_route"":""腎排泄+肝代謝"",""half_life"":""2-4 hours"",""volume_of_distribution"":""1.06 L/kg""}",direct,pk_parsed.clearance.value,"{""basis"":""oral_clearance""}",mapped_to_pk_derived,Compare with pk.yml derived CL and confirm apparent/systemic basis.
model_parameter,mefenamic_acid,osp::mefenamic_acid,oral,spec_pk1_oral.yml,model.theta.F1,pk_parsed.bioavailability_frac,1.0,fraction,,,fixture_policy,simulation_parameter,,,,,,not_applicable,,,,,,,,,,,"{""bioavailability"":null,""clearance"":""21.13 L/hr"",""elimination_route"":""腎排泄+肝代謝"",""half_life"":""2-4 hours"",""volume_of_distribution"":""1.06 L/kg""}",,,,fixture_policy_apparent_parameters,"Oral fixture may set F1=1 while CL/V remain apparent values; this is a parameterization policy, not a source claim."
model_parameter,mefenamic_acid,osp::mefenamic_acid,oral,spec_pk1_oral.yml,model.theta.KA,,1.2,,,,fixture_policy,simulation_parameter,,,,,,not_applicable,,,,,,,,,,,"{""bioavailability"":null,""clearance"":""21.13 L/hr"",""elimination_route"":""腎排泄+肝代謝"",""half_life"":""2-4 hours"",""volume_of_distribution"":""1.06 L/kg""}",,,,fixture_policy_no_external_source,Absorption parameter supplied by the demo spec; add a drug-specific source mapping before treating it as literature-supported.
model_parameter,mefenamic_acid,osp::mefenamic_acid,oral,spec_pk1_oral.yml,model.theta.V,derived.V_abs_L_at_70kg,74.2,,74.2,L,derived_from_reported,simulation_parameter,,source_1,https://dailymed.nlm.nih.gov/dailymed/fda/fdaDrugXsl.cfm?setid=d0291319-ab3e-20c8-e053-2a95a90afabb,1,checked,checked,,,,checked,DailyMed source_1 reports apparent Vz/F of 1.06 L/kg after oral dosing. The fixture scales the reported apparent value to the explicit 70 kg reference.,not_applicable,1.06,L/kg,74.2,L,"{""bioavailability"":null,""clearance"":""21.13 L/hr"",""elimination_route"":""腎排泄+肝代謝"",""half_life"":""2-4 hours"",""volume_of_distribution"":""1.06 L/kg""}",body_weight_scaled,1.06 L/kg * 70 kg,"{""basis"":""Vz_over_F"",""weight_ref_kg_for_abs"":70.0}",mapped_to_pk_derived,Compare with pk.yml derived V and confirm apparent/systemic basis.
model_variability,mefenamic_acid,osp::mefenamic_acid,oral,spec_pk1_oral.yml,iiv.eta.CL,,0.09,omega^2,,,fixture_policy,simulation_parameter,,,,,,not_applicable,,,,,,,,,,,,,,,fixture_policy_no_external_source,IIV/residual-error value from the demo spec; not a direct literature estimate unless separately mapped.
model_variability,mefenamic_acid,osp::mefenamic_acid,oral,spec_pk1_oral.yml,iiv.eta.KA,,0.16,omega^2,,,fixture_policy,simulation_parameter,,,,,,not_applicable,,,,,,,,,,,,,,,fixture_policy_no_external_source,IIV/residual-error value from the demo spec; not a direct literature estimate unless separately mapped.
model_variability,mefenamic_acid,osp::mefenamic_acid,oral,spec_pk1_oral.yml,iiv.eta.V,,0.04,omega^2,,,fixture_policy,simulation_parameter,,,,,,not_applicable,,,,,,,,,,,,,,,fixture_policy_no_external_source,IIV/residual-error value from the demo spec; not a direct literature estimate unless separately mapped.
model_variability,mefenamic_acid,osp::mefenamic_acid,oral,spec_pk1_oral.yml,residual.add,,0.0,concentration,,,fixture_policy,simulation_parameter,,,,,,not_applicable,,,,,,,,,,,,,,,fixture_policy_no_external_source,IIV/residual-error value from the demo spec; not a direct literature estimate unless separately mapped.
model_variability,mefenamic_acid,osp::mefenamic_acid,oral,spec_pk1_oral.yml,residual.prop,,0.25,fraction,,,fixture_policy,simulation_parameter,,,,,,not_applicable,,,,,,,,,,,,,,,fixture_policy_no_external_source,IIV/residual-error value from the demo spec; not a direct literature estimate unless separately mapped.
pk_parameter,mefenamic_acid,osp::mefenamic_acid,po,spec_pk1_oral.yml,CL_abs_L_per_h_at_70kg,oral_clearance_in_normal_healthy_adults,21.13,L/h,21.13,L/h,literature_reported,simulation_parameter,,source_1,https://dailymed.nlm.nih.gov/dailymed/fda/fdaDrugXsl.cfm?setid=d0291319-ab3e-20c8-e053-2a95a90afabb,1,checked,checked,,,,checked,DailyMed source_1 reports oral clearance of 21.13 L/h in normal healthy adults. The fixture treats this as apparent oral clearance and does not infer systemic CL from the bioavailability range.,not_applicable,21.13,L/h,21.13,L/h,"{""bioavailability"":null,""clearance"":""21.13 L/hr"",""elimination_route"":""腎排泄+肝代謝"",""half_life"":""2-4 hours"",""volume_of_distribution"":""1.06 L/kg""}",direct,pk_parsed.clearance.value,"{""basis"":""oral_clearance""}",value_level_metadata,Canonical independent CL/V values used by the 1-compartment fixture; inspect basis and conversion before external use.
pk_parameter,mefenamic_acid,osp::mefenamic_acid,po,spec_pk1_oral.yml,V_abs_L_at_70kg,apparent_volume_Vz_over_F_in_normal_healthy_adults,74.2,L,74.2,L,literature_reported,simulation_parameter,,source_1,https://dailymed.nlm.nih.gov/dailymed/fda/fdaDrugXsl.cfm?setid=d0291319-ab3e-20c8-e053-2a95a90afabb,1,checked,checked,,,,checked,DailyMed source_1 reports apparent Vz/F of 1.06 L/kg after oral dosing. The fixture scales the reported apparent value to the explicit 70 kg reference.,not_applicable,1.06,L/kg,74.2,L,"{""bioavailability"":null,""clearance"":""21.13 L/hr"",""elimination_route"":""腎排泄+肝代謝"",""half_life"":""2-4 hours"",""volume_of_distribution"":""1.06 L/kg""}",body_weight_scaled,1.06 L/kg * 70 kg,"{""basis"":""Vz_over_F"",""weight_ref_kg_for_abs"":70.0}",value_level_metadata,Canonical independent CL/V values used by the 1-compartment fixture; inspect basis and conversion before external use.
pk_parameter,mefenamic_acid,osp::mefenamic_acid,po,spec_pk1_oral.yml,clearance,oral_clearance_in_normal_healthy_adults,21.13,L/h,21.13,L/h,literature_reported,simulation_parameter,,source_1,https://dailymed.nlm.nih.gov/dailymed/fda/fdaDrugXsl.cfm?setid=d0291319-ab3e-20c8-e053-2a95a90afabb,1,checked,checked,,,,checked,DailyMed source_1 reports oral clearance of 21.13 L/h in normal healthy adults. The fixture treats this as apparent oral clearance and does not infer systemic CL from the bioavailability range.,not_applicable,21.13,L/h,21.13,L/h,"{""bioavailability"":null,""clearance"":""21.13 L/hr"",""elimination_route"":""腎排泄+肝代謝"",""half_life"":""2-4 hours"",""volume_of_distribution"":""1.06 L/kg""}",direct,pk_parsed.clearance.value,"{""basis"":""oral_clearance""}",value_level_metadata,
pk_parameter,mefenamic_acid,osp::mefenamic_acid,po,spec_pk1_oral.yml,ke_1_per_h,derived.ke_1_per_h,0.2847708894878706,1/h,,,derived_from_reported,derived_output,,,,,,source_url_present_not_parameter_mapped,,,,,,,,,,,"{""bioavailability"":null,""clearance"":""21.13 L/hr"",""elimination_route"":""腎排泄+肝代謝"",""half_life"":""2-4 hours"",""volume_of_distribution"":""1.06 L/kg""}",,derived.CL_abs_L_per_h_at_70kg / derived.V_abs_L_at_70kg,,derived_from_pk_yml_source_fields,
pk_parameter,mefenamic_acid,osp::mefenamic_acid,po,spec_pk1_oral.yml,t_half_h,oral_half_life_in_normal_healthy_adults,3.0,h,3.0,h,derived_from_reported,check_only,,source_1,https://dailymed.nlm.nih.gov/dailymed/fda/fdaDrugXsl.cfm?setid=d0291319-ab3e-20c8-e053-2a95a90afabb,1,checked,checked,,,,checked,DailyMed source_1 reports a 2 to 4 h half-life in normal healthy adults. The midpoint is check-only and is not used to force CL/V agreement.,acknowledged,2-4,h,3.0,h,"{""bioavailability"":null,""clearance"":""21.13 L/hr"",""elimination_route"":""腎排泄+肝代謝"",""half_life"":""2-4 hours"",""volume_of_distribution"":""1.06 L/kg""}",derived_formula,midpoint of reported 2-4 h range,"{""range_summary"":""midpoint""}",value_level_metadata,
pk_parameter,mefenamic_acid,osp::mefenamic_acid,po,spec_pk1_oral.yml,volume,apparent_volume_Vz_over_F_in_normal_healthy_adults,1.06,L/kg,1.06,L/kg,literature_reported,simulation_parameter,,source_1,https://dailymed.nlm.nih.gov/dailymed/fda/fdaDrugXsl.cfm?setid=d0291319-ab3e-20c8-e053-2a95a90afabb,1,checked,checked,,,,checked,DailyMed source_1 reports apparent Vz/F of 1.06 L/kg after oral dosing. The fixture scales the reported apparent value to the explicit 70 kg reference.,not_applicable,1.06,L/kg,74.2,L,"{""bioavailability"":null,""clearance"":""21.13 L/hr"",""elimination_route"":""腎排泄+肝代謝"",""half_life"":""2-4 hours"",""volume_of_distribution"":""1.06 L/kg""}",body_weight_scaled,1.06 L/kg * 70 kg,"{""basis"":""Vz_over_F"",""weight_ref_kg_for_abs"":70.0}",value_level_metadata,
target,mefenamic_acid,osp::mefenamic_acid,po,spec_pk1_oral.yml,targets.auc,CL_abs_L_per_h_at_70kg,4732.60766682442,ng*h/mL,,,dose_over_cl,consistency_check,dose_over_cl,,,,,not_applicable,,,,,,,,,,,,,,,derived_target,Computed target; source_value=CL_abs_L_per_h_at_70kg. Not an independent literature AUC.
target,mefenamic_acid,osp::mefenamic_acid,po,spec_pk1_oral.yml,targets.t_half,,3.0,h,,,unknown_needs_review,check_only,,,,,,not_applicable,,,,,,,,,,,,,,,target_without_source_mapping,arithmetic_mean
model_parameter,metoprolol,osp::metoprolol,oral,spec_pk1_oral.yml,model.theta.ALAG1,,0.5,,,,fixture_policy,simulation_parameter,,,,,,not_applicable,,,,,,,,,,,"{""bioavailability"":""約50%"",""clearance"":""48 L/h"",""elimination_route"":""肝代謝"",""half_life"":""3-7 hours"",""volume_of_distribution"":null}",,,,fixture_policy_no_external_source,Absorption parameter supplied by the demo spec; add a drug-specific source mapping before treating it as literature-supported.
model_parameter,metoprolol,osp::metoprolol,oral,spec_pk1_oral.yml,model.theta.CL,derived.CL_abs_L_per_h_at_70kg,48.0,,48.0,L/h,derived_from_reported,simulation_parameter,,source_2,https://pubmed.ncbi.nlm.nih.gov/6102500/,2,checked,checked,,,,checked,PubMed source_2 is a primary IV/oral study in healthy subjects and reports total body clearance of 0.8 +/- 0.1 L/min after 20 mg IV. The canonical value is the direct unit conversion to 48 L/h; it is not an oral CL/F value.,acknowledged,0.8,L/min,48.0,L/h,"{""bioavailability"":""約50%"",""clearance"":""48 L/h"",""elimination_route"":""肝代謝"",""half_life"":""3-7 hours"",""volume_of_distribution"":null}",unit_conversion,0.8 L/min * 60 min/h,"{""route_context"":""IV""}",mapped_to_pk_derived,Compare with pk.yml derived CL and confirm apparent/systemic basis.
model_parameter,metoprolol,osp::metoprolol,oral,spec_pk1_oral.yml,model.theta.F1,pk_parsed.bioavailability_frac,0.5,fraction,,,fixture_policy,simulation_parameter,,,,,,not_applicable,,,,,,,,,,,"{""bioavailability"":""約50%"",""clearance"":""48 L/h"",""elimination_route"":""肝代謝"",""half_life"":""3-7 hours"",""volume_of_distribution"":null}",,,,fixture_policy_apparent_parameters,"Oral fixture may set F1=1 while CL/V remain apparent values; this is a parameterization policy, not a source claim."
model_parameter,metoprolol,osp::metoprolol,oral,spec_pk1_oral.yml,model.theta.KA,,1.2,,,,fixture_policy,simulation_parameter,,,,,,not_applicable,,,,,,,,,,,"{""bioavailability"":""約50%"",""clearance"":""48 L/h"",""elimination_route"":""肝代謝"",""half_life"":""3-7 hours"",""volume_of_distribution"":null}",,,,fixture_policy_no_external_source,Absorption parameter supplied by the demo spec; add a drug-specific source mapping before treating it as literature-supported.
model_parameter,metoprolol,osp::metoprolol,oral,spec_pk1_oral.yml,model.theta.V,derived.V_abs_L_at_70kg,346.2468098133512,,346.2468098133512,L,derived_from_reported,simulation_parameter,,source_1,https://dailymed.nlm.nih.gov/dailymed/lookup.cfm?setid=cbc32a80-717b-4cf2-b76a-6d03a3720419,1,checked,checked,,,,checked,"DailyMed source_1 reports Vd 3.2-5.6 L/kg (224-392 L at the repository's 70 kg reference), which brackets the committed fixture V. The exact one-compartment value is derived, not directly reported.",acknowledged,346.2468098133512,L,346.2468098133512,L,"{""bioavailability"":""約50%"",""clearance"":""48 L/h"",""elimination_route"":""肝代謝"",""half_life"":""3-7 hours"",""volume_of_distribution"":null}",derived_formula,CL_abs_L_per_h_at_70kg * half_life_h / ln(2),"{""source_reported_volume_range_L_per_kg"":[3.2,5.6],""weight_ref_kg_for_abs"":70.0}",mapped_to_pk_derived,Compare with pk.yml derived V and confirm apparent/systemic basis.
model_variability,metoprolol,osp::metoprolol,oral,spec_pk1_oral.yml,iiv.eta.CL,,0.09,omega^2,,,fixture_policy,simulation_parameter,,,,,,not_applicable,,,,,,,,,,,,,,,fixture_policy_no_external_source,IIV/residual-error value from the demo spec; not a direct literature estimate unless separately mapped.
model_variability,metoprolol,osp::metoprolol,oral,spec_pk1_oral.yml,iiv.eta.KA,,0.16,omega^2,,,fixture_policy,simulation_parameter,,,,,,not_applicable,,,,,,,,,,,,,,,fixture_policy_no_external_source,IIV/residual-error value from the demo spec; not a direct literature estimate unless separately mapped.
model_variability,metoprolol,osp::metoprolol,oral,spec_pk1_oral.yml,iiv.eta.V,,0.04,omega^2,,,fixture_policy,simulation_parameter,,,,,,not_applicable,,,,,,,,,,,,,,,fixture_policy_no_external_source,IIV/residual-error value from the demo spec; not a direct literature estimate unless separately mapped.
model_variability,metoprolol,osp::metoprolol,oral,spec_pk1_oral.yml,residual.add,,0.0,concentration,,,fixture_policy,simulation_parameter,,,,,,not_applicable,,,,,,,,,,,,,,,fixture_policy_no_external_source,IIV/residual-error value from the demo spec; not a direct literature estimate unless separately mapped.
model_variability,metoprolol,osp::metoprolol,oral,spec_pk1_oral.yml,residual.prop,,0.25,fraction,,,fixture_policy,simulation_parameter,,,,,,not_applicable,,,,,,,,,,,,,,,fixture_policy_no_external_source,IIV/residual-error value from the demo spec; not a direct literature estimate unless separately mapped.
pk_parameter,metoprolol,osp::metoprolol,po,spec_pk1_oral.yml,CL_abs_L_per_h_at_70kg,IV_total_clearance_in_healthy_subjects,48.0,L/h,48.0,L/h,literature_reported,simulation_parameter,,source_2,https://pubmed.ncbi.nlm.nih.gov/6102500/,2,checked,checked,,,,checked,PubMed source_2 is a primary IV/oral study in healthy subjects and reports total body clearance of 0.8 +/- 0.1 L/min after 20 mg IV. The canonical value is the direct unit conversion to 48 L/h; it is not an oral CL/F value.,acknowledged,0.8,L/min,48.0,L/h,"{""bioavailability"":""約50%"",""clearance"":""48 L/h"",""elimination_route"":""肝代謝"",""half_life"":""3-7 hours"",""volume_of_distribution"":null}",unit_conversion,0.8 L/min * 60 min/h,"{""route_context"":""IV""}",value_level_metadata,Canonical independent CL/V values used by the 1-compartment fixture; inspect basis and conversion before external use.
pk_parameter,metoprolol,osp::metoprolol,po,spec_pk1_oral.yml,CL_systemic_L_per_h_at_70kg,derived.CL_systemic_L_per_h_at_70kg,48.0,L/h,,,derived_from_reported,derived_output,,,,,,source_url_present_not_parameter_mapped,,,,,,,,,,,"{""bioavailability"":""約50%"",""clearance"":""48 L/h"",""elimination_route"":""肝代謝"",""half_life"":""3-7 hours"",""volume_of_distribution"":null}",,derived.CL_apparent_L_per_h_at_70kg * pk_parsed.bioavailability_frac,,derived_from_pk_yml_source_fields,Derived systemic value; do not treat as directly reported unless the source mapping says so.
pk_parameter,metoprolol,osp::metoprolol,po,spec_pk1_oral.yml,V_abs_L_at_70kg,one_compartment_volume_from_systemic_CL_and_representative_half_life,346.2468098133512,L,346.2468098133512,L,derived_from_reported,simulation_parameter,,source_1,https://dailymed.nlm.nih.gov/dailymed/lookup.cfm?setid=cbc32a80-717b-4cf2-b76a-6d03a3720419,1,checked,checked,,,,checked,"DailyMed source_1 reports Vd 3.2-5.6 L/kg (224-392 L at the repository's 70 kg reference), which brackets the committed fixture V. The exact one-compartment value is derived, not directly reported.",acknowledged,346.2468098133512,L,346.2468098133512,L,"{""bioavailability"":""約50%"",""clearance"":""48 L/h"",""elimination_route"":""肝代謝"",""half_life"":""3-7 hours"",""volume_of_distribution"":null}",derived_formula,CL_abs_L_per_h_at_70kg * half_life_h / ln(2),"{""source_reported_volume_range_L_per_kg"":[3.2,5.6],""weight_ref_kg_for_abs"":70.0}",value_level_metadata,Canonical independent CL/V values used by the 1-compartment fixture; inspect basis and conversion before external use.
pk_parameter,metoprolol,osp::metoprolol,po,spec_pk1_oral.yml,V_systemic_L_at_70kg,derived.V_systemic_L_at_70kg,346.2468098133512,L,,,derived_from_reported,derived_output,,,,,,source_url_present_not_parameter_mapped,,,,,,,,,,,"{""bioavailability"":""約50%"",""clearance"":""48 L/h"",""elimination_route"":""肝代謝"",""half_life"":""3-7 hours"",""volume_of_distribution"":null}",,derived.V_apparent_L_at_70kg * pk_parsed.bioavailability_frac,,derived_from_pk_yml_source_fields,Derived systemic value; do not treat as directly reported unless the source mapping says so.
pk_parameter,metoprolol,osp::metoprolol,po,spec_pk1_oral.yml,bioavailability,pk_parsed.bioavailability_frac,0.5,fraction,,,,,,,,,,source_url_present_not_parameter_mapped,,,,,,,,,,,"{""bioavailability"":""約50%"",""clearance"":""48 L/h"",""elimination_route"":""肝代謝"",""half_life"":""3-7 hours"",""volume_of_distribution"":null}",,,,source_url_present_not_parameter_mapped,Used to distinguish apparent CL/F or V/F from systemic CL/V; model F1 may intentionally differ.
pk_parameter,metoprolol,osp::metoprolol,po,spec_pk1_oral.yml,clearance,IV_total_clearance_in_healthy_subjects,48.0,L/h,48.0,L/h,literature_reported,simulation_parameter,,source_2,https://pubmed.ncbi.nlm.nih.gov/6102500/,2,checked,checked,,,,checked,PubMed source_2 is a primary IV/oral study in healthy subjects and reports total body clearance of 0.8 +/- 0.1 L/min after 20 mg IV. The canonical value is the direct unit conversion to 48 L/h; it is not an oral CL/F value.,acknowledged,0.8,L/min,48.0,L/h,"{""bioavailability"":""約50%"",""clearance"":""48 L/h"",""elimination_route"":""肝代謝"",""half_life"":""3-7 hours"",""volume_of_distribution"":null}",unit_conversion,0.8 L/min * 60 min/h,"{""route_context"":""IV""}",value_level_metadata,
pk_parameter,metoprolol,osp::metoprolol,po,spec_pk1_oral.yml,ke_1_per_h,derived.ke_1_per_h,0.13862943611198908,1/h,,,derived_from_reported,derived_output,,,,,,source_url_present_not_parameter_mapped,,,,,,,,,,,"{""bioavailability"":""約50%"",""clearance"":""48 L/h"",""elimination_route"":""肝代謝"",""half_life"":""3-7 hours"",""volume_of_distribution"":null}",,derived.CL_abs_L_per_h_at_70kg / derived.V_abs_L_at_70kg,,derived_from_pk_yml_source_fields,
pk_parameter,metoprolol,osp::metoprolol,po,spec_pk1_oral.yml,t_half_h,mean_elimination_half_life,5.0,h,5.0,h,derived_from_reported,check_only,,source_1,https://dailymed.nlm.nih.gov/dailymed/lookup.cfm?setid=cbc32a80-717b-4cf2-b76a-6d03a3720419,1,checked,checked,,,,checked,"The repository retains the existing 3-7 h summary and uses its midpoint only as a deterministic fixture representative. The current DailyMed label separately reports 3-4 h in usual subjects and 7-9 h in poor CYP2D6 metabolizers, so this midpoint must not be read as a directly observed population mean.",acknowledged,5.0,h,5.0,h,"{""bioavailability"":""約50%"",""clearance"":""48 L/h"",""elimination_route"":""肝代謝"",""half_life"":""3-7 hours"",""volume_of_distribution"":null}",midpoint_of_reported_range,(3 h + 7 h) / 2,"{""raw_range_context"":""repository_raw_summary_3_to_7_h""}",value_level_metadata,
pk_parameter,metoprolol,osp::metoprolol,po,spec_pk1_oral.yml,volume,one_compartment_volume_from_systemic_CL_and_representative_half_life,346.2468098133512,L,346.2468098133512,L,derived_from_reported,simulation_parameter,,source_1,https://dailymed.nlm.nih.gov/dailymed/lookup.cfm?setid=cbc32a80-717b-4cf2-b76a-6d03a3720419,1,checked,checked,,,,checked,"DailyMed source_1 reports Vd 3.2-5.6 L/kg (224-392 L at the repository's 70 kg reference), which brackets the committed fixture V. The exact one-compartment value is derived, not directly reported.",acknowledged,346.2468098133512,L,346.2468098133512,L,"{""bioavailability"":""約50%"",""clearance"":""48 L/h"",""elimination_route"":""肝代謝"",""half_life"":""3-7 hours"",""volume_of_distribution"":null}",derived_formula,CL_abs_L_per_h_at_70kg * half_life_h / ln(2),"{""source_reported_volume_range_L_per_kg"":[3.2,5.6],""weight_ref_kg_for_abs"":70.0}",value_level_metadata,
target,metoprolol,osp::metoprolol,po,spec_pk1_oral.yml,targets.auc,CL_systemic_L_per_h_at_70kg,1041.6666666666667,ng*h/mL,,,f_dose_over_cl,consistency_check,f_dose_over_cl,,,,,not_applicable,,,,,,,,,,,,,,,target_without_source_mapping,geometric_mean
target,metoprolol,osp::metoprolol,po,spec_pk1_oral.yml,targets.t_half,,5.0,h,,,unknown_needs_review,check_only,,,,,,not_applicable,,,,,,,,,,,,,,,target_without_source_mapping,arithmetic_mean
model_parameter,mexiletine,osp::mexiletine,oral,spec_pk1_oral.yml,model.theta.ALAG1,,0.5,,,,fixture_policy,simulation_parameter,,,,,,not_applicable,,,,,,,,,,,"{""bioavailability"":""90%"",""clearance"":null,""elimination_route"":""肝代謝+腎排泄"",""half_life"":""10-12 hours"",""volume_of_distribution"":""5-9 L/kg""}",,,,fixture_policy_no_external_source,Absorption parameter supplied by the demo spec; add a drug-specific source mapping before treating it as literature-supported.
model_parameter,mexiletine,osp::mexiletine,oral,spec_pk1_oral.yml,model.theta.CL,derived.CL_abs_L_per_h_at_70kg,30.87655622494302,,30.87655622494302,L/h,derived_from_reported,simulation_parameter,,source_1,https://dailymed.nlm.nih.gov/dailymed/drugInfo.cfm?setid=ab73778b-6794-441c-b127-610a6d0733ea,1,checked,checked,,,,checked,Source_1 supplies the apparent volume range and oral half-life range; CL/F is derived for the one-compartment fixture and is not a directly reported clearance.,acknowledged,7.0,L/kg,30.87655622494302,L/h,"{""bioavailability"":""90%"",""clearance"":null,""elimination_route"":""肝代謝+腎排泄"",""half_life"":""10-12 hours"",""volume_of_distribution"":""5-9 L/kg""}",derived_formula,(7 L/kg * 70 kg) * ln(2) / 11 h,"{""half_life_range_h"":[10.0,12.0],""parameter_basis"":""apparent_CL_over_F_and_V_over_F"",""representative_half_life_h"":11.0}",mapped_to_pk_derived,Compare with pk.yml derived CL and confirm apparent/systemic basis.
model_parameter,mexiletine,osp::mexiletine,oral,spec_pk1_oral.yml,model.theta.F1,pk_parsed.bioavailability_frac,1.0,fraction,,,fixture_policy,simulation_parameter,,,,,,not_applicable,,,,,,,,,,,"{""bioavailability"":""90%"",""clearance"":null,""elimination_route"":""肝代謝+腎排泄"",""half_life"":""10-12 hours"",""volume_of_distribution"":""5-9 L/kg""}",,,,fixture_policy_apparent_parameters,"Oral fixture may set F1=1 while CL/V remain apparent values; this is a parameterization policy, not a source claim."
model_parameter,mexiletine,osp::mexiletine,oral,spec_pk1_oral.yml,model.theta.KA,,1.2,,,,fixture_policy,simulation_parameter,,,,,,not_applicable,,,,,,,,,,,"{""bioavailability"":""90%"",""clearance"":null,""elimination_route"":""肝代謝+腎排泄"",""half_life"":""10-12 hours"",""volume_of_distribution"":""5-9 L/kg""}",,,,fixture_policy_no_external_source,Absorption parameter supplied by the demo spec; add a drug-specific source mapping before treating it as literature-supported.
model_parameter,mexiletine,osp::mexiletine,oral,spec_pk1_oral.yml,model.theta.V,derived.V_abs_L_at_70kg,490.0,,490.0,L,derived_from_reported,simulation_parameter,,source_1,https://dailymed.nlm.nih.gov/dailymed/drugInfo.cfm?setid=ab73778b-6794-441c-b127-610a6d0733ea,1,checked,checked,,,,checked,DailyMed source_1 reports a 5-7 L/kg distribution-volume range. The canonical 7 L/kg selects the upper bound as the deterministic fixture representative and is scaled to 70 kg.,acknowledged,7.0,L/kg,490.0,L,"{""bioavailability"":""90%"",""clearance"":null,""elimination_route"":""肝代謝+腎排泄"",""half_life"":""10-12 hours"",""volume_of_distribution"":""5-9 L/kg""}",body_weight_scaled,7 L/kg * 70 kg,"{""parameter_basis"":""apparent_V_over_F"",""representative_value_L_per_kg"":7.0,""source_reported_range_L_per_kg"":[5.0,7.0]}",mapped_to_pk_derived,Compare with pk.yml derived V and confirm apparent/systemic basis.
model_variability,mexiletine,osp::mexiletine,oral,spec_pk1_oral.yml,iiv.eta.CL,,0.09,omega^2,,,fixture_policy,simulation_parameter,,,,,,not_applicable,,,,,,,,,,,,,,,fixture_policy_no_external_source,IIV/residual-error value from the demo spec; not a direct literature estimate unless separately mapped.
model_variability,mexiletine,osp::mexiletine,oral,spec_pk1_oral.yml,iiv.eta.KA,,0.16,omega^2,,,fixture_policy,simulation_parameter,,,,,,not_applicable,,,,,,,,,,,,,,,fixture_policy_no_external_source,IIV/residual-error value from the demo spec; not a direct literature estimate unless separately mapped.
model_variability,mexiletine,osp::mexiletine,oral,spec_pk1_oral.yml,iiv.eta.V,,0.04,omega^2,,,fixture_policy,simulation_parameter,,,,,,not_applicable,,,,,,,,,,,,,,,fixture_policy_no_external_source,IIV/residual-error value from the demo spec; not a direct literature estimate unless separately mapped.
model_variability,mexiletine,osp::mexiletine,oral,spec_pk1_oral.yml,residual.add,,0.0,concentration,,,fixture_policy,simulation_parameter,,,,,,not_applicable,,,,,,,,,,,,,,,fixture_policy_no_external_source,IIV/residual-error value from the demo spec; not a direct literature estimate unless separately mapped.
model_variability,mexiletine,osp::mexiletine,oral,spec_pk1_oral.yml,residual.prop,,0.25,fraction,,,fixture_policy,simulation_parameter,,,,,,not_applicable,,,,,,,,,,,,,,,fixture_policy_no_external_source,IIV/residual-error value from the demo spec; not a direct literature estimate unless separately mapped.
pk_parameter,mexiletine,osp::mexiletine,po,spec_pk1_oral.yml,CL_abs_L_per_h_at_70kg,one_compartment_apparent_clearance_derived_from_apparent_V_and_half_life,30.87655622494302,L/h,30.87655622494302,L/h,derived_from_reported,simulation_parameter,,source_1,https://dailymed.nlm.nih.gov/dailymed/drugInfo.cfm?setid=ab73778b-6794-441c-b127-610a6d0733ea,1,checked,checked,,,,checked,Source_1 supplies the apparent volume range and oral half-life range; CL/F is derived for the one-compartment fixture and is not a directly reported clearance.,acknowledged,7.0,L/kg,30.87655622494302,L/h,"{""bioavailability"":""90%"",""clearance"":null,""elimination_route"":""肝代謝+腎排泄"",""half_life"":""10-12 hours"",""volume_of_distribution"":""5-9 L/kg""}",derived_formula,(7 L/kg * 70 kg) * ln(2) / 11 h,"{""half_life_range_h"":[10.0,12.0],""parameter_basis"":""apparent_CL_over_F_and_V_over_F"",""representative_half_life_h"":11.0}",value_level_metadata,Canonical independent CL/V values used by the 1-compartment fixture; inspect basis and conversion before external use.
pk_parameter,mexiletine,osp::mexiletine,po,spec_pk1_oral.yml,CL_systemic_L_per_h_at_70kg,derived.CL_systemic_L_per_h_at_70kg,27.788900602448717,L/h,,,derived_from_reported,derived_output,,,,,,source_url_present_not_parameter_mapped,,,,,,,,,,,"{""bioavailability"":""90%"",""clearance"":null,""elimination_route"":""肝代謝+腎排泄"",""half_life"":""10-12 hours"",""volume_of_distribution"":""5-9 L/kg""}",,derived.CL_apparent_L_per_h_at_70kg * pk_parsed.bioavailability_frac,,derived_from_pk_yml_source_fields,Derived systemic value; do not treat as directly reported unless the source mapping says so.
pk_parameter,mexiletine,osp::mexiletine,po,spec_pk1_oral.yml,V_abs_L_at_70kg,oral_apparent_volume_of_distribution_range,490.0,L,490.0,L,derived_from_reported,simulation_parameter,,source_1,https://dailymed.nlm.nih.gov/dailymed/drugInfo.cfm?setid=ab73778b-6794-441c-b127-610a6d0733ea,1,checked,checked,,,,checked,DailyMed source_1 reports a 5-7 L/kg distribution-volume range. The canonical 7 L/kg selects the upper bound as the deterministic fixture representative and is scaled to 70 kg.,acknowledged,7.0,L/kg,490.0,L,"{""bioavailability"":""90%"",""clearance"":null,""elimination_route"":""肝代謝+腎排泄"",""half_life"":""10-12 hours"",""volume_of_distribution"":""5-9 L/kg""}",body_weight_scaled,7 L/kg * 70 kg,"{""parameter_basis"":""apparent_V_over_F"",""representative_value_L_per_kg"":7.0,""source_reported_range_L_per_kg"":[5.0,7.0]}",value_level_metadata,Canonical independent CL/V values used by the 1-compartment fixture; inspect basis and conversion before external use.
pk_parameter,mexiletine,osp::mexiletine,po,spec_pk1_oral.yml,V_systemic_L_at_70kg,derived.V_systemic_L_at_70kg,441.0,L,,,derived_from_reported,derived_output,,,,,,source_url_present_not_parameter_mapped,,,,,,,,,,,"{""bioavailability"":""90%"",""clearance"":null,""elimination_route"":""肝代謝+腎排泄"",""half_life"":""10-12 hours"",""volume_of_distribution"":""5-9 L/kg""}",,derived.V_apparent_L_at_70kg * pk_parsed.bioavailability_frac,,derived_from_pk_yml_source_fields,Derived systemic value; do not treat as directly reported unless the source mapping says so.
pk_parameter,mexiletine,osp::mexiletine,po,spec_pk1_oral.yml,bioavailability,pk_parsed.bioavailability_frac,0.9,fraction,,,,,,,,,,source_url_present_not_parameter_mapped,,,,,,,,,,,"{""bioavailability"":""90%"",""clearance"":null,""elimination_route"":""肝代謝+腎排泄"",""half_life"":""10-12 hours"",""volume_of_distribution"":""5-9 L/kg""}",,,,source_url_present_not_parameter_mapped,Used to distinguish apparent CL/F or V/F from systemic CL/V; model F1 may intentionally differ.
pk_parameter,mexiletine,osp::mexiletine,po,spec_pk1_oral.yml,clearance,one_compartment_apparent_clearance_derived_from_apparent_V_and_half_life,30.87655622494302,L/h,30.87655622494302,L/h,derived_from_reported,simulation_parameter,,source_1,https://dailymed.nlm.nih.gov/dailymed/drugInfo.cfm?setid=ab73778b-6794-441c-b127-610a6d0733ea,1,checked,checked,,,,checked,Source_1 supplies the apparent volume range and oral half-life range; CL/F is derived for the one-compartment fixture and is not a directly reported clearance.,acknowledged,7.0,L/kg,30.87655622494302,L/h,"{""bioavailability"":""90%"",""clearance"":null,""elimination_route"":""肝代謝+腎排泄"",""half_life"":""10-12 hours"",""volume_of_distribution"":""5-9 L/kg""}",derived_formula,(7 L/kg * 70 kg) * ln(2) / 11 h,"{""half_life_range_h"":[10.0,12.0],""parameter_basis"":""apparent_CL_over_F_and_V_over_F"",""representative_half_life_h"":11.0}",value_level_metadata,
pk_parameter,mexiletine,osp::mexiletine,po,spec_pk1_oral.yml,ke_1_per_h,derived.ke_1_per_h,0.06301338005090412,1/h,,,derived_from_reported,derived_output,,,,,,source_url_present_not_parameter_mapped,,,,,,,,,,,"{""bioavailability"":""90%"",""clearance"":null,""elimination_route"":""肝代謝+腎排泄"",""half_life"":""10-12 hours"",""volume_of_distribution"":""5-9 L/kg""}",,derived.CL_abs_L_per_h_at_70kg / derived.V_abs_L_at_70kg,,derived_from_pk_yml_source_fields,
pk_parameter,mexiletine,osp::mexiletine,po,spec_pk1_oral.yml,t_half_h,oral_half_life_range,11.0,h,11.0,h,derived_from_reported,check_only,,source_1,https://dailymed.nlm.nih.gov/dailymed/drugInfo.cfm?setid=ab73778b-6794-441c-b127-610a6d0733ea,1,checked,checked,,,,checked,DailyMed source_1 reports a 10-12 h range. The canonical 11 h is a midpoint fixture and is not a directly observed mean.,acknowledged,10-12,h,11.0,h,"{""bioavailability"":""90%"",""clearance"":null,""elimination_route"":""肝代謝+腎排泄"",""half_life"":""10-12 hours"",""volume_of_distribution"":""5-9 L/kg""}",derived_formula,(10 h + 12 h) / 2,"{""range_summary"":""midpoint""}",value_level_metadata,
pk_parameter,mexiletine,osp::mexiletine,po,spec_pk1_oral.yml,volume,oral_apparent_volume_of_distribution_range,7.0,L/kg,7.0,L/kg,derived_from_reported,simulation_parameter,,source_1,https://dailymed.nlm.nih.gov/dailymed/drugInfo.cfm?setid=ab73778b-6794-441c-b127-610a6d0733ea,1,checked,checked,,,,checked,DailyMed source_1 reports a 5-7 L/kg distribution-volume range. The canonical 7 L/kg selects the upper bound as the deterministic fixture representative and is scaled to 70 kg.,acknowledged,7.0,L/kg,490.0,L,"{""bioavailability"":""90%"",""clearance"":null,""elimination_route"":""肝代謝+腎排泄"",""half_life"":""10-12 hours"",""volume_of_distribution"":""5-9 L/kg""}",body_weight_scaled,7 L/kg * 70 kg,"{""parameter_basis"":""apparent_V_over_F"",""representative_value_L_per_kg"":7.0,""source_reported_range_L_per_kg"":[5.0,7.0]}",value_level_metadata,
target,mexiletine,osp::mexiletine,po,spec_pk1_oral.yml,targets.auc,CL_abs_L_per_h_at_70kg,3238.7031530160402,ng*h/mL,,,dose_over_cl,consistency_check,dose_over_cl,,,,,not_applicable,,,,,,,,,,,,,,,derived_target,Computed target; source_value=CL_abs_L_per_h_at_70kg. Not an independent literature AUC.
target,mexiletine,osp::mexiletine,po,spec_pk1_oral.yml,targets.t_half,,11.0,h,,,unknown_needs_review,check_only,,,,,,not_applicable,,,,,,,,,,,,,,,target_without_source_mapping,arithmetic_mean
model_parameter,moclobemide,osp::moclobemide,oral,spec_pk1_oral.yml,model.theta.ALAG1,,0.5,,,,fixture_policy,simulation_parameter,,,,,,not_applicable,,,,,,,,,,,"{""bioavailability"":""56-90%; selected first oral dose F 0.56"",""clearance"":""30-78 L/h; selected primary IV first-infusion value 39.4 L/h"",""elimination_route"":""肝代謝+腎排泄"",""half_life"":""1-2 hours; selected primary IV first-infusion value 1.60 h"",""volume_of_distribution"":""1-1.5 L/kg; selected primary IV first-infusion Vss 84.3 L""}",,,,fixture_policy_no_external_source,Absorption parameter supplied by the demo spec; add a drug-specific source mapping before treating it as literature-supported.
model_parameter,moclobemide,osp::moclobemide,oral,spec_pk1_oral.yml,model.theta.CL,derived.CL_abs_L_per_h_at_70kg,39.4,,39.4,L/h,derived_from_reported,simulation_parameter,,source_5,https://pubmed.ncbi.nlm.nih.gov/3665338/,5,checked,checked,,,,checked,"PubMed source_5 reports clearance 39.4 L/h after the first IV infusion in normal subjects. It is systemic CL; the source also reports a lower value after repeat exposure, so the selected context must not be generalized.",acknowledged,39.4,L/h,39.4,L/h,"{""bioavailability"":""56-90%; selected first oral dose F 0.56"",""clearance"":""30-78 L/h; selected primary IV first-infusion value 39.4 L/h"",""elimination_route"":""肝代謝+腎排泄"",""half_life"":""1-2 hours; selected primary IV first-infusion value 1.60 h"",""volume_of_distribution"":""1-1.5 L/kg; selected primary IV first-infusion Vss 84.3 L""}",direct,source_5 first IV infusion clearance,"{""route_context"":""IV_first_infusion""}",mapped_to_pk_derived,Compare with pk.yml derived CL and confirm apparent/systemic basis.
model_parameter,moclobemide,osp::moclobemide,oral,spec_pk1_oral.yml,model.theta.F1,pk_parsed.bioavailability_frac,0.56,fraction,,,fixture_policy,simulation_parameter,,,,,,not_applicable,,,,,,,,,,,"{""bioavailability"":""56-90%; selected first oral dose F 0.56"",""clearance"":""30-78 L/h; selected primary IV first-infusion value 39.4 L/h"",""elimination_route"":""肝代謝+腎排泄"",""half_life"":""1-2 hours; selected primary IV first-infusion value 1.60 h"",""volume_of_distribution"":""1-1.5 L/kg; selected primary IV first-infusion Vss 84.3 L""}",,,,fixture_policy_apparent_parameters,"Oral fixture may set F1=1 while CL/V remain apparent values; this is a parameterization policy, not a source claim."
model_parameter,moclobemide,osp::moclobemide,oral,spec_pk1_oral.yml,model.theta.KA,,1.2,,,,fixture_policy,simulation_parameter,,,,,,not_applicable,,,,,,,,,,,"{""bioavailability"":""56-90%; selected first oral dose F 0.56"",""clearance"":""30-78 L/h; selected primary IV first-infusion value 39.4 L/h"",""elimination_route"":""肝代謝+腎排泄"",""half_life"":""1-2 hours; selected primary IV first-infusion value 1.60 h"",""volume_of_distribution"":""1-1.5 L/kg; selected primary IV first-infusion Vss 84.3 L""}",,,,fixture_policy_no_external_source,Absorption parameter supplied by the demo spec; add a drug-specific source mapping before treating it as literature-supported.
model_parameter,moclobemide,osp::moclobemide,oral,spec_pk1_oral.yml,model.theta.V,derived.V_abs_L_at_70kg,84.3,,84.3,L,derived_from_reported,simulation_parameter,,source_5,https://pubmed.ncbi.nlm.nih.gov/3665338/,5,checked,checked,,,,checked,PubMed source_5 reports Vss 84.3 L after the first IV infusion. The oral fixture retains this systemic volume only as a cross-route template parameter.,acknowledged,84.3,L,84.3,L,"{""bioavailability"":""56-90%; selected first oral dose F 0.56"",""clearance"":""30-78 L/h; selected primary IV first-infusion value 39.4 L/h"",""elimination_route"":""肝代謝+腎排泄"",""half_life"":""1-2 hours; selected primary IV first-infusion value 1.60 h"",""volume_of_distribution"":""1-1.5 L/kg; selected primary IV first-infusion Vss 84.3 L""}",direct,source_5 first IV infusion Vss,"{""route_context"":""IV_first_infusion""}",mapped_to_pk_derived,Compare with pk.yml derived V and confirm apparent/systemic basis.
model_variability,moclobemide,osp::moclobemide,oral,spec_pk1_oral.yml,iiv.eta.CL,,0.09,omega^2,,,fixture_policy,simulation_parameter,,,,,,not_applicable,,,,,,,,,,,,,,,fixture_policy_no_external_source,IIV/residual-error value from the demo spec; not a direct literature estimate unless separately mapped.
model_variability,moclobemide,osp::moclobemide,oral,spec_pk1_oral.yml,iiv.eta.KA,,0.16,omega^2,,,fixture_policy,simulation_parameter,,,,,,not_applicable,,,,,,,,,,,,,,,fixture_policy_no_external_source,IIV/residual-error value from the demo spec; not a direct literature estimate unless separately mapped.
model_variability,moclobemide,osp::moclobemide,oral,spec_pk1_oral.yml,iiv.eta.V,,0.04,omega^2,,,fixture_policy,simulation_parameter,,,,,,not_applicable,,,,,,,,,,,,,,,fixture_policy_no_external_source,IIV/residual-error value from the demo spec; not a direct literature estimate unless separately mapped.
model_variability,moclobemide,osp::moclobemide,oral,spec_pk1_oral.yml,residual.add,,0.0,concentration,,,fixture_policy,simulation_parameter,,,,,,not_applicable,,,,,,,,,,,,,,,fixture_policy_no_external_source,IIV/residual-error value from the demo spec; not a direct literature estimate unless separately mapped.
model_variability,moclobemide,osp::moclobemide,oral,spec_pk1_oral.yml,residual.prop,,0.25,fraction,,,fixture_policy,simulation_parameter,,,,,,not_applicable,,,,,,,,,,,,,,,fixture_policy_no_external_source,IIV/residual-error value from the demo spec; not a direct literature estimate unless separately mapped.
pk_parameter,moclobemide,osp::moclobemide,po,spec_pk1_oral.yml,CL_abs_L_per_h_at_70kg,first_IV_infusion_clearance,39.4,L/h,39.4,L/h,derived_from_reported,simulation_parameter,,source_5,https://pubmed.ncbi.nlm.nih.gov/3665338/,5,checked,checked,,,,checked,"PubMed source_5 reports clearance 39.4 L/h after the first IV infusion in normal subjects. It is systemic CL; the source also reports a lower value after repeat exposure, so the selected context must not be generalized.",acknowledged,39.4,L/h,39.4,L/h,"{""bioavailability"":""56-90%; selected first oral dose F 0.56"",""clearance"":""30-78 L/h; selected primary IV first-infusion value 39.4 L/h"",""elimination_route"":""肝代謝+腎排泄"",""half_life"":""1-2 hours; selected primary IV first-infusion value 1.60 h"",""volume_of_distribution"":""1-1.5 L/kg; selected primary IV first-infusion Vss 84.3 L""}",direct,source_5 first IV infusion clearance,"{""route_context"":""IV_first_infusion""}",value_level_metadata,Canonical independent CL/V values used by the 1-compartment fixture; inspect basis and conversion before external use.
pk_parameter,moclobemide,osp::moclobemide,po,spec_pk1_oral.yml,CL_systemic_L_per_h_at_70kg,derived.CL_systemic_L_per_h_at_70kg,39.4,L/h,,,derived_from_reported,derived_output,,,,,,source_url_present_not_parameter_mapped,,,,,,,,,,,"{""bioavailability"":""56-90%; selected first oral dose F 0.56"",""clearance"":""30-78 L/h; selected primary IV first-infusion value 39.4 L/h"",""elimination_route"":""肝代謝+腎排泄"",""half_life"":""1-2 hours; selected primary IV first-infusion value 1.60 h"",""volume_of_distribution"":""1-1.5 L/kg; selected primary IV first-infusion Vss 84.3 L""}",,derived.CL_apparent_L_per_h_at_70kg * pk_parsed.bioavailability_frac,,derived_from_pk_yml_source_fields,Derived systemic value; do not treat as directly reported unless the source mapping says so.
pk_parameter,moclobemide,osp::moclobemide,po,spec_pk1_oral.yml,V_abs_L_at_70kg,first_IV_infusion_Vss,84.3,L,84.3,L,literature_reported,simulation_parameter,,source_5,https://pubmed.ncbi.nlm.nih.gov/3665338/,5,checked,checked,,,,checked,PubMed source_5 reports Vss 84.3 L after the first IV infusion. The oral fixture retains this systemic volume only as a cross-route template parameter.,acknowledged,84.3,L,84.3,L,"{""bioavailability"":""56-90%; selected first oral dose F 0.56"",""clearance"":""30-78 L/h; selected primary IV first-infusion value 39.4 L/h"",""elimination_route"":""肝代謝+腎排泄"",""half_life"":""1-2 hours; selected primary IV first-infusion value 1.60 h"",""volume_of_distribution"":""1-1.5 L/kg; selected primary IV first-infusion Vss 84.3 L""}",direct,source_5 first IV infusion Vss,"{""route_context"":""IV_first_infusion""}",value_level_metadata,Canonical independent CL/V values used by the 1-compartment fixture; inspect basis and conversion before external use.
pk_parameter,moclobemide,osp::moclobemide,po,spec_pk1_oral.yml,V_systemic_L_at_70kg,derived.V_systemic_L_at_70kg,84.3,L,,,derived_from_reported,derived_output,,,,,,source_url_present_not_parameter_mapped,,,,,,,,,,,"{""bioavailability"":""56-90%; selected first oral dose F 0.56"",""clearance"":""30-78 L/h; selected primary IV first-infusion value 39.4 L/h"",""elimination_route"":""肝代謝+腎排泄"",""half_life"":""1-2 hours; selected primary IV first-infusion value 1.60 h"",""volume_of_distribution"":""1-1.5 L/kg; selected primary IV first-infusion Vss 84.3 L""}",,derived.V_apparent_L_at_70kg * pk_parsed.bioavailability_frac,,derived_from_pk_yml_source_fields,Derived systemic value; do not treat as directly reported unless the source mapping says so.
pk_parameter,moclobemide,osp::moclobemide,po,spec_pk1_oral.yml,bioavailability,pk_parsed.bioavailability_frac,0.56,fraction,,,,,,,,,,source_url_present_not_parameter_mapped,,,,,,,,,,,"{""bioavailability"":""56-90%; selected first oral dose F 0.56"",""clearance"":""30-78 L/h; selected primary IV first-infusion value 39.4 L/h"",""elimination_route"":""肝代謝+腎排泄"",""half_life"":""1-2 hours; selected primary IV first-infusion value 1.60 h"",""volume_of_distribution"":""1-1.5 L/kg; selected primary IV first-infusion Vss 84.3 L""}",,,,source_url_present_not_parameter_mapped,Used to distinguish apparent CL/F or V/F from systemic CL/V; model F1 may intentionally differ.
pk_parameter,moclobemide,osp::moclobemide,po,spec_pk1_oral.yml,clearance,first_IV_infusion_clearance,39.4,L/h,39.4,L/h,derived_from_reported,simulation_parameter,,source_5,https://pubmed.ncbi.nlm.nih.gov/3665338/,5,checked,checked,,,,checked,"PubMed source_5 reports clearance 39.4 L/h after the first IV infusion in normal subjects. It is systemic CL; the source also reports a lower value after repeat exposure, so the selected context must not be generalized.",acknowledged,39.4,L/h,39.4,L/h,"{""bioavailability"":""56-90%; selected first oral dose F 0.56"",""clearance"":""30-78 L/h; selected primary IV first-infusion value 39.4 L/h"",""elimination_route"":""肝代謝+腎排泄"",""half_life"":""1-2 hours; selected primary IV first-infusion value 1.60 h"",""volume_of_distribution"":""1-1.5 L/kg; selected primary IV first-infusion Vss 84.3 L""}",direct,source_5 first IV infusion clearance,"{""route_context"":""IV_first_infusion""}",value_level_metadata,
pk_parameter,moclobemide,osp::moclobemide,po,spec_pk1_oral.yml,ke_1_per_h,derived.ke_1_per_h,0.46737841043890865,1/h,,,derived_from_reported,derived_output,,,,,,source_url_present_not_parameter_mapped,,,,,,,,,,,"{""bioavailability"":""56-90%; selected first oral dose F 0.56"",""clearance"":""30-78 L/h; selected primary IV first-infusion value 39.4 L/h"",""elimination_route"":""肝代謝+腎排泄"",""half_life"":""1-2 hours; selected primary IV first-infusion value 1.60 h"",""volume_of_distribution"":""1-1.5 L/kg; selected primary IV first-infusion Vss 84.3 L""}",,derived.CL_abs_L_per_h_at_70kg / derived.V_abs_L_at_70kg,,derived_from_pk_yml_source_fields,
pk_parameter,moclobemide,osp::moclobemide,po,spec_pk1_oral.yml,t_half_h,first_IV_infusion_elimination_half_life,1.6,h,1.6,h,literature_reported,check_only,,source_5,https://pubmed.ncbi.nlm.nih.gov/3665338/,5,checked,checked,,,,checked,PubMed source_5 reports first-infusion elimination half-life 1.60 h. The oral fixture uses it as the selected source context and does not claim equivalence across repeated dosing.,acknowledged,1.6,h,1.6,h,"{""bioavailability"":""56-90%; selected first oral dose F 0.56"",""clearance"":""30-78 L/h; selected primary IV first-infusion value 39.4 L/h"",""elimination_route"":""肝代謝+腎排泄"",""half_life"":""1-2 hours; selected primary IV first-infusion value 1.60 h"",""volume_of_distribution"":""1-1.5 L/kg; selected primary IV first-infusion Vss 84.3 L""}",direct,source_5 first IV infusion elimination half-life,"{""route_context"":""IV_first_infusion""}",value_level_metadata,
pk_parameter,moclobemide,osp::moclobemide,po,spec_pk1_oral.yml,volume,first_IV_infusion_Vss,84.3,L,84.3,L,literature_reported,simulation_parameter,,source_5,https://pubmed.ncbi.nlm.nih.gov/3665338/,5,checked,checked,,,,checked,PubMed source_5 reports Vss 84.3 L after the first IV infusion. The oral fixture retains this systemic volume only as a cross-route template parameter.,acknowledged,84.3,L,84.3,L,"{""bioavailability"":""56-90%; selected first oral dose F 0.56"",""clearance"":""30-78 L/h; selected primary IV first-infusion value 39.4 L/h"",""elimination_route"":""肝代謝+腎排泄"",""half_life"":""1-2 hours; selected primary IV first-infusion value 1.60 h"",""volume_of_distribution"":""1-1.5 L/kg; selected primary IV first-infusion Vss 84.3 L""}",direct,source_5 first IV infusion Vss,"{""route_context"":""IV_first_infusion""}",value_level_metadata,
target,moclobemide,osp::moclobemide,po,spec_pk1_oral.yml,targets.auc,CL_systemic_L_per_h_at_70kg,1421.3197969543148,ng*h/mL,,,f_dose_over_cl,consistency_check,f_dose_over_cl,,,,,not_applicable,,,,,,,,,,,,,,,target_without_source_mapping,geometric_mean
target,moclobemide,osp::moclobemide,po,spec_pk1_oral.yml,targets.t_half,,1.6,h,,,unknown_needs_review,check_only,,,,,,not_applicable,,,,,,,,,,,,,,,target_without_source_mapping,arithmetic_mean
model_parameter,montelukast,osp::montelukast,oral,spec_pk1_oral.yml,model.theta.ALAG1,,0.5,,,,fixture_policy,simulation_parameter,,,,,,not_applicable,,,,,,,,,,,"{""bioavailability"":""61-62%"",""clearance"":""30.8 mL/min"",""elimination_route"":""胆汁排泄"",""half_life"":""6.7 hours"",""volume_of_distribution"":""9.7 L""}",,,,fixture_policy_no_external_source,Absorption parameter supplied by the demo spec; add a drug-specific source mapping before treating it as literature-supported.
model_parameter,montelukast,osp::montelukast,oral,spec_pk1_oral.yml,model.theta.CL,derived.CL_abs_L_per_h_at_70kg,1.8479999999999999,,1.8479999999999999,L/h,derived_from_reported,simulation_parameter,,source_1,https://pubmed.ncbi.nlm.nih.gov/9429741/,1,checked,checked,,,,checked,PubMed source_1 reports mean plasma clearance of 30.8 mL/min after intravenous dosing; this supports a systemic CL interpretation. Clearance is used as a deterministic fixture model parameter and is not recalibrated to force agreement with terminal half-life.,not_applicable,30.8,mL/min,1.8479999999999999,L/h,"{""bioavailability"":""61-62%"",""clearance"":""30.8 mL/min"",""elimination_route"":""胆汁排泄"",""half_life"":""6.7 hours"",""volume_of_distribution"":""9.7 L""}",unit_conversion,30.8 mL/min * 60 min/h / 1000 mL/L,{},mapped_to_pk_derived,Compare with pk.yml derived CL and confirm apparent/systemic basis.
model_parameter,montelukast,osp::montelukast,oral,spec_pk1_oral.yml,model.theta.F1,pk_parsed.bioavailability_frac,0.615,fraction,,,fixture_policy,simulation_parameter,,,,,,not_applicable,,,,,,,,,,,"{""bioavailability"":""61-62%"",""clearance"":""30.8 mL/min"",""elimination_route"":""胆汁排泄"",""half_life"":""6.7 hours"",""volume_of_distribution"":""9.7 L""}",,,,fixture_policy_apparent_parameters,"Oral fixture may set F1=1 while CL/V remain apparent values; this is a parameterization policy, not a source claim."
model_parameter,montelukast,osp::montelukast,oral,spec_pk1_oral.yml,model.theta.KA,,1.2,,,,fixture_policy,simulation_parameter,,,,,,not_applicable,,,,,,,,,,,"{""bioavailability"":""61-62%"",""clearance"":""30.8 mL/min"",""elimination_route"":""胆汁排泄"",""half_life"":""6.7 hours"",""volume_of_distribution"":""9.7 L""}",,,,fixture_policy_no_external_source,Absorption parameter supplied by the demo spec; add a drug-specific source mapping before treating it as literature-supported.
model_parameter,montelukast,osp::montelukast,oral,spec_pk1_oral.yml,model.theta.V,derived.V_abs_L_at_70kg,9.7,,9.7,L,derived_from_reported,simulation_parameter,,source_1,https://pubmed.ncbi.nlm.nih.gov/9429741/,1,checked,checked,,,,checked,PubMed source_1 reports mean volume of distribution of 9.7 L after intravenous dosing. Volume is retained as the one-compartment fixture volume and is not recalibrated to force agreement with terminal half-life.,not_applicable,9.7,L,9.7,L,"{""bioavailability"":""61-62%"",""clearance"":""30.8 mL/min"",""elimination_route"":""胆汁排泄"",""half_life"":""6.7 hours"",""volume_of_distribution"":""9.7 L""}",direct,pk_parsed.volume.value,{},mapped_to_pk_derived,Compare with pk.yml derived V and confirm apparent/systemic basis.
model_variability,montelukast,osp::montelukast,oral,spec_pk1_oral.yml,iiv.eta.CL,,0.09,omega^2,,,fixture_policy,simulation_parameter,,,,,,not_applicable,,,,,,,,,,,,,,,fixture_policy_no_external_source,IIV/residual-error value from the demo spec; not a direct literature estimate unless separately mapped.
model_variability,montelukast,osp::montelukast,oral,spec_pk1_oral.yml,iiv.eta.KA,,0.16,omega^2,,,fixture_policy,simulation_parameter,,,,,,not_applicable,,,,,,,,,,,,,,,fixture_policy_no_external_source,IIV/residual-error value from the demo spec; not a direct literature estimate unless separately mapped.
model_variability,montelukast,osp::montelukast,oral,spec_pk1_oral.yml,iiv.eta.V,,0.04,omega^2,,,fixture_policy,simulation_parameter,,,,,,not_applicable,,,,,,,,,,,,,,,fixture_policy_no_external_source,IIV/residual-error value from the demo spec; not a direct literature estimate unless separately mapped.
model_variability,montelukast,osp::montelukast,oral,spec_pk1_oral.yml,residual.add,,0.0,concentration,,,fixture_policy,simulation_parameter,,,,,,not_applicable,,,,,,,,,,,,,,,fixture_policy_no_external_source,IIV/residual-error value from the demo spec; not a direct literature estimate unless separately mapped.
model_variability,montelukast,osp::montelukast,oral,spec_pk1_oral.yml,residual.prop,,0.25,fraction,,,fixture_policy,simulation_parameter,,,,,,not_applicable,,,,,,,,,,,,,,,fixture_policy_no_external_source,IIV/residual-error value from the demo spec; not a direct literature estimate unless separately mapped.
pk_parameter,montelukast,osp::montelukast,po,spec_pk1_oral.yml,CL_abs_L_per_h_at_70kg,plasma_clearance,1.8479999999999999,L/h,1.8479999999999999,L/h,literature_reported,simulation_parameter,,source_1,https://pubmed.ncbi.nlm.nih.gov/9429741/,1,checked,checked,,,,checked,PubMed source_1 reports mean plasma clearance of 30.8 mL/min after intravenous dosing; this supports a systemic CL interpretation. Clearance is used as a deterministic fixture model parameter and is not recalibrated to force agreement with terminal half-life.,not_applicable,30.8,mL/min,1.8479999999999999,L/h,"{""bioavailability"":""61-62%"",""clearance"":""30.8 mL/min"",""elimination_route"":""胆汁排泄"",""half_life"":""6.7 hours"",""volume_of_distribution"":""9.7 L""}",unit_conversion,30.8 mL/min * 60 min/h / 1000 mL/L,{},value_level_metadata,Canonical independent CL/V values used by the 1-compartment fixture; inspect basis and conversion before external use.
pk_parameter,montelukast,osp::montelukast,po,spec_pk1_oral.yml,CL_systemic_L_per_h_at_70kg,derived.CL_systemic_L_per_h_at_70kg,1.8479999999999999,L/h,,,derived_from_reported,derived_output,,,,,,source_url_present_not_parameter_mapped,,,,,,,,,,,"{""bioavailability"":""61-62%"",""clearance"":""30.8 mL/min"",""elimination_route"":""胆汁排泄"",""half_life"":""6.7 hours"",""volume_of_distribution"":""9.7 L""}",,derived.CL_apparent_L_per_h_at_70kg * pk_parsed.bioavailability_frac,,derived_from_pk_yml_source_fields,Derived systemic value; do not treat as directly reported unless the source mapping says so.
pk_parameter,montelukast,osp::montelukast,po,spec_pk1_oral.yml,V_abs_L_at_70kg,volume_of_distribution,9.7,L,9.7,L,literature_reported,simulation_parameter,,source_1,https://pubmed.ncbi.nlm.nih.gov/9429741/,1,checked,checked,,,,checked,PubMed source_1 reports mean volume of distribution of 9.7 L after intravenous dosing. Volume is retained as the one-compartment fixture volume and is not recalibrated to force agreement with terminal half-life.,not_applicable,9.7,L,9.7,L,"{""bioavailability"":""61-62%"",""clearance"":""30.8 mL/min"",""elimination_route"":""胆汁排泄"",""half_life"":""6.7 hours"",""volume_of_distribution"":""9.7 L""}",direct,pk_parsed.volume.value,{},value_level_metadata,Canonical independent CL/V values used by the 1-compartment fixture; inspect basis and conversion before external use.
pk_parameter,montelukast,osp::montelukast,po,spec_pk1_oral.yml,V_systemic_L_at_70kg,derived.V_systemic_L_at_70kg,9.7,L,,,derived_from_reported,derived_output,,,,,,source_url_present_not_parameter_mapped,,,,,,,,,,,"{""bioavailability"":""61-62%"",""clearance"":""30.8 mL/min"",""elimination_route"":""胆汁排泄"",""half_life"":""6.7 hours"",""volume_of_distribution"":""9.7 L""}",,derived.V_apparent_L_at_70kg * pk_parsed.bioavailability_frac,,derived_from_pk_yml_source_fields,Derived systemic value; do not treat as directly reported unless the source mapping says so.
pk_parameter,montelukast,osp::montelukast,po,spec_pk1_oral.yml,bioavailability,pk_parsed.bioavailability_frac,0.615,fraction,,,,,,,,,,source_url_present_not_parameter_mapped,,,,,,,,,,,"{""bioavailability"":""61-62%"",""clearance"":""30.8 mL/min"",""elimination_route"":""胆汁排泄"",""half_life"":""6.7 hours"",""volume_of_distribution"":""9.7 L""}",,,,source_url_present_not_parameter_mapped,Used to distinguish apparent CL/F or V/F from systemic CL/V; model F1 may intentionally differ.
pk_parameter,montelukast,osp::montelukast,po,spec_pk1_oral.yml,clearance,plasma_clearance,1.8479999999999999,L/h,1.8479999999999999,L/h,literature_reported,simulation_parameter,,source_1,https://pubmed.ncbi.nlm.nih.gov/9429741/,1,checked,checked,,,,checked,PubMed source_1 reports mean plasma clearance of 30.8 mL/min after intravenous dosing; this supports a systemic CL interpretation. Clearance is used as a deterministic fixture model parameter and is not recalibrated to force agreement with terminal half-life.,not_applicable,30.8,mL/min,1.8479999999999999,L/h,"{""bioavailability"":""61-62%"",""clearance"":""30.8 mL/min"",""elimination_route"":""胆汁排泄"",""half_life"":""6.7 hours"",""volume_of_distribution"":""9.7 L""}",unit_conversion,30.8 mL/min * 60 min/h / 1000 mL/L,{},value_level_metadata,
pk_parameter,montelukast,osp::montelukast,po,spec_pk1_oral.yml,ke_1_per_h,derived.ke_1_per_h,0.19051546391752577,1/h,,,derived_from_reported,derived_output,,,,,,source_url_present_not_parameter_mapped,,,,,,,,,,,"{""bioavailability"":""61-62%"",""clearance"":""30.8 mL/min"",""elimination_route"":""胆汁排泄"",""half_life"":""6.7 hours"",""volume_of_distribution"":""9.7 L""}",,derived.CL_abs_L_per_h_at_70kg / derived.V_abs_L_at_70kg,,derived_from_pk_yml_source_fields,
pk_parameter,montelukast,osp::montelukast,po,spec_pk1_oral.yml,t_half_h,terminal_half_life,6.7,h,6.7,h,literature_reported,check_only,,source_1,https://pubmed.ncbi.nlm.nih.gov/9429741/,1,checked,checked,,,,checked,PubMed source_1 reports mean terminal half-life of 6.7 h after intravenous dosing. Canonical t_half_h remains a check target only. CL and V are not jointly calibrated to match terminal half-life in this deterministic one-compartment fixture.,acknowledged,6.7,h,6.7,h,"{""bioavailability"":""61-62%"",""clearance"":""30.8 mL/min"",""elimination_route"":""胆汁排泄"",""half_life"":""6.7 hours"",""volume_of_distribution"":""9.7 L""}",direct,pk_parsed.half_life_h,{},value_level_metadata,
pk_parameter,montelukast,osp::montelukast,po,spec_pk1_oral.yml,volume,volume_of_distribution,9.7,L,9.7,L,literature_reported,simulation_parameter,,source_1,https://pubmed.ncbi.nlm.nih.gov/9429741/,1,checked,checked,,,,checked,PubMed source_1 reports mean volume of distribution of 9.7 L after intravenous dosing. Volume is retained as the one-compartment fixture volume and is not recalibrated to force agreement with terminal half-life.,not_applicable,9.7,L,9.7,L,"{""bioavailability"":""61-62%"",""clearance"":""30.8 mL/min"",""elimination_route"":""胆汁排泄"",""half_life"":""6.7 hours"",""volume_of_distribution"":""9.7 L""}",direct,pk_parsed.volume.value,{},value_level_metadata,
target,montelukast,osp::montelukast,po,spec_pk1_oral.yml,targets.auc,CL_systemic_L_per_h_at_70kg,33279.22077922078,ng*h/mL,,,f_dose_over_cl,consistency_check,f_dose_over_cl,,,,,not_applicable,,,,,,,,,,,,,,,target_without_source_mapping,fixture_consistency_check
target,montelukast,osp::montelukast,po,spec_pk1_oral.yml,targets.t_half,,6.7,h,,,unknown_needs_review,check_only,,,,,,not_applicable,,,,,,,,,,,,,,,target_without_source_mapping,arithmetic_mean
model_parameter,motavizumab_medi_524,osp::motavizumab_medi_524,iv,spec_pk1_iv.yml,model.theta.CL,derived.CL_abs_L_per_h_at_70kg,0.010229166666666666,,0.010229166666666666,L/h,derived_from_reported,simulation_parameter,,source_1,https://pmc.ncbi.nlm.nih.gov/articles/PMC3837853/,1,checked,checked,,,,checked,"Source_1 reports motavizumab serum clearance of 165 to 326 mL/day across the IV dose range. The fixture uses the range midpoint and retains the value as a dose-range summary, not an individual estimate.",acknowledged,165-326,mL/day,0.010229166666666666,L/h,"{""bioavailability"":""N/A (IV only)"",""clearance"":""165-326 mL/day"",""elimination_route"":""Proteolytic degradation"",""half_life"":""19-34 days"",""volume_of_distribution"":""5.2-9.5 liters""}",unit_conversion,midpoint of 165-326 mL/day * 1 L/1000 mL / 24 h/day,"{""range_summary"":""midpoint""}",mapped_to_pk_derived,Compare with pk.yml derived CL and confirm apparent/systemic basis.
model_parameter,motavizumab_medi_524,osp::motavizumab_medi_524,iv,spec_pk1_iv.yml,model.theta.V,derived.V_abs_L_at_70kg,7.35,,7.35,L,derived_from_reported,simulation_parameter,,source_1,https://pmc.ncbi.nlm.nih.gov/articles/PMC3837853/,1,checked,checked,,,,checked,Source_1 reports motavizumab Vss values of 5.2 to 9.5 L across IV dose cohorts. The fixture uses the midpoint and should not be interpreted as a dose-independent Vss.,acknowledged,5.2-9.5,L,7.35,L,"{""bioavailability"":""N/A (IV only)"",""clearance"":""165-326 mL/day"",""elimination_route"":""Proteolytic degradation"",""half_life"":""19-34 days"",""volume_of_distribution"":""5.2-9.5 liters""}",derived_formula,midpoint of reported 5.2-9.5 L range,"{""range_summary"":""midpoint""}",mapped_to_pk_derived,Compare with pk.yml derived V and confirm apparent/systemic basis.
model_variability,motavizumab_medi_524,osp::motavizumab_medi_524,iv,spec_pk1_iv.yml,iiv.eta.CL,,0.09,omega^2,,,fixture_policy,simulation_parameter,,,,,,not_applicable,,,,,,,,,,,,,,,fixture_policy_no_external_source,IIV/residual-error value from the demo spec; not a direct literature estimate unless separately mapped.
model_variability,motavizumab_medi_524,osp::motavizumab_medi_524,iv,spec_pk1_iv.yml,iiv.eta.V,,0.04,omega^2,,,fixture_policy,simulation_parameter,,,,,,not_applicable,,,,,,,,,,,,,,,fixture_policy_no_external_source,IIV/residual-error value from the demo spec; not a direct literature estimate unless separately mapped.
model_variability,motavizumab_medi_524,osp::motavizumab_medi_524,iv,spec_pk1_iv.yml,residual.add,,0.0,concentration,,,fixture_policy,simulation_parameter,,,,,,not_applicable,,,,,,,,,,,,,,,fixture_policy_no_external_source,IIV/residual-error value from the demo spec; not a direct literature estimate unless separately mapped.
model_variability,motavizumab_medi_524,osp::motavizumab_medi_524,iv,spec_pk1_iv.yml,residual.prop,,0.25,fraction,,,fixture_policy,simulation_parameter,,,,,,not_applicable,,,,,,,,,,,,,,,fixture_policy_no_external_source,IIV/residual-error value from the demo spec; not a direct literature estimate unless separately mapped.
pk_parameter,motavizumab_medi_524,osp::motavizumab_medi_524,iv,spec_pk1_iv.yml,CL_abs_L_per_h_at_70kg,serum_clearance_range,0.010229166666666666,L/h,0.010229166666666666,L/h,derived_from_reported,simulation_parameter,,source_1,https://pmc.ncbi.nlm.nih.gov/articles/PMC3837853/,1,checked,checked,,,,checked,"Source_1 reports motavizumab serum clearance of 165 to 326 mL/day across the IV dose range. The fixture uses the range midpoint and retains the value as a dose-range summary, not an individual estimate.",acknowledged,165-326,mL/day,0.010229166666666666,L/h,"{""bioavailability"":""N/A (IV only)"",""clearance"":""165-326 mL/day"",""elimination_route"":""Proteolytic degradation"",""half_life"":""19-34 days"",""volume_of_distribution"":""5.2-9.5 liters""}",unit_conversion,midpoint of 165-326 mL/day * 1 L/1000 mL / 24 h/day,"{""range_summary"":""midpoint""}",value_level_metadata,Canonical independent CL/V values used by the 1-compartment fixture; inspect basis and conversion before external use.
pk_parameter,motavizumab_medi_524,osp::motavizumab_medi_524,iv,spec_pk1_iv.yml,CL_systemic_L_per_h_at_70kg,derived.CL_systemic_L_per_h_at_70kg,0.010229166666666666,L/h,,,derived_from_reported,derived_output,,,,,,source_url_present_not_parameter_mapped,,,,,,,,,,,"{""bioavailability"":""N/A (IV only)"",""clearance"":""165-326 mL/day"",""elimination_route"":""Proteolytic degradation"",""half_life"":""19-34 days"",""volume_of_distribution"":""5.2-9.5 liters""}",,derived.CL_apparent_L_per_h_at_70kg * pk_parsed.bioavailability_frac,,derived_from_pk_yml_source_fields,Derived systemic value; do not treat as directly reported unless the source mapping says so.
pk_parameter,motavizumab_medi_524,osp::motavizumab_medi_524,iv,spec_pk1_iv.yml,V_abs_L_at_70kg,serum_volume_of_distribution_range,7.35,L,7.35,L,derived_from_reported,simulation_parameter,,source_1,https://pmc.ncbi.nlm.nih.gov/articles/PMC3837853/,1,checked,checked,,,,checked,Source_1 reports motavizumab Vss values of 5.2 to 9.5 L across IV dose cohorts. The fixture uses the midpoint and should not be interpreted as a dose-independent Vss.,acknowledged,5.2-9.5,L,7.35,L,"{""bioavailability"":""N/A (IV only)"",""clearance"":""165-326 mL/day"",""elimination_route"":""Proteolytic degradation"",""half_life"":""19-34 days"",""volume_of_distribution"":""5.2-9.5 liters""}",derived_formula,midpoint of reported 5.2-9.5 L range,"{""range_summary"":""midpoint""}",value_level_metadata,Canonical independent CL/V values used by the 1-compartment fixture; inspect basis and conversion before external use.
pk_parameter,motavizumab_medi_524,osp::motavizumab_medi_524,iv,spec_pk1_iv.yml,V_systemic_L_at_70kg,derived.V_systemic_L_at_70kg,7.35,L,,,derived_from_reported,derived_output,,,,,,source_url_present_not_parameter_mapped,,,,,,,,,,,"{""bioavailability"":""N/A (IV only)"",""clearance"":""165-326 mL/day"",""elimination_route"":""Proteolytic degradation"",""half_life"":""19-34 days"",""volume_of_distribution"":""5.2-9.5 liters""}",,derived.V_apparent_L_at_70kg * pk_parsed.bioavailability_frac,,derived_from_pk_yml_source_fields,Derived systemic value; do not treat as directly reported unless the source mapping says so.
pk_parameter,motavizumab_medi_524,osp::motavizumab_medi_524,iv,spec_pk1_iv.yml,bioavailability,pk_parsed.bioavailability_frac,1.0,fraction,,,,,,,,,,source_url_present_not_parameter_mapped,,,,,,,,,,,"{""bioavailability"":""N/A (IV only)"",""clearance"":""165-326 mL/day"",""elimination_route"":""Proteolytic degradation"",""half_life"":""19-34 days"",""volume_of_distribution"":""5.2-9.5 liters""}",,,,source_url_present_not_parameter_mapped,Used to distinguish apparent CL/F or V/F from systemic CL/V; model F1 may intentionally differ.
pk_parameter,motavizumab_medi_524,osp::motavizumab_medi_524,iv,spec_pk1_iv.yml,clearance,serum_clearance_range,0.010229166666666666,L/h,0.010229166666666666,L/h,derived_from_reported,simulation_parameter,,source_1,https://pmc.ncbi.nlm.nih.gov/articles/PMC3837853/,1,checked,checked,,,,checked,"Source_1 reports motavizumab serum clearance of 165 to 326 mL/day across the IV dose range. The fixture uses the range midpoint and retains the value as a dose-range summary, not an individual estimate.",acknowledged,165-326,mL/day,0.010229166666666666,L/h,"{""bioavailability"":""N/A (IV only)"",""clearance"":""165-326 mL/day"",""elimination_route"":""Proteolytic degradation"",""half_life"":""19-34 days"",""volume_of_distribution"":""5.2-9.5 liters""}",unit_conversion,midpoint of 165-326 mL/day * 1 L/1000 mL / 24 h/day,"{""range_summary"":""midpoint""}",value_level_metadata,
pk_parameter,motavizumab_medi_524,osp::motavizumab_medi_524,iv,spec_pk1_iv.yml,ke_1_per_h,derived.ke_1_per_h,0.0013917233560090702,1/h,,,derived_from_reported,derived_output,,,,,,source_url_present_not_parameter_mapped,,,,,,,,,,,"{""bioavailability"":""N/A (IV only)"",""clearance"":""165-326 mL/day"",""elimination_route"":""Proteolytic degradation"",""half_life"":""19-34 days"",""volume_of_distribution"":""5.2-9.5 liters""}",,derived.CL_abs_L_per_h_at_70kg / derived.V_abs_L_at_70kg,,derived_from_pk_yml_source_fields,
pk_parameter,motavizumab_medi_524,osp::motavizumab_medi_524,iv,spec_pk1_iv.yml,t_half_h,serum_half_life_range,636.0,h,636.0,h,derived_from_reported,check_only,,source_1,https://pmc.ncbi.nlm.nih.gov/articles/PMC3837853/,1,checked,checked,,,,checked,Source_1 reports motavizumab half-lives of 19 to 34 days across IV dose cohorts. The fixture midpoint remains a check target and is not used to force CL/V agreement.,acknowledged,19-34,days,636.0,h,"{""bioavailability"":""N/A (IV only)"",""clearance"":""165-326 mL/day"",""elimination_route"":""Proteolytic degradation"",""half_life"":""19-34 days"",""volume_of_distribution"":""5.2-9.5 liters""}",unit_conversion,midpoint of reported 19-34 days * 24 h/day,"{""range_summary"":""midpoint""}",value_level_metadata,
pk_parameter,motavizumab_medi_524,osp::motavizumab_medi_524,iv,spec_pk1_iv.yml,volume,serum_volume_of_distribution_range,7.35,L,7.35,L,derived_from_reported,simulation_parameter,,source_1,https://pmc.ncbi.nlm.nih.gov/articles/PMC3837853/,1,checked,checked,,,,checked,Source_1 reports motavizumab Vss values of 5.2 to 9.5 L across IV dose cohorts. The fixture uses the midpoint and should not be interpreted as a dose-independent Vss.,acknowledged,5.2-9.5,L,7.35,L,"{""bioavailability"":""N/A (IV only)"",""clearance"":""165-326 mL/day"",""elimination_route"":""Proteolytic degradation"",""half_life"":""19-34 days"",""volume_of_distribution"":""5.2-9.5 liters""}",derived_formula,midpoint of reported 5.2-9.5 L range,"{""range_summary"":""midpoint""}",value_level_metadata,
target,motavizumab_medi_524,osp::motavizumab_medi_524,iv,spec_pk1_iv.yml,targets.auc,CL_abs_L_per_h_at_70kg,9775967.413441956,ng*h/mL,,,dose_over_cl,consistency_check,dose_over_cl,,,,,not_applicable,,,,,,,,,,,,,,,derived_target,Computed target; source_value=CL_abs_L_per_h_at_70kg. Not an independent literature AUC.
target,motavizumab_medi_524,osp::motavizumab_medi_524,iv,spec_pk1_iv.yml,targets.t_half,,636.0,h,,,unknown_needs_review,check_only,,,,,,not_applicable,,,,,,,,,,,,,,,target_without_source_mapping,arithmetic_mean
model_parameter,motavizumab_yte,OSP_motavizumab_yte,iv,spec_pk1_iv.yml,model.theta.CL,derived.CL_abs_L_per_h_at_70kg,0.0022916666666666667,,0.0022916666666666667,L/h,derived_from_reported,simulation_parameter,,source_1,https://pmc.ncbi.nlm.nih.gov/articles/PMC3837853/,1,checked,checked,,,,checked,"Source_1 reports motavizumab-YTE serum clearance of 43 to 68 mL/day across IV dose cohorts. The fixture uses the midpoint and retains it as a dose-range summary, not an individual estimate.",acknowledged,43-68,mL/day,0.0022916666666666667,L/h,"{""text"":""Phase 1: clearance ~43-68 mL/day (use 55 mL/day); t1/2 ~70-100 days (use 85). One-comp V derived.""}",unit_conversion,midpoint of 43-68 mL/day * 1 L/1000 mL / 24 h/day,"{""range_summary"":""midpoint""}",mapped_to_pk_derived,Compare with pk.yml derived CL and confirm apparent/systemic basis.
model_parameter,motavizumab_yte,OSP_motavizumab_yte,iv,spec_pk1_iv.yml,model.theta.V,derived.V_abs_L_at_70kg,6.744599316155904,,6.744599316155904,L,derived_from_reported,simulation_parameter,,source_1,https://pmc.ncbi.nlm.nih.gov/articles/PMC3837853/,1,checked,checked,,,,checked,The source provides dose-specific Vss values of 4.6 to 8.3 L; this fixture explicitly derives V from its selected midpoint CL and half-life instead. It must not be presented as the directly reported Vss.,acknowledged,55 and 85,mL/day and days,6.744599316155904,L,"{""text"":""Phase 1: clearance ~43-68 mL/day (use 55 mL/day); t1/2 ~70-100 days (use 85). One-comp V derived.""}",derived_formula,CL_abs_L_per_h_at_70kg * t_half_h / ln(2),"{""model"":""one_compartment_fixture""}",mapped_to_pk_derived,Compare with pk.yml derived V and confirm apparent/systemic basis.
model_variability,motavizumab_yte,OSP_motavizumab_yte,iv,spec_pk1_iv.yml,iiv.eta.CL,,0.09,omega^2,,,fixture_policy,simulation_parameter,,,,,,not_applicable,,,,,,,,,,,,,,,fixture_policy_no_external_source,IIV/residual-error value from the demo spec; not a direct literature estimate unless separately mapped.
model_variability,motavizumab_yte,OSP_motavizumab_yte,iv,spec_pk1_iv.yml,iiv.eta.V,,0.04,omega^2,,,fixture_policy,simulation_parameter,,,,,,not_applicable,,,,,,,,,,,,,,,fixture_policy_no_external_source,IIV/residual-error value from the demo spec; not a direct literature estimate unless separately mapped.
model_variability,motavizumab_yte,OSP_motavizumab_yte,iv,spec_pk1_iv.yml,residual.add,,0.0,concentration,,,fixture_policy,simulation_parameter,,,,,,not_applicable,,,,,,,,,,,,,,,fixture_policy_no_external_source,IIV/residual-error value from the demo spec; not a direct literature estimate unless separately mapped.
model_variability,motavizumab_yte,OSP_motavizumab_yte,iv,spec_pk1_iv.yml,residual.prop,,0.25,fraction,,,fixture_policy,simulation_parameter,,,,,,not_applicable,,,,,,,,,,,,,,,fixture_policy_no_external_source,IIV/residual-error value from the demo spec; not a direct literature estimate unless separately mapped.
pk_parameter,motavizumab_yte,OSP_motavizumab_yte,iv,spec_pk1_iv.yml,CL_abs_L_per_h_at_70kg,motavizumab_YTE_serum_clearance_range,0.0022916666666666667,L/h,0.0022916666666666667,L/h,derived_from_reported,simulation_parameter,,source_1,https://pmc.ncbi.nlm.nih.gov/articles/PMC3837853/,1,checked,checked,,,,checked,"Source_1 reports motavizumab-YTE serum clearance of 43 to 68 mL/day across IV dose cohorts. The fixture uses the midpoint and retains it as a dose-range summary, not an individual estimate.",acknowledged,43-68,mL/day,0.0022916666666666667,L/h,"{""text"":""Phase 1: clearance ~43-68 mL/day (use 55 mL/day); t1/2 ~70-100 days (use 85). One-comp V derived.""}",unit_conversion,midpoint of 43-68 mL/day * 1 L/1000 mL / 24 h/day,"{""range_summary"":""midpoint""}",value_level_metadata,Canonical independent CL/V values used by the 1-compartment fixture; inspect basis and conversion before external use.
pk_parameter,motavizumab_yte,OSP_motavizumab_yte,iv,spec_pk1_iv.yml,CL_systemic_L_per_h_at_70kg,derived.CL_systemic_L_per_h_at_70kg,0.0022916666666666667,L/h,,,derived_from_reported,derived_output,,,,,,source_url_present_not_parameter_mapped,,,,,,,,,,,"{""text"":""Phase 1: clearance ~43-68 mL/day (use 55 mL/day); t1/2 ~70-100 days (use 85). One-comp V derived.""}",,derived.CL_apparent_L_per_h_at_70kg * pk_parsed.bioavailability_frac,,derived_from_pk_yml_source_fields,Derived systemic value; do not treat as directly reported unless the source mapping says so.
pk_parameter,motavizumab_yte,OSP_motavizumab_yte,iv,spec_pk1_iv.yml,V_abs_L_at_70kg,motavizumab_YTE_one_compartment_volume_derived_from_clearance_and_half_life,6.744599316155904,L,6.744599316155904,L,fixture_derived,simulation_parameter,,source_1,https://pmc.ncbi.nlm.nih.gov/articles/PMC3837853/,1,checked,checked,,,,checked,The source provides dose-specific Vss values of 4.6 to 8.3 L; this fixture explicitly derives V from its selected midpoint CL and half-life instead. It must not be presented as the directly reported Vss.,acknowledged,55 and 85,mL/day and days,6.744599316155904,L,"{""text"":""Phase 1: clearance ~43-68 mL/day (use 55 mL/day); t1/2 ~70-100 days (use 85). One-comp V derived.""}",derived_formula,CL_abs_L_per_h_at_70kg * t_half_h / ln(2),"{""model"":""one_compartment_fixture""}",value_level_metadata,Canonical independent CL/V values used by the 1-compartment fixture; inspect basis and conversion before external use.
pk_parameter,motavizumab_yte,OSP_motavizumab_yte,iv,spec_pk1_iv.yml,V_systemic_L_at_70kg,derived.V_systemic_L_at_70kg,6.744599316155904,L,,,derived_from_reported,derived_output,,,,,,source_url_present_not_parameter_mapped,,,,,,,,,,,"{""text"":""Phase 1: clearance ~43-68 mL/day (use 55 mL/day); t1/2 ~70-100 days (use 85). One-comp V derived.""}",,derived.V_apparent_L_at_70kg * pk_parsed.bioavailability_frac,,derived_from_pk_yml_source_fields,Derived systemic value; do not treat as directly reported unless the source mapping says so.
pk_parameter,motavizumab_yte,OSP_motavizumab_yte,iv,spec_pk1_iv.yml,bioavailability,pk_parsed.bioavailability_frac,1.0,fraction,,,,,,,,,,source_url_present_not_parameter_mapped,,,,,,,,,,,"{""text"":""Phase 1: clearance ~43-68 mL/day (use 55 mL/day); t1/2 ~70-100 days (use 85). One-comp V derived.""}",,,,source_url_present_not_parameter_mapped,Used to distinguish apparent CL/F or V/F from systemic CL/V; model F1 may intentionally differ.
pk_parameter,motavizumab_yte,OSP_motavizumab_yte,iv,spec_pk1_iv.yml,clearance,motavizumab_YTE_serum_clearance_range,0.0022916666666666667,L/h,0.0022916666666666667,L/h,derived_from_reported,simulation_parameter,,source_1,https://pmc.ncbi.nlm.nih.gov/articles/PMC3837853/,1,checked,checked,,,,checked,"Source_1 reports motavizumab-YTE serum clearance of 43 to 68 mL/day across IV dose cohorts. The fixture uses the midpoint and retains it as a dose-range summary, not an individual estimate.",acknowledged,43-68,mL/day,0.0022916666666666667,L/h,"{""text"":""Phase 1: clearance ~43-68 mL/day (use 55 mL/day); t1/2 ~70-100 days (use 85). One-comp V derived.""}",unit_conversion,midpoint of 43-68 mL/day * 1 L/1000 mL / 24 h/day,"{""range_summary"":""midpoint""}",value_level_metadata,
pk_parameter,motavizumab_yte,OSP_motavizumab_yte,iv,spec_pk1_iv.yml,ke_1_per_h,derived.ke_1_per_h,0.0003397780296862477,1/h,,,derived_from_reported,derived_output,,,,,,source_url_present_not_parameter_mapped,,,,,,,,,,,"{""text"":""Phase 1: clearance ~43-68 mL/day (use 55 mL/day); t1/2 ~70-100 days (use 85). One-comp V derived.""}",,derived.CL_abs_L_per_h_at_70kg / derived.V_abs_L_at_70kg,,derived_from_pk_yml_source_fields,
pk_parameter,motavizumab_yte,OSP_motavizumab_yte,iv,spec_pk1_iv.yml,t_half_h,motavizumab_YTE_serum_half_life_range,2040,h,2040,h,derived_from_reported,check_only,,source_1,https://pmc.ncbi.nlm.nih.gov/articles/PMC3837853/,1,checked,checked,,,,checked,Source_1 reports motavizumab-YTE half-lives of 70 to 100 days across IV dose cohorts. The fixture midpoint remains a check target and is not used to force CL/V agreement.,acknowledged,70-100,days,2040,h,"{""text"":""Phase 1: clearance ~43-68 mL/day (use 55 mL/day); t1/2 ~70-100 days (use 85). One-comp V derived.""}",unit_conversion,midpoint of reported 70-100 days * 24 h/day,"{""range_summary"":""midpoint""}",value_level_metadata,
pk_parameter,motavizumab_yte,OSP_motavizumab_yte,iv,spec_pk1_iv.yml,volume,motavizumab_YTE_one_compartment_volume_derived_from_clearance_and_half_life,6.744599316155904,L,6.744599316155904,L,fixture_derived,simulation_parameter,,source_1,https://pmc.ncbi.nlm.nih.gov/articles/PMC3837853/,1,checked,checked,,,,checked,The source provides dose-specific Vss values of 4.6 to 8.3 L; this fixture explicitly derives V from its selected midpoint CL and half-life instead. It must not be presented as the directly reported Vss.,acknowledged,55 and 85,mL/day and days,6.744599316155904,L,"{""text"":""Phase 1: clearance ~43-68 mL/day (use 55 mL/day); t1/2 ~70-100 days (use 85). One-comp V derived.""}",derived_formula,CL_abs_L_per_h_at_70kg * t_half_h / ln(2),"{""model"":""one_compartment_fixture""}",value_level_metadata,
target,motavizumab_yte,OSP_motavizumab_yte,iv,spec_pk1_iv.yml,targets.auc,CL_abs_L_per_h_at_70kg,43636363.63636363,ng*h/mL,,,dose_over_cl,consistency_check,dose_over_cl,,,,,not_applicable,,,,,,,,,,,,,,,derived_target,Computed target; source_value=CL_abs_L_per_h_at_70kg. Not an independent literature AUC.
target,motavizumab_yte,OSP_motavizumab_yte,iv,spec_pk1_iv.yml,targets.t_half,,2040.0,h,,,unknown_needs_review,check_only,,,,,,not_applicable,,,,,,,,,,,,,,,target_without_source_mapping,arithmetic_mean
model_parameter,omeprazole,osp::omeprazole,oral,spec_pk1_oral.yml,model.theta.ALAG1,,0.5,,,,fixture_policy,simulation_parameter,,,,,,not_applicable,,,,,,,,,,,"{""bioavailability"":""about 30-40% at 20-40 mg in healthy subjects; 58% in young and 76% in elderly volunteers after a 40 mg buffered solution"",""clearance"":""624 mL/min (range 59-828 mL/min)"",""elimination_route"":""肝代謝 (CYP2C19, CYP3A4), 腎排泄 (77%), 糞便排泄 (胆汁分泌由来)"",""half_life"":""0.5-1 hours"",""volume_of_distribution"":""0.4 L/kg""}",,,,fixture_policy_no_external_source,Absorption parameter supplied by the demo spec; add a drug-specific source mapping before treating it as literature-supported.
model_parameter,omeprazole,osp::omeprazole,oral,spec_pk1_oral.yml,model.theta.CL,derived.CL_abs_L_per_h_at_70kg,43.56,,43.56,L/h,derived_from_reported,simulation_parameter,,source_4,https://pubmed.ncbi.nlm.nih.gov/2315973/,4,checked,checked,,,,checked,PubMed source_4 reports median systemic plasma clearance of 624 mL/min in the reviewed clinical PK study. Clearance is used as a deterministic fixture parameter and is not recalibrated to force agreement with terminal half-life; the volume remains separately unresolved because the canonical 0.4 L/kg value is not directly mapped to this source.,not_applicable,624,mL/min,43.56,L/h,"{""bioavailability"":""about 30-40% at 20-40 mg in healthy subjects; 58% in young and 76% in elderly volunteers after a 40 mg buffered solution"",""clearance"":""624 mL/min (range 59-828 mL/min)"",""elimination_route"":""肝代謝 (CYP2C19, CYP3A4), 腎排泄 (77%), 糞便排泄 (胆汁分泌由来)"",""half_life"":""0.5-1 hours"",""volume_of_distribution"":""0.4 L/kg""}",unit_conversion,624 mL/min * 60 min/h / 1000 mL/L,{},mapped_to_pk_derived,Compare with pk.yml derived CL and confirm apparent/systemic basis.
model_parameter,omeprazole,osp::omeprazole,oral,spec_pk1_oral.yml,model.theta.F1,pk_parsed.bioavailability_frac,0.35,fraction,,,fixture_policy,simulation_parameter,,,,,,not_applicable,,,,,,,,,,,"{""bioavailability"":""about 30-40% at 20-40 mg in healthy subjects; 58% in young and 76% in elderly volunteers after a 40 mg buffered solution"",""clearance"":""624 mL/min (range 59-828 mL/min)"",""elimination_route"":""肝代謝 (CYP2C19, CYP3A4), 腎排泄 (77%), 糞便排泄 (胆汁分泌由来)"",""half_life"":""0.5-1 hours"",""volume_of_distribution"":""0.4 L/kg""}",,,,fixture_policy_apparent_parameters,"Oral fixture may set F1=1 while CL/V remain apparent values; this is a parameterization policy, not a source claim."
model_parameter,omeprazole,osp::omeprazole,oral,spec_pk1_oral.yml,model.theta.KA,,1.2,,,,fixture_policy,simulation_parameter,,,,,,not_applicable,,,,,,,,,,,"{""bioavailability"":""about 30-40% at 20-40 mg in healthy subjects; 58% in young and 76% in elderly volunteers after a 40 mg buffered solution"",""clearance"":""624 mL/min (range 59-828 mL/min)"",""elimination_route"":""肝代謝 (CYP2C19, CYP3A4), 腎排泄 (77%), 糞便排泄 (胆汁分泌由来)"",""half_life"":""0.5-1 hours"",""volume_of_distribution"":""0.4 L/kg""}",,,,fixture_policy_no_external_source,Absorption parameter supplied by the demo spec; add a drug-specific source mapping before treating it as literature-supported.
model_parameter,omeprazole,osp::omeprazole,oral,spec_pk1_oral.yml,model.theta.V,derived.V_abs_L_at_70kg,16.1,,16.1,L,derived_from_reported,simulation_parameter,,source_4,https://pubmed.ncbi.nlm.nih.gov/2315973/,4,checked,checked,,,,checked,PubMed source_4 reports mean IV Vss 0.23 +/- 0.04 L/kg. The canonical value uses the reported mean scaled to 70 kg; it is a systemic IV Vss and not an oral V/F estimate.,acknowledged,0.23,L/kg,16.1,L,"{""bioavailability"":""about 30-40% at 20-40 mg in healthy subjects; 58% in young and 76% in elderly volunteers after a 40 mg buffered solution"",""clearance"":""624 mL/min (range 59-828 mL/min)"",""elimination_route"":""肝代謝 (CYP2C19, CYP3A4), 腎排泄 (77%), 糞便排泄 (胆汁分泌由来)"",""half_life"":""0.5-1 hours"",""volume_of_distribution"":""0.4 L/kg""}",body_weight_scaled,0.23 L/kg * 70 kg,"{""weight_ref_kg_for_abs"":70.0}",mapped_to_pk_derived,Compare with pk.yml derived V and confirm apparent/systemic basis.
model_variability,omeprazole,osp::omeprazole,oral,spec_pk1_oral.yml,iiv.eta.CL,,0.09,omega^2,,,fixture_policy,simulation_parameter,,,,,,not_applicable,,,,,,,,,,,,,,,fixture_policy_no_external_source,IIV/residual-error value from the demo spec; not a direct literature estimate unless separately mapped.
model_variability,omeprazole,osp::omeprazole,oral,spec_pk1_oral.yml,iiv.eta.KA,,0.16,omega^2,,,fixture_policy,simulation_parameter,,,,,,not_applicable,,,,,,,,,,,,,,,fixture_policy_no_external_source,IIV/residual-error value from the demo spec; not a direct literature estimate unless separately mapped.
model_variability,omeprazole,osp::omeprazole,oral,spec_pk1_oral.yml,iiv.eta.V,,0.04,omega^2,,,fixture_policy,simulation_parameter,,,,,,not_applicable,,,,,,,,,,,,,,,fixture_policy_no_external_source,IIV/residual-error value from the demo spec; not a direct literature estimate unless separately mapped.
model_variability,omeprazole,osp::omeprazole,oral,spec_pk1_oral.yml,residual.add,,0.0,concentration,,,fixture_policy,simulation_parameter,,,,,,not_applicable,,,,,,,,,,,,,,,fixture_policy_no_external_source,IIV/residual-error value from the demo spec; not a direct literature estimate unless separately mapped.
model_variability,omeprazole,osp::omeprazole,oral,spec_pk1_oral.yml,residual.prop,,0.25,fraction,,,fixture_policy,simulation_parameter,,,,,,not_applicable,,,,,,,,,,,,,,,fixture_policy_no_external_source,IIV/residual-error value from the demo spec; not a direct literature estimate unless separately mapped.
pk_parameter,omeprazole,osp::omeprazole,po,spec_pk1_oral.yml,CL_abs_L_per_h_at_70kg,median_systemic_plasma_clearance,43.56,L/h,43.56,L/h,literature_reported,simulation_parameter,,source_4,https://pubmed.ncbi.nlm.nih.gov/2315973/,4,checked,checked,,,,checked,PubMed source_4 reports median systemic plasma clearance of 624 mL/min in the reviewed clinical PK study. Clearance is used as a deterministic fixture parameter and is not recalibrated to force agreement with terminal half-life; the volume remains separately unresolved because the canonical 0.4 L/kg value is not directly mapped to this source.,not_applicable,624,mL/min,43.56,L/h,"{""bioavailability"":""about 30-40% at 20-40 mg in healthy subjects; 58% in young and 76% in elderly volunteers after a 40 mg buffered solution"",""clearance"":""624 mL/min (range 59-828 mL/min)"",""elimination_route"":""肝代謝 (CYP2C19, CYP3A4), 腎排泄 (77%), 糞便排泄 (胆汁分泌由来)"",""half_life"":""0.5-1 hours"",""volume_of_distribution"":""0.4 L/kg""}",unit_conversion,624 mL/min * 60 min/h / 1000 mL/L,{},value_level_metadata,Canonical independent CL/V values used by the 1-compartment fixture; inspect basis and conversion before external use.
pk_parameter,omeprazole,osp::omeprazole,po,spec_pk1_oral.yml,CL_systemic_L_per_h_at_70kg,derived.CL_systemic_L_per_h_at_70kg,43.56,L/h,,,derived_from_reported,derived_output,,,,,,source_url_present_not_parameter_mapped,,,,,,,,,,,"{""bioavailability"":""about 30-40% at 20-40 mg in healthy subjects; 58% in young and 76% in elderly volunteers after a 40 mg buffered solution"",""clearance"":""624 mL/min (range 59-828 mL/min)"",""elimination_route"":""肝代謝 (CYP2C19, CYP3A4), 腎排泄 (77%), 糞便排泄 (胆汁分泌由来)"",""half_life"":""0.5-1 hours"",""volume_of_distribution"":""0.4 L/kg""}",,derived.CL_apparent_L_per_h_at_70kg * pk_parsed.bioavailability_frac,,derived_from_pk_yml_source_fields,Derived systemic value; do not treat as directly reported unless the source mapping says so.
pk_parameter,omeprazole,osp::omeprazole,po,spec_pk1_oral.yml,V_abs_L_at_70kg,IV_mean_Vss,16.1,L,16.1,L,literature_reported,simulation_parameter,,source_4,https://pubmed.ncbi.nlm.nih.gov/2315973/,4,checked,checked,,,,checked,PubMed source_4 reports mean IV Vss 0.23 +/- 0.04 L/kg. The canonical value uses the reported mean scaled to 70 kg; it is a systemic IV Vss and not an oral V/F estimate.,acknowledged,0.23,L/kg,16.1,L,"{""bioavailability"":""about 30-40% at 20-40 mg in healthy subjects; 58% in young and 76% in elderly volunteers after a 40 mg buffered solution"",""clearance"":""624 mL/min (range 59-828 mL/min)"",""elimination_route"":""肝代謝 (CYP2C19, CYP3A4), 腎排泄 (77%), 糞便排泄 (胆汁分泌由来)"",""half_life"":""0.5-1 hours"",""volume_of_distribution"":""0.4 L/kg""}",body_weight_scaled,0.23 L/kg * 70 kg,"{""weight_ref_kg_for_abs"":70.0}",value_level_metadata,Canonical independent CL/V values used by the 1-compartment fixture; inspect basis and conversion before external use.
pk_parameter,omeprazole,osp::omeprazole,po,spec_pk1_oral.yml,V_systemic_L_at_70kg,derived.V_systemic_L_at_70kg,16.1,L,,,derived_from_reported,derived_output,,,,,,source_url_present_not_parameter_mapped,,,,,,,,,,,"{""bioavailability"":""about 30-40% at 20-40 mg in healthy subjects; 58% in young and 76% in elderly volunteers after a 40 mg buffered solution"",""clearance"":""624 mL/min (range 59-828 mL/min)"",""elimination_route"":""肝代謝 (CYP2C19, CYP3A4), 腎排泄 (77%), 糞便排泄 (胆汁分泌由来)"",""half_life"":""0.5-1 hours"",""volume_of_distribution"":""0.4 L/kg""}",,derived.V_apparent_L_at_70kg * pk_parsed.bioavailability_frac,,derived_from_pk_yml_source_fields,Derived systemic value; do not treat as directly reported unless the source mapping says so.
pk_parameter,omeprazole,osp::omeprazole,po,spec_pk1_oral.yml,bioavailability,pk_parsed.bioavailability_frac,0.35,fraction,,,,,,,,,,source_url_present_not_parameter_mapped,,,,,,,,,,,"{""bioavailability"":""about 30-40% at 20-40 mg in healthy subjects; 58% in young and 76% in elderly volunteers after a 40 mg buffered solution"",""clearance"":""624 mL/min (range 59-828 mL/min)"",""elimination_route"":""肝代謝 (CYP2C19, CYP3A4), 腎排泄 (77%), 糞便排泄 (胆汁分泌由来)"",""half_life"":""0.5-1 hours"",""volume_of_distribution"":""0.4 L/kg""}",,,,source_url_present_not_parameter_mapped,Used to distinguish apparent CL/F or V/F from systemic CL/V; model F1 may intentionally differ.
pk_parameter,omeprazole,osp::omeprazole,po,spec_pk1_oral.yml,clearance,median_systemic_plasma_clearance,43.56,L/h,43.56,L/h,literature_reported,simulation_parameter,,source_4,https://pubmed.ncbi.nlm.nih.gov/2315973/,4,checked,checked,,,,checked,PubMed source_4 reports median systemic plasma clearance of 624 mL/min in the reviewed clinical PK study. Clearance is used as a deterministic fixture parameter and is not recalibrated to force agreement with terminal half-life; the volume remains separately unresolved because the canonical 0.4 L/kg value is not directly mapped to this source.,not_applicable,624,mL/min,43.56,L/h,"{""bioavailability"":""about 30-40% at 20-40 mg in healthy subjects; 58% in young and 76% in elderly volunteers after a 40 mg buffered solution"",""clearance"":""624 mL/min (range 59-828 mL/min)"",""elimination_route"":""肝代謝 (CYP2C19, CYP3A4), 腎排泄 (77%), 糞便排泄 (胆汁分泌由来)"",""half_life"":""0.5-1 hours"",""volume_of_distribution"":""0.4 L/kg""}",unit_conversion,624 mL/min * 60 min/h / 1000 mL/L,{},value_level_metadata,
pk_parameter,omeprazole,osp::omeprazole,po,spec_pk1_oral.yml,ke_1_per_h,derived.ke_1_per_h,2.705590062111801,1/h,,,derived_from_reported,derived_output,,,,,,source_url_present_not_parameter_mapped,,,,,,,,,,,"{""bioavailability"":""about 30-40% at 20-40 mg in healthy subjects; 58% in young and 76% in elderly volunteers after a 40 mg buffered solution"",""clearance"":""624 mL/min (range 59-828 mL/min)"",""elimination_route"":""肝代謝 (CYP2C19, CYP3A4), 腎排泄 (77%), 糞便排泄 (胆汁分泌由来)"",""half_life"":""0.5-1 hours"",""volume_of_distribution"":""0.4 L/kg""}",,derived.CL_abs_L_per_h_at_70kg / derived.V_abs_L_at_70kg,,derived_from_pk_yml_source_fields,
pk_parameter,omeprazole,osp::omeprazole,po,spec_pk1_oral.yml,t_half_h,plasma_half_life_healthy_subjects,0.75,h,0.75,h,derived_from_reported,check_only,,source_2,https://dailymed.nlm.nih.gov/dailymed/drugInfo.cfm?setid=d8b466e0-a35e-4fba-9d43-4e6c0122e7ad,2,checked,checked,,,,checked,DailyMed source_2 reports plasma half-life of 0.5 to 1 h in healthy subjects. Canonical t_half_h is retained as a fixture value within that range and remains a check target only. CL and V are not jointly calibrated to match terminal half-life in this deterministic one-compartment fixture.,acknowledged,0.5-1.0,h,0.75,h,"{""bioavailability"":""about 30-40% at 20-40 mg in healthy subjects; 58% in young and 76% in elderly volunteers after a 40 mg buffered solution"",""clearance"":""624 mL/min (range 59-828 mL/min)"",""elimination_route"":""肝代謝 (CYP2C19, CYP3A4), 腎排泄 (77%), 糞便排泄 (胆汁分泌由来)"",""half_life"":""0.5-1 hours"",""volume_of_distribution"":""0.4 L/kg""}",derived_formula,fixture value retained within reported plasma half-life range (0.5 to 1 h),"{""source_range_member"":true}",value_level_metadata,
pk_parameter,omeprazole,osp::omeprazole,po,spec_pk1_oral.yml,volume,IV_mean_Vss,0.23,L/kg,0.23,L/kg,literature_reported,simulation_parameter,,source_4,https://pubmed.ncbi.nlm.nih.gov/2315973/,4,checked,checked,,,,checked,PubMed source_4 reports mean IV Vss 0.23 +/- 0.04 L/kg. The canonical value uses the reported mean scaled to 70 kg; it is a systemic IV Vss and not an oral V/F estimate.,acknowledged,0.23,L/kg,16.1,L,"{""bioavailability"":""about 30-40% at 20-40 mg in healthy subjects; 58% in young and 76% in elderly volunteers after a 40 mg buffered solution"",""clearance"":""624 mL/min (range 59-828 mL/min)"",""elimination_route"":""肝代謝 (CYP2C19, CYP3A4), 腎排泄 (77%), 糞便排泄 (胆汁分泌由来)"",""half_life"":""0.5-1 hours"",""volume_of_distribution"":""0.4 L/kg""}",body_weight_scaled,0.23 L/kg * 70 kg,"{""weight_ref_kg_for_abs"":70.0}",value_level_metadata,
target,omeprazole,osp::omeprazole,po,spec_pk1_oral.yml,targets.auc,CL_systemic_L_per_h_at_70kg,803.4894398530762,ng*h/mL,,,f_dose_over_cl,consistency_check,f_dose_over_cl,,,,,not_applicable,,,,,,,,,,,,,,,target_without_source_mapping,fixture_consistency_check
target,omeprazole,osp::omeprazole,po,spec_pk1_oral.yml,targets.t_half,,0.75,h,,,unknown_needs_review,check_only,,,,,,not_applicable,,,,,,,,,,,,,,,target_without_source_mapping,arithmetic_mean
model_parameter,raltegravir,OSP_raltegravir,oral,spec_pk1_oral.yml,model.theta.ALAG1,,0.5,,,,fixture_policy,simulation_parameter,,,,,,not_applicable,,,,,,,,,,,"{""text"":""PopPK: CL/F 60.2 L/h from source_1; healthy-volunteer plasma terminal t1/2 7.8 h (95% CI 5.5-11.3) from source_2. One-comp V derived.""}",,,,fixture_policy_no_external_source,Absorption parameter supplied by the demo spec; add a drug-specific source mapping before treating it as literature-supported.
model_parameter,raltegravir,OSP_raltegravir,oral,spec_pk1_oral.yml,model.theta.CL,derived.CL_abs_L_per_h_at_70kg,60.2,,60.2,L/h,derived_from_reported,simulation_parameter,,source_1,https://pmc.ncbi.nlm.nih.gov/articles/PMC3370715/,1,checked,checked,,,,checked,Source_1 reports population oral CL/F of 60.2 L/h. This is an apparent parameter and is used with F1=1 in the apparent-parameter fixture.,acknowledged,60.2,L/h,60.2,L/h,"{""text"":""PopPK: CL/F 60.2 L/h from source_1; healthy-volunteer plasma terminal t1/2 7.8 h (95% CI 5.5-11.3) from source_2. One-comp V derived.""}",direct,source_1 reported oral CL/F,{},mapped_to_pk_derived,Compare with pk.yml derived CL and confirm apparent/systemic basis.
model_parameter,raltegravir,OSP_raltegravir,oral,spec_pk1_oral.yml,model.theta.F1,pk_parsed.bioavailability_frac,1.0,fraction,,,fixture_policy,simulation_parameter,,,,,,not_applicable,,,,,,,,,,,"{""text"":""PopPK: CL/F 60.2 L/h from source_1; healthy-volunteer plasma terminal t1/2 7.8 h (95% CI 5.5-11.3) from source_2. One-comp V derived.""}",,,,fixture_policy_apparent_parameters,"Oral fixture may set F1=1 while CL/V remain apparent values; this is a parameterization policy, not a source claim."
model_parameter,raltegravir,OSP_raltegravir,oral,spec_pk1_oral.yml,model.theta.KA,,1.2,,,,fixture_policy,simulation_parameter,,,,,,not_applicable,,,,,,,,,,,"{""text"":""PopPK: CL/F 60.2 L/h from source_1; healthy-volunteer plasma terminal t1/2 7.8 h (95% CI 5.5-11.3) from source_2. One-comp V derived.""}",,,,fixture_policy_no_external_source,Absorption parameter supplied by the demo spec; add a drug-specific source mapping before treating it as literature-supported.
model_parameter,raltegravir,OSP_raltegravir,oral,spec_pk1_oral.yml,model.theta.V,derived.V_abs_L_at_70kg,677.4318833998217,,677.4318833998217,L,derived_from_reported,simulation_parameter,,source_1,https://pmc.ncbi.nlm.nih.gov/articles/PMC3370715/,1,checked,checked,,,,checked,Source_1 supports the apparent CL/F context but does not report the committed one-compartment V/F. This value is retained only as a deterministic fixture derivation and must not be presented as a directly observed distribution volume.,acknowledged,677.4318833998217,L,677.4318833998217,L,"{""text"":""PopPK: CL/F 60.2 L/h from source_1; healthy-volunteer plasma terminal t1/2 7.8 h (95% CI 5.5-11.3) from source_2. One-comp V derived.""}",derived_formula,CL_abs_L_per_h_at_70kg * half_life_h / ln(2),"{""source_reports_multicompartment_V1_over_F_and_V2_over_F"":true}",mapped_to_pk_derived,Compare with pk.yml derived V and confirm apparent/systemic basis.
model_variability,raltegravir,OSP_raltegravir,oral,spec_pk1_oral.yml,iiv.eta.CL,,0.09,omega^2,,,fixture_policy,simulation_parameter,,,,,,not_applicable,,,,,,,,,,,,,,,fixture_policy_no_external_source,IIV/residual-error value from the demo spec; not a direct literature estimate unless separately mapped.
model_variability,raltegravir,OSP_raltegravir,oral,spec_pk1_oral.yml,iiv.eta.KA,,0.16,omega^2,,,fixture_policy,simulation_parameter,,,,,,not_applicable,,,,,,,,,,,,,,,fixture_policy_no_external_source,IIV/residual-error value from the demo spec; not a direct literature estimate unless separately mapped.
model_variability,raltegravir,OSP_raltegravir,oral,spec_pk1_oral.yml,iiv.eta.V,,0.04,omega^2,,,fixture_policy,simulation_parameter,,,,,,not_applicable,,,,,,,,,,,,,,,fixture_policy_no_external_source,IIV/residual-error value from the demo spec; not a direct literature estimate unless separately mapped.
model_variability,raltegravir,OSP_raltegravir,oral,spec_pk1_oral.yml,residual.add,,0.0,concentration,,,fixture_policy,simulation_parameter,,,,,,not_applicable,,,,,,,,,,,,,,,fixture_policy_no_external_source,IIV/residual-error value from the demo spec; not a direct literature estimate unless separately mapped.
model_variability,raltegravir,OSP_raltegravir,oral,spec_pk1_oral.yml,residual.prop,,0.25,fraction,,,fixture_policy,simulation_parameter,,,,,,not_applicable,,,,,,,,,,,,,,,fixture_policy_no_external_source,IIV/residual-error value from the demo spec; not a direct literature estimate unless separately mapped.
pk_parameter,raltegravir,OSP_raltegravir,po,spec_pk1_oral.yml,CL_abs_L_per_h_at_70kg,oral_population_CL_over_F,60.2,L/h,60.2,L/h,literature_reported,simulation_parameter,,source_1,https://pmc.ncbi.nlm.nih.gov/articles/PMC3370715/,1,checked,checked,,,,checked,Source_1 reports population oral CL/F of 60.2 L/h. This is an apparent parameter and is used with F1=1 in the apparent-parameter fixture.,acknowledged,60.2,L/h,60.2,L/h,"{""text"":""PopPK: CL/F 60.2 L/h from source_1; healthy-volunteer plasma terminal t1/2 7.8 h (95% CI 5.5-11.3) from source_2. One-comp V derived.""}",direct,source_1 reported oral CL/F,{},value_level_metadata,Canonical independent CL/V values used by the 1-compartment fixture; inspect basis and conversion before external use.
pk_parameter,raltegravir,OSP_raltegravir,po,spec_pk1_oral.yml,CL_systemic_L_per_h_at_70kg,derived.CL_systemic_L_per_h_at_70kg,60.2,L/h,,,derived_from_reported,derived_output,,,,,,source_url_present_not_parameter_mapped,,,,,,,,,,,"{""text"":""PopPK: CL/F 60.2 L/h from source_1; healthy-volunteer plasma terminal t1/2 7.8 h (95% CI 5.5-11.3) from source_2. One-comp V derived.""}",,derived.CL_apparent_L_per_h_at_70kg * pk_parsed.bioavailability_frac,,derived_from_pk_yml_source_fields,Derived systemic value; do not treat as directly reported unless the source mapping says so.
pk_parameter,raltegravir,OSP_raltegravir,po,spec_pk1_oral.yml,V_abs_L_at_70kg,one_compartment_volume_from_CL_and_half_life,677.4318833998217,L,677.4318833998217,L,derived_from_reported,simulation_parameter,,source_1,https://pmc.ncbi.nlm.nih.gov/articles/PMC3370715/,1,checked,checked,,,,checked,Source_1 supports the apparent CL/F context but does not report the committed one-compartment V/F. This value is retained only as a deterministic fixture derivation and must not be presented as a directly observed distribution volume.,acknowledged,677.4318833998217,L,677.4318833998217,L,"{""text"":""PopPK: CL/F 60.2 L/h from source_1; healthy-volunteer plasma terminal t1/2 7.8 h (95% CI 5.5-11.3) from source_2. One-comp V derived.""}",derived_formula,CL_abs_L_per_h_at_70kg * half_life_h / ln(2),"{""source_reports_multicompartment_V1_over_F_and_V2_over_F"":true}",value_level_metadata,Canonical independent CL/V values used by the 1-compartment fixture; inspect basis and conversion before external use.
pk_parameter,raltegravir,OSP_raltegravir,po,spec_pk1_oral.yml,V_systemic_L_at_70kg,derived.V_systemic_L_at_70kg,677.4318833998217,L,,,derived_from_reported,derived_output,,,,,,source_url_present_not_parameter_mapped,,,,,,,,,,,"{""text"":""PopPK: CL/F 60.2 L/h from source_1; healthy-volunteer plasma terminal t1/2 7.8 h (95% CI 5.5-11.3) from source_2. One-comp V derived.""}",,derived.V_apparent_L_at_70kg * pk_parsed.bioavailability_frac,,derived_from_pk_yml_source_fields,Derived systemic value; do not treat as directly reported unless the source mapping says so.
pk_parameter,raltegravir,OSP_raltegravir,po,spec_pk1_oral.yml,bioavailability,pk_parsed.bioavailability_frac,1.0,fraction,,,,,,,,,,source_url_present_not_parameter_mapped,,,,,,,,,,,"{""text"":""PopPK: CL/F 60.2 L/h from source_1; healthy-volunteer plasma terminal t1/2 7.8 h (95% CI 5.5-11.3) from source_2. One-comp V derived.""}",,,,source_url_present_not_parameter_mapped,Used to distinguish apparent CL/F or V/F from systemic CL/V; model F1 may intentionally differ.
pk_parameter,raltegravir,OSP_raltegravir,po,spec_pk1_oral.yml,clearance,oral_population_CL_over_F,60.2,L/h,60.2,L/h,literature_reported,simulation_parameter,,source_1,https://pmc.ncbi.nlm.nih.gov/articles/PMC3370715/,1,checked,checked,,,,checked,Source_1 reports population oral CL/F of 60.2 L/h. This is an apparent parameter and is used with F1=1 in the apparent-parameter fixture.,acknowledged,60.2,L/h,60.2,L/h,"{""text"":""PopPK: CL/F 60.2 L/h from source_1; healthy-volunteer plasma terminal t1/2 7.8 h (95% CI 5.5-11.3) from source_2. One-comp V derived.""}",direct,source_1 reported oral CL/F,{},value_level_metadata,
pk_parameter,raltegravir,OSP_raltegravir,po,spec_pk1_oral.yml,ke_1_per_h,derived.ke_1_per_h,0.08886502314871093,1/h,,,derived_from_reported,derived_output,,,,,,source_url_present_not_parameter_mapped,,,,,,,,,,,"{""text"":""PopPK: CL/F 60.2 L/h from source_1; healthy-volunteer plasma terminal t1/2 7.8 h (95% CI 5.5-11.3) from source_2. One-comp V derived.""}",,derived.CL_abs_L_per_h_at_70kg / derived.V_abs_L_at_70kg,,derived_from_pk_yml_source_fields,
pk_parameter,raltegravir,OSP_raltegravir,po,spec_pk1_oral.yml,t_half_h,apparent_plasma_terminal_half_life_healthy_volunteers,7.8,h,7.8,h,literature_reported,check_only,,source_2,https://pubmed.ncbi.nlm.nih.gov/21746959/,2,checked,checked,,,,checked,PubMed source_2 reports apparent plasma raltegravir half-life 7.8 h (95% CI 5.5-11.3) in healthy volunteers after a single oral dose. The previous 10.9 h value was not retained because its exact context was not established.,acknowledged,7.8,h,7.8,h,"{""text"":""PopPK: CL/F 60.2 L/h from source_1; healthy-volunteer plasma terminal t1/2 7.8 h (95% CI 5.5-11.3) from source_2. One-comp V derived.""}",direct,source_2 reported geometric-mean apparent plasma half-life,"{""confidence_interval_h"":[5.5,11.3],""route_context"":""oral_single_dose""}",value_level_metadata,
pk_parameter,raltegravir,OSP_raltegravir,po,spec_pk1_oral.yml,volume,one_compartment_volume_from_CL_and_half_life,677.4318833998217,L,677.4318833998217,L,derived_from_reported,simulation_parameter,,source_1,https://pmc.ncbi.nlm.nih.gov/articles/PMC3370715/,1,checked,checked,,,,checked,Source_1 supports the apparent CL/F context but does not report the committed one-compartment V/F. This value is retained only as a deterministic fixture derivation and must not be presented as a directly observed distribution volume.,acknowledged,677.4318833998217,L,677.4318833998217,L,"{""text"":""PopPK: CL/F 60.2 L/h from source_1; healthy-volunteer plasma terminal t1/2 7.8 h (95% CI 5.5-11.3) from source_2. One-comp V derived.""}",derived_formula,CL_abs_L_per_h_at_70kg * half_life_h / ln(2),"{""source_reports_multicompartment_V1_over_F_and_V2_over_F"":true}",value_level_metadata,
target,raltegravir,OSP_raltegravir,po,spec_pk1_oral.yml,targets.auc,CL_abs_L_per_h_at_70kg,6644.518272425249,ng*h/mL,,,dose_over_cl,consistency_check,dose_over_cl,,,,,not_applicable,,,,,,,,,,,,,,,derived_target,Computed target; source_value=CL_abs_L_per_h_at_70kg. Not an independent literature AUC.
target,raltegravir,OSP_raltegravir,po,spec_pk1_oral.yml,targets.t_half,,7.8,h,,,unknown_needs_review,check_only,,,,,,not_applicable,,,,,,,,,,,,,,,target_without_source_mapping,arithmetic_mean
model_parameter,sildenafil,osp::sildenafil,oral,spec_pk1_oral.yml,model.theta.ALAG1,,0.5,,,,fixture_policy,simulation_parameter,,,,,,not_applicable,,,,,,,,,,,"{""bioavailability"":""41% (25-63%)"",""clearance"":null,""elimination_route"":""糞便 (~80%), 尿 (~13%)"",""half_life"":""3-5 hours"",""volume_of_distribution"":""105 L""}",,,,fixture_policy_no_external_source,Absorption parameter supplied by the demo spec; add a drug-specific source mapping before treating it as literature-supported.
model_parameter,sildenafil,osp::sildenafil,oral,spec_pk1_oral.yml,model.theta.CL,derived.CL_abs_L_per_h_at_70kg,18.195113489698564,,18.195113489698564,L/h,derived_from_reported,simulation_parameter,,source_2,https://pmc.ncbi.nlm.nih.gov/articles/PMC1874251/,2,checked,checked,,,,checked,Source_2 supports the apparent V and half-life range but does not supply the committed exact CL. The fixture CL is explicitly derived and is not equivalent to a population CL/F estimate from another study.,acknowledged,105 and 4.0,L and h,18.195113489698564,L/h,"{""bioavailability"":""41% (25-63%)"",""clearance"":null,""elimination_route"":""糞便 (~80%), 尿 (~13%)"",""half_life"":""3-5 hours"",""volume_of_distribution"":""105 L""}",derived_formula,V_abs_L_at_70kg * ln(2) / t_half_h,"{""model"":""one_compartment_fixture""}",mapped_to_pk_derived,Compare with pk.yml derived CL and confirm apparent/systemic basis.
model_parameter,sildenafil,osp::sildenafil,oral,spec_pk1_oral.yml,model.theta.F1,pk_parsed.bioavailability_frac,1.0,fraction,,,fixture_policy,simulation_parameter,,,,,,not_applicable,,,,,,,,,,,"{""bioavailability"":""41% (25-63%)"",""clearance"":null,""elimination_route"":""糞便 (~80%), 尿 (~13%)"",""half_life"":""3-5 hours"",""volume_of_distribution"":""105 L""}",,,,fixture_policy_apparent_parameters,"Oral fixture may set F1=1 while CL/V remain apparent values; this is a parameterization policy, not a source claim."
model_parameter,sildenafil,osp::sildenafil,oral,spec_pk1_oral.yml,model.theta.KA,,1.2,,,,fixture_policy,simulation_parameter,,,,,,not_applicable,,,,,,,,,,,"{""bioavailability"":""41% (25-63%)"",""clearance"":null,""elimination_route"":""糞便 (~80%), 尿 (~13%)"",""half_life"":""3-5 hours"",""volume_of_distribution"":""105 L""}",,,,fixture_policy_no_external_source,Absorption parameter supplied by the demo spec; add a drug-specific source mapping before treating it as literature-supported.
model_parameter,sildenafil,osp::sildenafil,oral,spec_pk1_oral.yml,model.theta.V,derived.V_abs_L_at_70kg,105.0,,105.0,L,derived_from_reported,simulation_parameter,,source_3,https://www.accessdata.fda.gov/drugsatfda_docs/label/2007/020895s027lbl.pdf,3,checked,checked,,,,checked,The FDA clinical review in source_3 reports an apparent steady-state volume of 105 L for sildenafil. The fixture retains this apparent value.,not_applicable,105,L,105.0,L,"{""bioavailability"":""41% (25-63%)"",""clearance"":null,""elimination_route"":""糞便 (~80%), 尿 (~13%)"",""half_life"":""3-5 hours"",""volume_of_distribution"":""105 L""}",direct,pk_parsed.volume.value,"{""basis"":""apparent_V_over_F""}",mapped_to_pk_derived,Compare with pk.yml derived V and confirm apparent/systemic basis.
model_variability,sildenafil,osp::sildenafil,oral,spec_pk1_oral.yml,iiv.eta.CL,,0.09,omega^2,,,fixture_policy,simulation_parameter,,,,,,not_applicable,,,,,,,,,,,,,,,fixture_policy_no_external_source,IIV/residual-error value from the demo spec; not a direct literature estimate unless separately mapped.
model_variability,sildenafil,osp::sildenafil,oral,spec_pk1_oral.yml,iiv.eta.KA,,0.16,omega^2,,,fixture_policy,simulation_parameter,,,,,,not_applicable,,,,,,,,,,,,,,,fixture_policy_no_external_source,IIV/residual-error value from the demo spec; not a direct literature estimate unless separately mapped.
model_variability,sildenafil,osp::sildenafil,oral,spec_pk1_oral.yml,iiv.eta.V,,0.04,omega^2,,,fixture_policy,simulation_parameter,,,,,,not_applicable,,,,,,,,,,,,,,,fixture_policy_no_external_source,IIV/residual-error value from the demo spec; not a direct literature estimate unless separately mapped.
model_variability,sildenafil,osp::sildenafil,oral,spec_pk1_oral.yml,residual.add,,0.0,concentration,,,fixture_policy,simulation_parameter,,,,,,not_applicable,,,,,,,,,,,,,,,fixture_policy_no_external_source,IIV/residual-error value from the demo spec; not a direct literature estimate unless separately mapped.
model_variability,sildenafil,osp::sildenafil,oral,spec_pk1_oral.yml,residual.prop,,0.25,fraction,,,fixture_policy,simulation_parameter,,,,,,not_applicable,,,,,,,,,,,,,,,fixture_policy_no_external_source,IIV/residual-error value from the demo spec; not a direct literature estimate unless separately mapped.
pk_parameter,sildenafil,osp::sildenafil,po,spec_pk1_oral.yml,CL_abs_L_per_h_at_70kg,one_compartment_apparent_clearance_derived_from_volume_and_half_life,18.195113489698564,L/h,18.195113489698564,L/h,fixture_derived,simulation_parameter,,source_2,https://pmc.ncbi.nlm.nih.gov/articles/PMC1874251/,2,checked,checked,,,,checked,Source_2 supports the apparent V and half-life range but does not supply the committed exact CL. The fixture CL is explicitly derived and is not equivalent to a population CL/F estimate from another study.,acknowledged,105 and 4.0,L and h,18.195113489698564,L/h,"{""bioavailability"":""41% (25-63%)"",""clearance"":null,""elimination_route"":""糞便 (~80%), 尿 (~13%)"",""half_life"":""3-5 hours"",""volume_of_distribution"":""105 L""}",derived_formula,V_abs_L_at_70kg * ln(2) / t_half_h,"{""model"":""one_compartment_fixture""}",value_level_metadata,Canonical independent CL/V values used by the 1-compartment fixture; inspect basis and conversion before external use.
pk_parameter,sildenafil,osp::sildenafil,po,spec_pk1_oral.yml,CL_systemic_L_per_h_at_70kg,derived.CL_systemic_L_per_h_at_70kg,8.005849935467369,L/h,,,derived_from_reported,derived_output,,,,,,source_url_present_not_parameter_mapped,,,,,,,,,,,"{""bioavailability"":""41% (25-63%)"",""clearance"":null,""elimination_route"":""糞便 (~80%), 尿 (~13%)"",""half_life"":""3-5 hours"",""volume_of_distribution"":""105 L""}",,derived.CL_apparent_L_per_h_at_70kg * pk_parsed.bioavailability_frac,,derived_from_pk_yml_source_fields,Derived systemic value; do not treat as directly reported unless the source mapping says so.
pk_parameter,sildenafil,osp::sildenafil,po,spec_pk1_oral.yml,V_abs_L_at_70kg,apparent_steady_state_volume,105.0,L,105.0,L,literature_reported,simulation_parameter,,source_3,https://www.accessdata.fda.gov/drugsatfda_docs/label/2007/020895s027lbl.pdf,3,checked,checked,,,,checked,The FDA clinical review in source_3 reports an apparent steady-state volume of 105 L for sildenafil. The fixture retains this apparent value.,not_applicable,105,L,105.0,L,"{""bioavailability"":""41% (25-63%)"",""clearance"":null,""elimination_route"":""糞便 (~80%), 尿 (~13%)"",""half_life"":""3-5 hours"",""volume_of_distribution"":""105 L""}",direct,pk_parsed.volume.value,"{""basis"":""apparent_V_over_F""}",value_level_metadata,Canonical independent CL/V values used by the 1-compartment fixture; inspect basis and conversion before external use.
pk_parameter,sildenafil,osp::sildenafil,po,spec_pk1_oral.yml,V_systemic_L_at_70kg,derived.V_systemic_L_at_70kg,46.2,L,,,derived_from_reported,derived_output,,,,,,source_url_present_not_parameter_mapped,,,,,,,,,,,"{""bioavailability"":""41% (25-63%)"",""clearance"":null,""elimination_route"":""糞便 (~80%), 尿 (~13%)"",""half_life"":""3-5 hours"",""volume_of_distribution"":""105 L""}",,derived.V_apparent_L_at_70kg * pk_parsed.bioavailability_frac,,derived_from_pk_yml_source_fields,Derived systemic value; do not treat as directly reported unless the source mapping says so.
pk_parameter,sildenafil,osp::sildenafil,po,spec_pk1_oral.yml,bioavailability,pk_parsed.bioavailability_frac,0.44,fraction,,,,,,,,,,source_url_present_not_parameter_mapped,,,,,,,,,,,"{""bioavailability"":""41% (25-63%)"",""clearance"":null,""elimination_route"":""糞便 (~80%), 尿 (~13%)"",""half_life"":""3-5 hours"",""volume_of_distribution"":""105 L""}",,,,source_url_present_not_parameter_mapped,Used to distinguish apparent CL/F or V/F from systemic CL/V; model F1 may intentionally differ.
pk_parameter,sildenafil,osp::sildenafil,po,spec_pk1_oral.yml,clearance,one_compartment_apparent_clearance_derived_from_volume_and_half_life,18.195113489698564,L/h,18.195113489698564,L/h,fixture_derived,simulation_parameter,,source_2,https://pmc.ncbi.nlm.nih.gov/articles/PMC1874251/,2,checked,checked,,,,checked,Source_2 supports the apparent V and half-life range but does not supply the committed exact CL. The fixture CL is explicitly derived and is not equivalent to a population CL/F estimate from another study.,acknowledged,105 and 4.0,L and h,18.195113489698564,L/h,"{""bioavailability"":""41% (25-63%)"",""clearance"":null,""elimination_route"":""糞便 (~80%), 尿 (~13%)"",""half_life"":""3-5 hours"",""volume_of_distribution"":""105 L""}",derived_formula,V_abs_L_at_70kg * ln(2) / t_half_h,"{""model"":""one_compartment_fixture""}",value_level_metadata,
pk_parameter,sildenafil,osp::sildenafil,po,spec_pk1_oral.yml,ke_1_per_h,derived.ke_1_per_h,0.17328679513998632,1/h,,,derived_from_reported,derived_output,,,,,,source_url_present_not_parameter_mapped,,,,,,,,,,,"{""bioavailability"":""41% (25-63%)"",""clearance"":null,""elimination_route"":""糞便 (~80%), 尿 (~13%)"",""half_life"":""3-5 hours"",""volume_of_distribution"":""105 L""}",,derived.CL_abs_L_per_h_at_70kg / derived.V_abs_L_at_70kg,,derived_from_pk_yml_source_fields,
pk_parameter,sildenafil,osp::sildenafil,po,spec_pk1_oral.yml,t_half_h,oral_terminal_half_life_range,4.0,h,4.0,h,derived_from_reported,check_only,,source_2,https://pmc.ncbi.nlm.nih.gov/articles/PMC1874251/,2,checked,checked,,,,checked,Source_2 reports an oral terminal half-life of 3 to 5 h. The midpoint is check-only and is not used to force the derived CL to a literature value.,acknowledged,3-5,h,4.0,h,"{""bioavailability"":""41% (25-63%)"",""clearance"":null,""elimination_route"":""糞便 (~80%), 尿 (~13%)"",""half_life"":""3-5 hours"",""volume_of_distribution"":""105 L""}",derived_formula,midpoint of reported 3-5 h range,"{""range_summary"":""midpoint""}",value_level_metadata,
pk_parameter,sildenafil,osp::sildenafil,po,spec_pk1_oral.yml,volume,apparent_steady_state_volume,105.0,L,105.0,L,literature_reported,simulation_parameter,,source_3,https://www.accessdata.fda.gov/drugsatfda_docs/label/2007/020895s027lbl.pdf,3,checked,checked,,,,checked,The FDA clinical review in source_3 reports an apparent steady-state volume of 105 L for sildenafil. The fixture retains this apparent value.,not_applicable,105,L,105.0,L,"{""bioavailability"":""41% (25-63%)"",""clearance"":null,""elimination_route"":""糞便 (~80%), 尿 (~13%)"",""half_life"":""3-5 hours"",""volume_of_distribution"":""105 L""}",direct,pk_parsed.volume.value,"{""basis"":""apparent_V_over_F""}",value_level_metadata,
target,sildenafil,osp::sildenafil,po,spec_pk1_oral.yml,targets.auc,CL_abs_L_per_h_at_70kg,5495.981108148432,ng*h/mL,,,dose_over_cl,consistency_check,dose_over_cl,,,,,not_applicable,,,,,,,,,,,,,,,derived_target,Computed target; source_value=CL_abs_L_per_h_at_70kg. Not an independent literature AUC.
target,sildenafil,osp::sildenafil,po,spec_pk1_oral.yml,targets.t_half,,4.0,h,,,unknown_needs_review,check_only,,,,,,not_applicable,,,,,,,,,,,,,,,target_without_source_mapping,arithmetic_mean
model_parameter,sufentanil,OSP_sufentanil,sublingual,spec_pk1_oral.yml,model.theta.ALAG1,,0.5,,,,fixture_policy,simulation_parameter,,,,,,not_applicable,,,,,,,,,,,"{""text"":""DSUVIA label: sublingual sufentanil tablet, 30 mcg; terminal t1/2 13.4 h; apparent clearance 108 L/h; bioavailability 53%. One-comp V derived.""}",,,,fixture_policy_no_external_source,Absorption parameter supplied by the demo spec; add a drug-specific source mapping before treating it as literature-supported.
model_parameter,sufentanil,OSP_sufentanil,sublingual,spec_pk1_oral.yml,model.theta.CL,derived.CL_abs_L_per_h_at_70kg,108.0,,108.0,L/h,derived_from_reported,simulation_parameter,,source_1,https://dailymed.nlm.nih.gov/dailymed/drugInfo.cfm?setid=8b580f3d-e3b5-4086-b093-87a980631147,1,checked,checked,,,,checked,"DailyMed DSUVIA section 12.3 reports mean apparent plasma clearance of 108 L/h following a single sublingual dose; this is an apparent, route-specific value.",not_applicable,108,L/h,108.0,L/h,"{""text"":""DSUVIA label: sublingual sufentanil tablet, 30 mcg; terminal t1/2 13.4 h; apparent clearance 108 L/h; bioavailability 53%. One-comp V derived.""}",direct,pk_parsed.clearance.value,{},mapped_to_pk_derived,Compare with pk.yml derived CL and confirm apparent/systemic basis.
model_parameter,sufentanil,OSP_sufentanil,sublingual,spec_pk1_oral.yml,model.theta.F1,pk_parsed.bioavailability_frac,1.0,fraction,,,fixture_policy,simulation_parameter,,,,,,not_applicable,,,,,,,,,,,"{""text"":""DSUVIA label: sublingual sufentanil tablet, 30 mcg; terminal t1/2 13.4 h; apparent clearance 108 L/h; bioavailability 53%. One-comp V derived.""}",,,,fixture_policy_no_external_source,"Oral fixture may set F1=1 while CL/V remain apparent values; this is a parameterization policy, not a source claim."
model_parameter,sufentanil,OSP_sufentanil,sublingual,spec_pk1_oral.yml,model.theta.KA,,1.2,,,,fixture_policy,simulation_parameter,,,,,,not_applicable,,,,,,,,,,,"{""text"":""DSUVIA label: sublingual sufentanil tablet, 30 mcg; terminal t1/2 13.4 h; apparent clearance 108 L/h; bioavailability 53%. One-comp V derived.""}",,,,fixture_policy_no_external_source,Absorption parameter supplied by the demo spec; add a drug-specific source mapping before treating it as literature-supported.
model_parameter,sufentanil,OSP_sufentanil,sublingual,spec_pk1_oral.yml,model.theta.V,derived.V_abs_L_at_70kg,2087.868263174508,,2087.868263174508,L,derived_from_reported,simulation_parameter,,source_1,https://dailymed.nlm.nih.gov/dailymed/drugInfo.cfm?setid=8b580f3d-e3b5-4086-b093-87a980631147,1,checked,checked,,,,checked,Volume is not directly reported in the cited label; it is a transparent one-compartment fixture derivation from the label apparent CL and terminal half-life and must not be presented as an observed Vd.,acknowledged,108,L/h,2087.868263174508,L,"{""text"":""DSUVIA label: sublingual sufentanil tablet, 30 mcg; terminal t1/2 13.4 h; apparent clearance 108 L/h; bioavailability 53%. One-comp V derived.""}",derived_formula,CL_apparent / (ln(2) / terminal_half_life),"{""route"":""sublingual"",""terminal_half_life_h"":13.4}",mapped_to_pk_derived,Compare with pk.yml derived V and confirm apparent/systemic basis.
model_variability,sufentanil,OSP_sufentanil,sublingual,spec_pk1_oral.yml,iiv.eta.CL,,0.09,omega^2,,,fixture_policy,simulation_parameter,,,,,,not_applicable,,,,,,,,,,,,,,,fixture_policy_no_external_source,IIV/residual-error value from the demo spec; not a direct literature estimate unless separately mapped.
model_variability,sufentanil,OSP_sufentanil,sublingual,spec_pk1_oral.yml,iiv.eta.KA,,0.16,omega^2,,,fixture_policy,simulation_parameter,,,,,,not_applicable,,,,,,,,,,,,,,,fixture_policy_no_external_source,IIV/residual-error value from the demo spec; not a direct literature estimate unless separately mapped.
model_variability,sufentanil,OSP_sufentanil,sublingual,spec_pk1_oral.yml,iiv.eta.V,,0.04,omega^2,,,fixture_policy,simulation_parameter,,,,,,not_applicable,,,,,,,,,,,,,,,fixture_policy_no_external_source,IIV/residual-error value from the demo spec; not a direct literature estimate unless separately mapped.
model_variability,sufentanil,OSP_sufentanil,sublingual,spec_pk1_oral.yml,residual.add,,0.0,concentration,,,fixture_policy,simulation_parameter,,,,,,not_applicable,,,,,,,,,,,,,,,fixture_policy_no_external_source,IIV/residual-error value from the demo spec; not a direct literature estimate unless separately mapped.
model_variability,sufentanil,OSP_sufentanil,sublingual,spec_pk1_oral.yml,residual.prop,,0.25,fraction,,,fixture_policy,simulation_parameter,,,,,,not_applicable,,,,,,,,,,,,,,,fixture_policy_no_external_source,IIV/residual-error value from the demo spec; not a direct literature estimate unless separately mapped.
pk_parameter,sufentanil,OSP_sufentanil,sl,spec_pk1_oral.yml,CL_abs_L_per_h_at_70kg,mean_apparent_plasma_clearance_single_dose,108.0,L/h,108.0,L/h,label_reported,simulation_parameter,,source_1,https://dailymed.nlm.nih.gov/dailymed/drugInfo.cfm?setid=8b580f3d-e3b5-4086-b093-87a980631147,1,checked,checked,,,,checked,"DailyMed DSUVIA section 12.3 reports mean apparent plasma clearance of 108 L/h following a single sublingual dose; this is an apparent, route-specific value.",not_applicable,108,L/h,108.0,L/h,"{""text"":""DSUVIA label: sublingual sufentanil tablet, 30 mcg; terminal t1/2 13.4 h; apparent clearance 108 L/h; bioavailability 53%. One-comp V derived.""}",direct,pk_parsed.clearance.value,{},value_level_metadata,Canonical independent CL/V values used by the 1-compartment fixture; inspect basis and conversion before external use.
pk_parameter,sufentanil,OSP_sufentanil,sl,spec_pk1_oral.yml,CL_systemic_L_per_h_at_70kg,derived.CL_systemic_L_per_h_at_70kg,57.24,L/h,,,derived_from_reported,derived_output,,,,,,source_url_present_not_parameter_mapped,,,,,,,,,,,"{""text"":""DSUVIA label: sublingual sufentanil tablet, 30 mcg; terminal t1/2 13.4 h; apparent clearance 108 L/h; bioavailability 53%. One-comp V derived.""}",,derived.CL_apparent_L_per_h_at_70kg * pk_parsed.bioavailability_frac,,derived_from_pk_yml_source_fields,Derived systemic value; do not treat as directly reported unless the source mapping says so.
pk_parameter,sufentanil,OSP_sufentanil,sl,spec_pk1_oral.yml,V_abs_L_at_70kg,one_compartment_volume_derived_from_label_CL_and_terminal_half_life,2087.868263174508,L,2087.868263174508,L,fixture_derived,simulation_parameter,,source_1,https://dailymed.nlm.nih.gov/dailymed/drugInfo.cfm?setid=8b580f3d-e3b5-4086-b093-87a980631147,1,checked,checked,,,,checked,Volume is not directly reported in the cited label; it is a transparent one-compartment fixture derivation from the label apparent CL and terminal half-life and must not be presented as an observed Vd.,acknowledged,108,L/h,2087.868263174508,L,"{""text"":""DSUVIA label: sublingual sufentanil tablet, 30 mcg; terminal t1/2 13.4 h; apparent clearance 108 L/h; bioavailability 53%. One-comp V derived.""}",derived_formula,CL_apparent / (ln(2) / terminal_half_life),"{""route"":""sublingual"",""terminal_half_life_h"":13.4}",value_level_metadata,Canonical independent CL/V values used by the 1-compartment fixture; inspect basis and conversion before external use.
pk_parameter,sufentanil,OSP_sufentanil,sl,spec_pk1_oral.yml,V_systemic_L_at_70kg,derived.V_systemic_L_at_70kg,1106.5701794824893,L,,,derived_from_reported,derived_output,,,,,,source_url_present_not_parameter_mapped,,,,,,,,,,,"{""text"":""DSUVIA label: sublingual sufentanil tablet, 30 mcg; terminal t1/2 13.4 h; apparent clearance 108 L/h; bioavailability 53%. One-comp V derived.""}",,derived.V_apparent_L_at_70kg * pk_parsed.bioavailability_frac,,derived_from_pk_yml_source_fields,Derived systemic value; do not treat as directly reported unless the source mapping says so.
pk_parameter,sufentanil,OSP_sufentanil,sl,spec_pk1_oral.yml,bioavailability,pk_parsed.bioavailability_frac,0.53,fraction,,,,,,,,,,source_url_present_not_parameter_mapped,,,,,,,,,,,"{""text"":""DSUVIA label: sublingual sufentanil tablet, 30 mcg; terminal t1/2 13.4 h; apparent clearance 108 L/h; bioavailability 53%. One-comp V derived.""}",,,,source_url_present_not_parameter_mapped,Used to distinguish apparent CL/F or V/F from systemic CL/V; model F1 may intentionally differ.
pk_parameter,sufentanil,OSP_sufentanil,sl,spec_pk1_oral.yml,clearance,mean_apparent_plasma_clearance_single_dose,108.0,L/h,108.0,L/h,label_reported,simulation_parameter,,source_1,https://dailymed.nlm.nih.gov/dailymed/drugInfo.cfm?setid=8b580f3d-e3b5-4086-b093-87a980631147,1,checked,checked,,,,checked,"DailyMed DSUVIA section 12.3 reports mean apparent plasma clearance of 108 L/h following a single sublingual dose; this is an apparent, route-specific value.",not_applicable,108,L/h,108.0,L/h,"{""text"":""DSUVIA label: sublingual sufentanil tablet, 30 mcg; terminal t1/2 13.4 h; apparent clearance 108 L/h; bioavailability 53%. One-comp V derived.""}",direct,pk_parsed.clearance.value,{},value_level_metadata,
pk_parameter,sufentanil,OSP_sufentanil,sl,spec_pk1_oral.yml,ke_1_per_h,derived.ke_1_per_h,0.05172740153432428,1/h,,,derived_from_reported,derived_output,,,,,,source_url_present_not_parameter_mapped,,,,,,,,,,,"{""text"":""DSUVIA label: sublingual sufentanil tablet, 30 mcg; terminal t1/2 13.4 h; apparent clearance 108 L/h; bioavailability 53%. One-comp V derived.""}",,derived.CL_abs_L_per_h_at_70kg / derived.V_abs_L_at_70kg,,derived_from_pk_yml_source_fields,
pk_parameter,sufentanil,OSP_sufentanil,sl,spec_pk1_oral.yml,t_half_h,mean_terminal_half_life_single_dose,13.4,h,13.4,h,label_reported,check_only,,source_1,https://dailymed.nlm.nih.gov/dailymed/drugInfo.cfm?setid=8b580f3d-e3b5-4086-b093-87a980631147,1,checked,checked,,,,checked,DailyMed DSUVIA section 12.3 reports mean terminal half-life of 13.4 h following a single dose; it is retained as a check-only value for the fixture.,acknowledged,13.4,h,13.4,h,"{""text"":""DSUVIA label: sublingual sufentanil tablet, 30 mcg; terminal t1/2 13.4 h; apparent clearance 108 L/h; bioavailability 53%. One-comp V derived.""}",direct,pk_parsed.half_life_h,{},value_level_metadata,
pk_parameter,sufentanil,OSP_sufentanil,sl,spec_pk1_oral.yml,volume,one_compartment_volume_derived_from_label_CL_and_terminal_half_life,2087.868263174508,L,2087.868263174508,L,fixture_derived,simulation_parameter,,source_1,https://dailymed.nlm.nih.gov/dailymed/drugInfo.cfm?setid=8b580f3d-e3b5-4086-b093-87a980631147,1,checked,checked,,,,checked,Volume is not directly reported in the cited label; it is a transparent one-compartment fixture derivation from the label apparent CL and terminal half-life and must not be presented as an observed Vd.,acknowledged,108,L/h,2087.868263174508,L,"{""text"":""DSUVIA label: sublingual sufentanil tablet, 30 mcg; terminal t1/2 13.4 h; apparent clearance 108 L/h; bioavailability 53%. One-comp V derived.""}",derived_formula,CL_apparent / (ln(2) / terminal_half_life),"{""route"":""sublingual"",""terminal_half_life_h"":13.4}",value_level_metadata,
target,sufentanil,OSP_sufentanil,sl,spec_pk1_oral.yml,targets.auc,,0.278,ng*h/mL,,,literature_reported,literature_check,literature_reported,,,,,not_applicable,,,,,,,,,,,,,,,target_without_source_mapping,mean
target,sufentanil,OSP_sufentanil,sl,spec_pk1_oral.yml,targets.t_half,,13.4,h,,,unknown_needs_review,check_only,,,,,,not_applicable,,,,,,,,,,,,,,,target_without_source_mapping,arithmetic_mean
model_parameter,tefibazumab,osp::tefibazumab,iv,spec_pk1_iv.yml,model.theta.CL,derived.CL_abs_L_per_h_at_70kg,0.012,,0.012,L/h,derived_from_reported,simulation_parameter,,source_1,https://pmc.ncbi.nlm.nih.gov/articles/PMC1610062/,1,checked,checked,,,,checked,Source_1 reports IV clearance 12 mL/h in the studied cohort. It is used as systemic CL without oral bioavailability correction.,acknowledged,12,mL/h,0.012,L/h,"{""bioavailability"":""N/A (IV only)"",""clearance"":""12 ml/h"",""elimination_route"":null,""half_life"":""17-18 days"",""volume_of_distribution"":""7.3 liters""}",unit_conversion,12 mL/h / 1000 mL/L,"{""route_context"":""IV""}",mapped_to_pk_derived,Compare with pk.yml derived CL and confirm apparent/systemic basis.
model_parameter,tefibazumab,osp::tefibazumab,iv,spec_pk1_iv.yml,model.theta.V,derived.V_abs_L_at_70kg,7.3,,7.3,L,derived_from_reported,simulation_parameter,,source_1,https://pmc.ncbi.nlm.nih.gov/articles/PMC1610062/,1,checked,checked,,,,checked,Source_1 reports IV volume of distribution 7.3 L in the studied cohort. The one-compartment fixture does not claim this is a full multicompartment distribution description.,acknowledged,7.3,L,7.3,L,"{""bioavailability"":""N/A (IV only)"",""clearance"":""12 ml/h"",""elimination_route"":null,""half_life"":""17-18 days"",""volume_of_distribution"":""7.3 liters""}",direct,source_1 reported IV volume of distribution,"{""route_context"":""IV""}",mapped_to_pk_derived,Compare with pk.yml derived V and confirm apparent/systemic basis.
model_variability,tefibazumab,osp::tefibazumab,iv,spec_pk1_iv.yml,iiv.eta.CL,,0.09,omega^2,,,fixture_policy,simulation_parameter,,,,,,not_applicable,,,,,,,,,,,,,,,fixture_policy_no_external_source,IIV/residual-error value from the demo spec; not a direct literature estimate unless separately mapped.
model_variability,tefibazumab,osp::tefibazumab,iv,spec_pk1_iv.yml,iiv.eta.V,,0.04,omega^2,,,fixture_policy,simulation_parameter,,,,,,not_applicable,,,,,,,,,,,,,,,fixture_policy_no_external_source,IIV/residual-error value from the demo spec; not a direct literature estimate unless separately mapped.
model_variability,tefibazumab,osp::tefibazumab,iv,spec_pk1_iv.yml,residual.add,,0.0,concentration,,,fixture_policy,simulation_parameter,,,,,,not_applicable,,,,,,,,,,,,,,,fixture_policy_no_external_source,IIV/residual-error value from the demo spec; not a direct literature estimate unless separately mapped.
model_variability,tefibazumab,osp::tefibazumab,iv,spec_pk1_iv.yml,residual.prop,,0.25,fraction,,,fixture_policy,simulation_parameter,,,,,,not_applicable,,,,,,,,,,,,,,,fixture_policy_no_external_source,IIV/residual-error value from the demo spec; not a direct literature estimate unless separately mapped.
pk_parameter,tefibazumab,osp::tefibazumab,iv,spec_pk1_iv.yml,CL_abs_L_per_h_at_70kg,IV_clearance,0.012,L/h,0.012,L/h,literature_reported,simulation_parameter,,source_1,https://pmc.ncbi.nlm.nih.gov/articles/PMC1610062/,1,checked,checked,,,,checked,Source_1 reports IV clearance 12 mL/h in the studied cohort. It is used as systemic CL without oral bioavailability correction.,acknowledged,12,mL/h,0.012,L/h,"{""bioavailability"":""N/A (IV only)"",""clearance"":""12 ml/h"",""elimination_route"":null,""half_life"":""17-18 days"",""volume_of_distribution"":""7.3 liters""}",unit_conversion,12 mL/h / 1000 mL/L,"{""route_context"":""IV""}",value_level_metadata,Canonical independent CL/V values used by the 1-compartment fixture; inspect basis and conversion before external use.
pk_parameter,tefibazumab,osp::tefibazumab,iv,spec_pk1_iv.yml,CL_systemic_L_per_h_at_70kg,derived.CL_systemic_L_per_h_at_70kg,0.012,L/h,,,derived_from_reported,derived_output,,,,,,source_url_present_not_parameter_mapped,,,,,,,,,,,"{""bioavailability"":""N/A (IV only)"",""clearance"":""12 ml/h"",""elimination_route"":null,""half_life"":""17-18 days"",""volume_of_distribution"":""7.3 liters""}",,derived.CL_apparent_L_per_h_at_70kg * pk_parsed.bioavailability_frac,,derived_from_pk_yml_source_fields,Derived systemic value; do not treat as directly reported unless the source mapping says so.
pk_parameter,tefibazumab,osp::tefibazumab,iv,spec_pk1_iv.yml,V_abs_L_at_70kg,IV_volume_of_distribution,7.3,L,7.3,L,literature_reported,simulation_parameter,,source_1,https://pmc.ncbi.nlm.nih.gov/articles/PMC1610062/,1,checked,checked,,,,checked,Source_1 reports IV volume of distribution 7.3 L in the studied cohort. The one-compartment fixture does not claim this is a full multicompartment distribution description.,acknowledged,7.3,L,7.3,L,"{""bioavailability"":""N/A (IV only)"",""clearance"":""12 ml/h"",""elimination_route"":null,""half_life"":""17-18 days"",""volume_of_distribution"":""7.3 liters""}",direct,source_1 reported IV volume of distribution,"{""route_context"":""IV""}",value_level_metadata,Canonical independent CL/V values used by the 1-compartment fixture; inspect basis and conversion before external use.
pk_parameter,tefibazumab,osp::tefibazumab,iv,spec_pk1_iv.yml,V_systemic_L_at_70kg,derived.V_systemic_L_at_70kg,7.3,L,,,derived_from_reported,derived_output,,,,,,source_url_present_not_parameter_mapped,,,,,,,,,,,"{""bioavailability"":""N/A (IV only)"",""clearance"":""12 ml/h"",""elimination_route"":null,""half_life"":""17-18 days"",""volume_of_distribution"":""7.3 liters""}",,derived.V_apparent_L_at_70kg * pk_parsed.bioavailability_frac,,derived_from_pk_yml_source_fields,Derived systemic value; do not treat as directly reported unless the source mapping says so.
pk_parameter,tefibazumab,osp::tefibazumab,iv,spec_pk1_iv.yml,bioavailability,pk_parsed.bioavailability_frac,1.0,fraction,,,,,,,,,,source_url_present_not_parameter_mapped,,,,,,,,,,,"{""bioavailability"":""N/A (IV only)"",""clearance"":""12 ml/h"",""elimination_route"":null,""half_life"":""17-18 days"",""volume_of_distribution"":""7.3 liters""}",,,,source_url_present_not_parameter_mapped,Used to distinguish apparent CL/F or V/F from systemic CL/V; model F1 may intentionally differ.
pk_parameter,tefibazumab,osp::tefibazumab,iv,spec_pk1_iv.yml,clearance,IV_clearance,0.012,L/h,0.012,L/h,literature_reported,simulation_parameter,,source_1,https://pmc.ncbi.nlm.nih.gov/articles/PMC1610062/,1,checked,checked,,,,checked,Source_1 reports IV clearance 12 mL/h in the studied cohort. It is used as systemic CL without oral bioavailability correction.,acknowledged,12,mL/h,0.012,L/h,"{""bioavailability"":""N/A (IV only)"",""clearance"":""12 ml/h"",""elimination_route"":null,""half_life"":""17-18 days"",""volume_of_distribution"":""7.3 liters""}",unit_conversion,12 mL/h / 1000 mL/L,"{""route_context"":""IV""}",value_level_metadata,
pk_parameter,tefibazumab,osp::tefibazumab,iv,spec_pk1_iv.yml,ke_1_per_h,derived.ke_1_per_h,0.0016438356164383563,1/h,,,derived_from_reported,derived_output,,,,,,source_url_present_not_parameter_mapped,,,,,,,,,,,"{""bioavailability"":""N/A (IV only)"",""clearance"":""12 ml/h"",""elimination_route"":null,""half_life"":""17-18 days"",""volume_of_distribution"":""7.3 liters""}",,derived.CL_abs_L_per_h_at_70kg / derived.V_abs_L_at_70kg,,derived_from_pk_yml_source_fields,
pk_parameter,tefibazumab,osp::tefibazumab,iv,spec_pk1_iv.yml,t_half_h,IV_terminal_half_life_range,420.0,h,420.0,h,derived_from_reported,check_only,,source_1,https://pmc.ncbi.nlm.nih.gov/articles/PMC1610062/,1,checked,checked,,,,checked,Source_1 reports a 17-18 day terminal half-life range. The canonical 420 h is the midpoint converted to hours and remains a check target.,acknowledged,17-18,days,420.0,h,"{""bioavailability"":""N/A (IV only)"",""clearance"":""12 ml/h"",""elimination_route"":null,""half_life"":""17-18 days"",""volume_of_distribution"":""7.3 liters""}",derived_formula,((17 days + 18 days) / 2) * 24 h/day,"{""range_summary"":""midpoint"",""route_context"":""IV""}",value_level_metadata,
pk_parameter,tefibazumab,osp::tefibazumab,iv,spec_pk1_iv.yml,volume,IV_volume_of_distribution,7.3,L,7.3,L,literature_reported,simulation_parameter,,source_1,https://pmc.ncbi.nlm.nih.gov/articles/PMC1610062/,1,checked,checked,,,,checked,Source_1 reports IV volume of distribution 7.3 L in the studied cohort. The one-compartment fixture does not claim this is a full multicompartment distribution description.,acknowledged,7.3,L,7.3,L,"{""bioavailability"":""N/A (IV only)"",""clearance"":""12 ml/h"",""elimination_route"":null,""half_life"":""17-18 days"",""volume_of_distribution"":""7.3 liters""}",direct,source_1 reported IV volume of distribution,"{""route_context"":""IV""}",value_level_metadata,
target,tefibazumab,osp::tefibazumab,iv,spec_pk1_iv.yml,targets.auc,CL_abs_L_per_h_at_70kg,8333333.333333333,ng*h/mL,,,dose_over_cl,consistency_check,dose_over_cl,,,,,not_applicable,,,,,,,,,,,,,,,derived_target,Computed target; source_value=CL_abs_L_per_h_at_70kg. Not an independent literature AUC.
target,tefibazumab,osp::tefibazumab,iv,spec_pk1_iv.yml,targets.t_half,,420.0,h,,,unknown_needs_review,check_only,,,,,,not_applicable,,,,,,,,,,,,,,,target_without_source_mapping,arithmetic_mean
model_parameter,tizanidine,osp::tizanidine,oral,spec_pk1_oral.yml,model.theta.ALAG1,,0.5,,,,fixture_policy,simulation_parameter,,,,,,not_applicable,,,,,,,,,,,"{""bioavailability"":""40%"",""clearance"":null,""elimination_route"":""肝代謝, 腎排泄, 糞中排泄"",""half_life"":""2.5 hours"",""volume_of_distribution"":""2.4 L/kg""}",,,,fixture_policy_no_external_source,Absorption parameter supplied by the demo spec; add a drug-specific source mapping before treating it as literature-supported.
model_parameter,tizanidine,osp::tizanidine,oral,spec_pk1_oral.yml,model.theta.CL,derived.CL_abs_L_per_h_at_70kg,46.579490533628324,,46.579490533628324,L/h,derived_from_reported,simulation_parameter,,source_1,https://dailymed.nlm.nih.gov/dailymed/drugInfo.cfm?setid=043d9e51-bfa2-4add-9058-5ece332f7e99,1,checked,checked,,,,checked,Source_1 does not report this CL. It is a deterministic cross-route derivation used only to keep the one-compartment fixture executable; it requires independent clinical CL evidence before use for dosing or inference.,acknowledged,46.579490533628324,L/h,46.579490533628324,L/h,"{""bioavailability"":""40%"",""clearance"":null,""elimination_route"":""肝代謝, 腎排泄, 糞中排泄"",""half_life"":""2.5 hours"",""volume_of_distribution"":""2.4 L/kg""}",derived_formula,2.4 L/kg * 70 kg * ln(2) / 2.5 h,"{""V_context"":""IV mean steady_state_volume"",""cross_route_derivation"":true,""half_life_context"":""oral terminal half_life""}",mapped_to_pk_derived,Compare with pk.yml derived CL and confirm apparent/systemic basis.
model_parameter,tizanidine,osp::tizanidine,oral,spec_pk1_oral.yml,model.theta.F1,pk_parsed.bioavailability_frac,0.4,fraction,,,fixture_policy,simulation_parameter,,,,,,not_applicable,,,,,,,,,,,"{""bioavailability"":""40%"",""clearance"":null,""elimination_route"":""肝代謝, 腎排泄, 糞中排泄"",""half_life"":""2.5 hours"",""volume_of_distribution"":""2.4 L/kg""}",,,,fixture_policy_apparent_parameters,"Oral fixture may set F1=1 while CL/V remain apparent values; this is a parameterization policy, not a source claim."
model_parameter,tizanidine,osp::tizanidine,oral,spec_pk1_oral.yml,model.theta.KA,,1.2,,,,fixture_policy,simulation_parameter,,,,,,not_applicable,,,,,,,,,,,"{""bioavailability"":""40%"",""clearance"":null,""elimination_route"":""肝代謝, 腎排泄, 糞中排泄"",""half_life"":""2.5 hours"",""volume_of_distribution"":""2.4 L/kg""}",,,,fixture_policy_no_external_source,Absorption parameter supplied by the demo spec; add a drug-specific source mapping before treating it as literature-supported.
model_parameter,tizanidine,osp::tizanidine,oral,spec_pk1_oral.yml,model.theta.V,derived.V_abs_L_at_70kg,168.0,,168.0,L,derived_from_reported,simulation_parameter,,source_1,https://dailymed.nlm.nih.gov/dailymed/drugInfo.cfm?setid=043d9e51-bfa2-4add-9058-5ece332f7e99,1,checked,checked,,,,checked,DailyMed source_1 reports mean steady-state volume 2.4 L/kg following IV administration in healthy adults. It is not an oral V/F estimate.,acknowledged,2.4,L/kg,168.0,L,"{""bioavailability"":""40%"",""clearance"":null,""elimination_route"":""肝代謝, 腎排泄, 糞中排泄"",""half_life"":""2.5 hours"",""volume_of_distribution"":""2.4 L/kg""}",body_weight_scaled,2.4 L/kg * 70 kg,"{""route_context"":""IV"",""weight_ref_kg_for_abs"":70.0}",mapped_to_pk_derived,Compare with pk.yml derived V and confirm apparent/systemic basis.
model_variability,tizanidine,osp::tizanidine,oral,spec_pk1_oral.yml,iiv.eta.CL,,0.09,omega^2,,,fixture_policy,simulation_parameter,,,,,,not_applicable,,,,,,,,,,,,,,,fixture_policy_no_external_source,IIV/residual-error value from the demo spec; not a direct literature estimate unless separately mapped.
model_variability,tizanidine,osp::tizanidine,oral,spec_pk1_oral.yml,iiv.eta.KA,,0.16,omega^2,,,fixture_policy,simulation_parameter,,,,,,not_applicable,,,,,,,,,,,,,,,fixture_policy_no_external_source,IIV/residual-error value from the demo spec; not a direct literature estimate unless separately mapped.
model_variability,tizanidine,osp::tizanidine,oral,spec_pk1_oral.yml,iiv.eta.V,,0.04,omega^2,,,fixture_policy,simulation_parameter,,,,,,not_applicable,,,,,,,,,,,,,,,fixture_policy_no_external_source,IIV/residual-error value from the demo spec; not a direct literature estimate unless separately mapped.
model_variability,tizanidine,osp::tizanidine,oral,spec_pk1_oral.yml,residual.add,,0.0,concentration,,,fixture_policy,simulation_parameter,,,,,,not_applicable,,,,,,,,,,,,,,,fixture_policy_no_external_source,IIV/residual-error value from the demo spec; not a direct literature estimate unless separately mapped.
model_variability,tizanidine,osp::tizanidine,oral,spec_pk1_oral.yml,residual.prop,,0.25,fraction,,,fixture_policy,simulation_parameter,,,,,,not_applicable,,,,,,,,,,,,,,,fixture_policy_no_external_source,IIV/residual-error value from the demo spec; not a direct literature estimate unless separately mapped.
pk_parameter,tizanidine,osp::tizanidine,po,spec_pk1_oral.yml,CL_abs_L_per_h_at_70kg,fixture_CL_from_IV_Vss_and_oral_half_life,46.579490533628324,L/h,46.579490533628324,L/h,derived_from_reported,simulation_parameter,,source_1,https://dailymed.nlm.nih.gov/dailymed/drugInfo.cfm?setid=043d9e51-bfa2-4add-9058-5ece332f7e99,1,checked,checked,,,,checked,Source_1 does not report this CL. It is a deterministic cross-route derivation used only to keep the one-compartment fixture executable; it requires independent clinical CL evidence before use for dosing or inference.,acknowledged,46.579490533628324,L/h,46.579490533628324,L/h,"{""bioavailability"":""40%"",""clearance"":null,""elimination_route"":""肝代謝, 腎排泄, 糞中排泄"",""half_life"":""2.5 hours"",""volume_of_distribution"":""2.4 L/kg""}",derived_formula,2.4 L/kg * 70 kg * ln(2) / 2.5 h,"{""V_context"":""IV mean steady_state_volume"",""cross_route_derivation"":true,""half_life_context"":""oral terminal half_life""}",value_level_metadata,Canonical independent CL/V values used by the 1-compartment fixture; inspect basis and conversion before external use.
pk_parameter,tizanidine,osp::tizanidine,po,spec_pk1_oral.yml,CL_systemic_L_per_h_at_70kg,derived.CL_systemic_L_per_h_at_70kg,46.579490533628324,L/h,,,derived_from_reported,derived_output,,,,,,source_url_present_not_parameter_mapped,,,,,,,,,,,"{""bioavailability"":""40%"",""clearance"":null,""elimination_route"":""肝代謝, 腎排泄, 糞中排泄"",""half_life"":""2.5 hours"",""volume_of_distribution"":""2.4 L/kg""}",,derived.CL_apparent_L_per_h_at_70kg * pk_parsed.bioavailability_frac,,derived_from_pk_yml_source_fields,Derived systemic value; do not treat as directly reported unless the source mapping says so.
pk_parameter,tizanidine,osp::tizanidine,po,spec_pk1_oral.yml,V_abs_L_at_70kg,IV_mean_steady_state_volume,168.0,L,168.0,L,literature_reported,simulation_parameter,,source_1,https://dailymed.nlm.nih.gov/dailymed/drugInfo.cfm?setid=043d9e51-bfa2-4add-9058-5ece332f7e99,1,checked,checked,,,,checked,DailyMed source_1 reports mean steady-state volume 2.4 L/kg following IV administration in healthy adults. It is not an oral V/F estimate.,acknowledged,2.4,L/kg,168.0,L,"{""bioavailability"":""40%"",""clearance"":null,""elimination_route"":""肝代謝, 腎排泄, 糞中排泄"",""half_life"":""2.5 hours"",""volume_of_distribution"":""2.4 L/kg""}",body_weight_scaled,2.4 L/kg * 70 kg,"{""route_context"":""IV"",""weight_ref_kg_for_abs"":70.0}",value_level_metadata,Canonical independent CL/V values used by the 1-compartment fixture; inspect basis and conversion before external use.
pk_parameter,tizanidine,osp::tizanidine,po,spec_pk1_oral.yml,V_systemic_L_at_70kg,derived.V_systemic_L_at_70kg,168.0,L,,,derived_from_reported,derived_output,,,,,,source_url_present_not_parameter_mapped,,,,,,,,,,,"{""bioavailability"":""40%"",""clearance"":null,""elimination_route"":""肝代謝, 腎排泄, 糞中排泄"",""half_life"":""2.5 hours"",""volume_of_distribution"":""2.4 L/kg""}",,derived.V_apparent_L_at_70kg * pk_parsed.bioavailability_frac,,derived_from_pk_yml_source_fields,Derived systemic value; do not treat as directly reported unless the source mapping says so.
pk_parameter,tizanidine,osp::tizanidine,po,spec_pk1_oral.yml,bioavailability,pk_parsed.bioavailability_frac,0.4,fraction,,,,,,,,,,source_url_present_not_parameter_mapped,,,,,,,,,,,"{""bioavailability"":""40%"",""clearance"":null,""elimination_route"":""肝代謝, 腎排泄, 糞中排泄"",""half_life"":""2.5 hours"",""volume_of_distribution"":""2.4 L/kg""}",,,,source_url_present_not_parameter_mapped,Used to distinguish apparent CL/F or V/F from systemic CL/V; model F1 may intentionally differ.
pk_parameter,tizanidine,osp::tizanidine,po,spec_pk1_oral.yml,clearance,fixture_CL_from_IV_Vss_and_oral_half_life,46.579490533628324,L/h,46.579490533628324,L/h,derived_from_reported,simulation_parameter,,source_1,https://dailymed.nlm.nih.gov/dailymed/drugInfo.cfm?setid=043d9e51-bfa2-4add-9058-5ece332f7e99,1,checked,checked,,,,checked,Source_1 does not report this CL. It is a deterministic cross-route derivation used only to keep the one-compartment fixture executable; it requires independent clinical CL evidence before use for dosing or inference.,acknowledged,46.579490533628324,L/h,46.579490533628324,L/h,"{""bioavailability"":""40%"",""clearance"":null,""elimination_route"":""肝代謝, 腎排泄, 糞中排泄"",""half_life"":""2.5 hours"",""volume_of_distribution"":""2.4 L/kg""}",derived_formula,2.4 L/kg * 70 kg * ln(2) / 2.5 h,"{""V_context"":""IV mean steady_state_volume"",""cross_route_derivation"":true,""half_life_context"":""oral terminal half_life""}",value_level_metadata,
pk_parameter,tizanidine,osp::tizanidine,po,spec_pk1_oral.yml,ke_1_per_h,derived.ke_1_per_h,0.2772588722239781,1/h,,,derived_from_reported,derived_output,,,,,,source_url_present_not_parameter_mapped,,,,,,,,,,,"{""bioavailability"":""40%"",""clearance"":null,""elimination_route"":""肝代謝, 腎排泄, 糞中排泄"",""half_life"":""2.5 hours"",""volume_of_distribution"":""2.4 L/kg""}",,derived.CL_abs_L_per_h_at_70kg / derived.V_abs_L_at_70kg,,derived_from_pk_yml_source_fields,
pk_parameter,tizanidine,osp::tizanidine,po,spec_pk1_oral.yml,t_half_h,oral_terminal_half_life,2.5,h,2.5,h,label_reported,check_only,,source_1,https://dailymed.nlm.nih.gov/dailymed/drugInfo.cfm?setid=043d9e51-bfa2-4add-9058-5ece332f7e99,1,checked,checked,,,,checked,DailyMed source_1 reports an oral half-life of approximately 2.5 h in the label's metabolism and excretion section. The value is retained as a check target and is not used to claim a jointly validated one-compartment model.,acknowledged,2.5,h,2.5,h,"{""bioavailability"":""40%"",""clearance"":null,""elimination_route"":""肝代謝, 腎排泄, 糞中排泄"",""half_life"":""2.5 hours"",""volume_of_distribution"":""2.4 L/kg""}",direct,pk_parsed.half_life_h,"{""oral_formulation_context"":""fasted_or_general_label_context""}",value_level_metadata,
pk_parameter,tizanidine,osp::tizanidine,po,spec_pk1_oral.yml,volume,IV_mean_steady_state_volume,2.4,L/kg,2.4,L/kg,literature_reported,simulation_parameter,,source_1,https://dailymed.nlm.nih.gov/dailymed/drugInfo.cfm?setid=043d9e51-bfa2-4add-9058-5ece332f7e99,1,checked,checked,,,,checked,DailyMed source_1 reports mean steady-state volume 2.4 L/kg following IV administration in healthy adults. It is not an oral V/F estimate.,acknowledged,2.4,L/kg,168.0,L,"{""bioavailability"":""40%"",""clearance"":null,""elimination_route"":""肝代謝, 腎排泄, 糞中排泄"",""half_life"":""2.5 hours"",""volume_of_distribution"":""2.4 L/kg""}",body_weight_scaled,2.4 L/kg * 70 kg,"{""route_context"":""IV"",""weight_ref_kg_for_abs"":70.0}",value_level_metadata,
target,tizanidine,osp::tizanidine,po,spec_pk1_oral.yml,targets.auc,CL_systemic_L_per_h_at_70kg,858.7470481481926,ng*h/mL,,,f_dose_over_cl,consistency_check,f_dose_over_cl,,,,,not_applicable,,,,,,,,,,,,,,,target_without_source_mapping,geometric_mean
target,tizanidine,osp::tizanidine,po,spec_pk1_oral.yml,targets.t_half,,2.5,h,,,unknown_needs_review,check_only,,,,,,not_applicable,,,,,,,,,,,,,,,target_without_source_mapping,arithmetic_mean
model_parameter,triazolam,osp::triazolam,oral,spec_pk1_oral.yml,model.theta.ALAG1,,0.5,,,,fixture_policy,simulation_parameter,,,,,,not_applicable,,,,,,,,,,,"{""bioavailability"":""44%"",""clearance"":""526 mL/min"",""elimination_route"":""腎排泄"",""half_life"":""1.5-5.5 hours"",""volume_of_distribution"":null}",,,,fixture_policy_no_external_source,Absorption parameter supplied by the demo spec; add a drug-specific source mapping before treating it as literature-supported.
model_parameter,triazolam,osp::triazolam,oral,spec_pk1_oral.yml,model.theta.CL,derived.CL_abs_L_per_h_at_70kg,31.560000000000002,,31.560000000000002,L/h,derived_from_reported,simulation_parameter,,source_3,https://pmc.ncbi.nlm.nih.gov/articles/PMC1401197/,3,checked,checked,,,,checked,PubMed Central source_3 reports mean oral clearance of 526 +/- 38 mL/min after a single oral dose in 54 healthy young men. This is an apparent oral clearance estimate and is therefore used with F1=1 in the apparent-basis fixture.,not_applicable,526,mL/min,31.56,L/h,"{""bioavailability"":""44%"",""clearance"":""526 mL/min"",""elimination_route"":""腎排泄"",""half_life"":""1.5-5.5 hours"",""volume_of_distribution"":null}",unit_conversion,526 mL/min * 60 min/h / 1000 mL/L,{},mapped_to_pk_derived,Compare with pk.yml derived CL and confirm apparent/systemic basis.
model_parameter,triazolam,osp::triazolam,oral,spec_pk1_oral.yml,model.theta.F1,pk_parsed.bioavailability_frac,1.0,fraction,,,fixture_policy,simulation_parameter,,,,,,not_applicable,,,,,,,,,,,"{""bioavailability"":""44%"",""clearance"":""526 mL/min"",""elimination_route"":""腎排泄"",""half_life"":""1.5-5.5 hours"",""volume_of_distribution"":null}",,,,fixture_policy_apparent_parameters,"Oral fixture may set F1=1 while CL/V remain apparent values; this is a parameterization policy, not a source claim."
model_parameter,triazolam,osp::triazolam,oral,spec_pk1_oral.yml,model.theta.KA,,1.2,,,,fixture_policy,simulation_parameter,,,,,,not_applicable,,,,,,,,,,,"{""bioavailability"":""44%"",""clearance"":""526 mL/min"",""elimination_route"":""腎排泄"",""half_life"":""1.5-5.5 hours"",""volume_of_distribution"":null}",,,,fixture_policy_no_external_source,Absorption parameter supplied by the demo spec; add a drug-specific source mapping before treating it as literature-supported.
model_parameter,triazolam,osp::triazolam,oral,spec_pk1_oral.yml,model.theta.V,derived.V_abs_L_at_70kg,159.36009421659492,,159.36009421659492,L,derived_from_reported,simulation_parameter,,source_3,https://pmc.ncbi.nlm.nih.gov/articles/PMC1401197/,3,checked,checked,,,,checked,Volume is not directly reported in the canonical sources. It is a transparent one-compartment fixture derivation from the source-mapped oral clearance in source_3 and the selected midpoint of the DailyMed half-life range in source_1; it must not be presented as an observed Vd.,acknowledged,31.56,L/h,159.36009421659492,L,"{""bioavailability"":""44%"",""clearance"":""526 mL/min"",""elimination_route"":""腎排泄"",""half_life"":""1.5-5.5 hours"",""volume_of_distribution"":null}",derived_formula,CL_apparent / (ln(2) / selected_fixture_half_life),"{""selected_fixture_half_life_h"":3.5,""source_inputs"":[""source_1"",""source_3""]}",mapped_to_pk_derived,Compare with pk.yml derived V and confirm apparent/systemic basis.
model_variability,triazolam,osp::triazolam,oral,spec_pk1_oral.yml,iiv.eta.CL,,0.09,omega^2,,,fixture_policy,simulation_parameter,,,,,,not_applicable,,,,,,,,,,,,,,,fixture_policy_no_external_source,IIV/residual-error value from the demo spec; not a direct literature estimate unless separately mapped.
model_variability,triazolam,osp::triazolam,oral,spec_pk1_oral.yml,iiv.eta.KA,,0.16,omega^2,,,fixture_policy,simulation_parameter,,,,,,not_applicable,,,,,,,,,,,,,,,fixture_policy_no_external_source,IIV/residual-error value from the demo spec; not a direct literature estimate unless separately mapped.
model_variability,triazolam,osp::triazolam,oral,spec_pk1_oral.yml,iiv.eta.V,,0.04,omega^2,,,fixture_policy,simulation_parameter,,,,,,not_applicable,,,,,,,,,,,,,,,fixture_policy_no_external_source,IIV/residual-error value from the demo spec; not a direct literature estimate unless separately mapped.
model_variability,triazolam,osp::triazolam,oral,spec_pk1_oral.yml,residual.add,,0.0,concentration,,,fixture_policy,simulation_parameter,,,,,,not_applicable,,,,,,,,,,,,,,,fixture_policy_no_external_source,IIV/residual-error value from the demo spec; not a direct literature estimate unless separately mapped.
model_variability,triazolam,osp::triazolam,oral,spec_pk1_oral.yml,residual.prop,,0.25,fraction,,,fixture_policy,simulation_parameter,,,,,,not_applicable,,,,,,,,,,,,,,,fixture_policy_no_external_source,IIV/residual-error value from the demo spec; not a direct literature estimate unless separately mapped.
pk_parameter,triazolam,osp::triazolam,po,spec_pk1_oral.yml,CL_abs_L_per_h_at_70kg,oral_clearance_mean,31.560000000000002,L/h,31.560000000000002,L/h,literature_reported,simulation_parameter,,source_3,https://pmc.ncbi.nlm.nih.gov/articles/PMC1401197/,3,checked,checked,,,,checked,PubMed Central source_3 reports mean oral clearance of 526 +/- 38 mL/min after a single oral dose in 54 healthy young men. This is an apparent oral clearance estimate and is therefore used with F1=1 in the apparent-basis fixture.,not_applicable,526,mL/min,31.56,L/h,"{""bioavailability"":""44%"",""clearance"":""526 mL/min"",""elimination_route"":""腎排泄"",""half_life"":""1.5-5.5 hours"",""volume_of_distribution"":null}",unit_conversion,526 mL/min * 60 min/h / 1000 mL/L,{},value_level_metadata,Canonical independent CL/V values used by the 1-compartment fixture; inspect basis and conversion before external use.
pk_parameter,triazolam,osp::triazolam,po,spec_pk1_oral.yml,CL_systemic_L_per_h_at_70kg,derived.CL_systemic_L_per_h_at_70kg,13.886400000000002,L/h,,,derived_from_reported,derived_output,,,,,,source_url_present_not_parameter_mapped,,,,,,,,,,,"{""bioavailability"":""44%"",""clearance"":""526 mL/min"",""elimination_route"":""腎排泄"",""half_life"":""1.5-5.5 hours"",""volume_of_distribution"":null}",,derived.CL_apparent_L_per_h_at_70kg * pk_parsed.bioavailability_frac,,derived_from_pk_yml_source_fields,Derived systemic value; do not treat as directly reported unless the source mapping says so.
pk_parameter,triazolam,osp::triazolam,po,spec_pk1_oral.yml,V_abs_L_at_70kg,one_compartment_volume_derived_from_oral_CL_and_half_life,159.36009421659492,L,159.36009421659492,L,derived_from_reported,simulation_parameter,,source_3,https://pmc.ncbi.nlm.nih.gov/articles/PMC1401197/,3,checked,checked,,,,checked,Volume is not directly reported in the canonical sources. It is a transparent one-compartment fixture derivation from the source-mapped oral clearance in source_3 and the selected midpoint of the DailyMed half-life range in source_1; it must not be presented as an observed Vd.,acknowledged,31.56,L/h,159.36009421659492,L,"{""bioavailability"":""44%"",""clearance"":""526 mL/min"",""elimination_route"":""腎排泄"",""half_life"":""1.5-5.5 hours"",""volume_of_distribution"":null}",derived_formula,CL_apparent / (ln(2) / selected_fixture_half_life),"{""selected_fixture_half_life_h"":3.5,""source_inputs"":[""source_1"",""source_3""]}",value_level_metadata,Canonical independent CL/V values used by the 1-compartment fixture; inspect basis and conversion before external use.
pk_parameter,triazolam,osp::triazolam,po,spec_pk1_oral.yml,V_systemic_L_at_70kg,derived.V_systemic_L_at_70kg,70.11844145530176,L,,,derived_from_reported,derived_output,,,,,,source_url_present_not_parameter_mapped,,,,,,,,,,,"{""bioavailability"":""44%"",""clearance"":""526 mL/min"",""elimination_route"":""腎排泄"",""half_life"":""1.5-5.5 hours"",""volume_of_distribution"":null}",,derived.V_apparent_L_at_70kg * pk_parsed.bioavailability_frac,,derived_from_pk_yml_source_fields,Derived systemic value; do not treat as directly reported unless the source mapping says so.
pk_parameter,triazolam,osp::triazolam,po,spec_pk1_oral.yml,bioavailability,pk_parsed.bioavailability_frac,0.44,fraction,,,,,,,,,,source_url_present_not_parameter_mapped,,,,,,,,,,,"{""bioavailability"":""44%"",""clearance"":""526 mL/min"",""elimination_route"":""腎排泄"",""half_life"":""1.5-5.5 hours"",""volume_of_distribution"":null}",,,,source_url_present_not_parameter_mapped,Used to distinguish apparent CL/F or V/F from systemic CL/V; model F1 may intentionally differ.
pk_parameter,triazolam,osp::triazolam,po,spec_pk1_oral.yml,clearance,oral_clearance_mean,31.560000000000002,L/h,31.560000000000002,L/h,literature_reported,simulation_parameter,,source_3,https://pmc.ncbi.nlm.nih.gov/articles/PMC1401197/,3,checked,checked,,,,checked,PubMed Central source_3 reports mean oral clearance of 526 +/- 38 mL/min after a single oral dose in 54 healthy young men. This is an apparent oral clearance estimate and is therefore used with F1=1 in the apparent-basis fixture.,not_applicable,526,mL/min,31.56,L/h,"{""bioavailability"":""44%"",""clearance"":""526 mL/min"",""elimination_route"":""腎排泄"",""half_life"":""1.5-5.5 hours"",""volume_of_distribution"":null}",unit_conversion,526 mL/min * 60 min/h / 1000 mL/L,{},value_level_metadata,
pk_parameter,triazolam,osp::triazolam,po,spec_pk1_oral.yml,ke_1_per_h,derived.ke_1_per_h,0.19804205158855578,1/h,,,derived_from_reported,derived_output,,,,,,source_url_present_not_parameter_mapped,,,,,,,,,,,"{""bioavailability"":""44%"",""clearance"":""526 mL/min"",""elimination_route"":""腎排泄"",""half_life"":""1.5-5.5 hours"",""volume_of_distribution"":null}",,derived.CL_abs_L_per_h_at_70kg / derived.V_abs_L_at_70kg,,derived_from_pk_yml_source_fields,
pk_parameter,triazolam,osp::triazolam,po,spec_pk1_oral.yml,t_half_h,mean_plasma_elimination_half_life_range,3.5,h,3.5,h,derived_from_reported,check_only,,source_1,https://dailymed.nlm.nih.gov/dailymed/drugInfo.cfm?setid=ce6ddb53-89ca-4edf-a519-553d34ce7938,1,checked,checked,,,,checked,DailyMed source_1 reports mean plasma elimination half-life of 1.5 to 5.5 h. The canonical value retains the midpoint as a check-only fixture target; it is not used to recalibrate CL or V.,acknowledged,1.5-5.5,h,3.5,h,"{""bioavailability"":""44%"",""clearance"":""526 mL/min"",""elimination_route"":""腎排泄"",""half_life"":""1.5-5.5 hours"",""volume_of_distribution"":null}",derived_formula,midpoint of DailyMed reported range (1.5 to 5.5 h),"{""range_summary"":""midpoint""}",value_level_metadata,
pk_parameter,triazolam,osp::triazolam,po,spec_pk1_oral.yml,volume,one_compartment_volume_derived_from_oral_CL_and_half_life,159.36009421659492,L,159.36009421659492,L,derived_from_reported,simulation_parameter,,source_3,https://pmc.ncbi.nlm.nih.gov/articles/PMC1401197/,3,checked,checked,,,,checked,Volume is not directly reported in the canonical sources. It is a transparent one-compartment fixture derivation from the source-mapped oral clearance in source_3 and the selected midpoint of the DailyMed half-life range in source_1; it must not be presented as an observed Vd.,acknowledged,31.56,L/h,159.36009421659492,L,"{""bioavailability"":""44%"",""clearance"":""526 mL/min"",""elimination_route"":""腎排泄"",""half_life"":""1.5-5.5 hours"",""volume_of_distribution"":null}",derived_formula,CL_apparent / (ln(2) / selected_fixture_half_life),"{""selected_fixture_half_life_h"":3.5,""source_inputs"":[""source_1"",""source_3""]}",value_level_metadata,
target,triazolam,osp::triazolam,po,spec_pk1_oral.yml,targets.auc,CL_abs_L_per_h_at_70kg,3168.5678073510776,ng*h/mL,,,dose_over_cl,consistency_check,dose_over_cl,,,,,not_applicable,,,,,,,,,,,,,,,derived_target,Computed target; source_value=CL_abs_L_per_h_at_70kg. Not an independent literature AUC.
target,triazolam,osp::triazolam,po,spec_pk1_oral.yml,targets.t_half,,3.5,h,,,unknown_needs_review,check_only,,,,,,not_applicable,,,,,,,,,,,,,,,target_without_source_mapping,arithmetic_mean
model_parameter,verapamil,osp::verapamil,oral,spec_pk1_oral.yml,model.theta.ALAG1,,0.5,,,,fixture_policy,simulation_parameter,,,,,,not_applicable,,,,,,,,,,,"{""bioavailability"":""22.47% in the primary six-subject IV/oral study; label range 20-35% retained as context"",""clearance"":""Primary IV healthy-subject study: total body clearance 500.64 mL/min; legacy repeated-dose R/S values 340/664 mL/min are retained only as context"",""elimination_route"":""肝代謝、腎排泄、糞便排泄"",""half_life"":""2.8-7.4 hours (単回投与)"",""volume_of_distribution"":""Primary IV healthy-subject study: Vd(area) 2.51 L/kg; legacy repeated-dose R/S values 300/500 L are retained only as context""}",,,,fixture_policy_no_external_source,Absorption parameter supplied by the demo spec; add a drug-specific source mapping before treating it as literature-supported.
model_parameter,verapamil,osp::verapamil,oral,spec_pk1_oral.yml,model.theta.CL,derived.CL_abs_L_per_h_at_70kg,30.0384,,30.0384,L/h,derived_from_reported,simulation_parameter,,source_3,https://pubmed.ncbi.nlm.nih.gov/432439/,3,checked,checked,,,,checked,"PubMed source_3 reports mean IV body clearance 500.64 mL/min in six healthy subjects. The canonical value is the direct unit conversion and is systemic CL, not oral CL/F.",acknowledged,500.64,mL/min,30.0384,L/h,"{""bioavailability"":""22.47% in the primary six-subject IV/oral study; label range 20-35% retained as context"",""clearance"":""Primary IV healthy-subject study: total body clearance 500.64 mL/min; legacy repeated-dose R/S values 340/664 mL/min are retained only as context"",""elimination_route"":""肝代謝、腎排泄、糞便排泄"",""half_life"":""2.8-7.4 hours (単回投与)"",""volume_of_distribution"":""Primary IV healthy-subject study: Vd(area) 2.51 L/kg; legacy repeated-dose R/S values 300/500 L are retained only as context""}",unit_conversion,500.64 mL/min * 60 min/h / 1000 mL/L,"{""route_context"":""IV_healthy_subjects""}",mapped_to_pk_derived,Compare with pk.yml derived CL and confirm apparent/systemic basis.
model_parameter,verapamil,osp::verapamil,oral,spec_pk1_oral.yml,model.theta.F1,pk_parsed.bioavailability_frac,0.2247,fraction,,,fixture_policy,simulation_parameter,,,,,,not_applicable,,,,,,,,,,,"{""bioavailability"":""22.47% in the primary six-subject IV/oral study; label range 20-35% retained as context"",""clearance"":""Primary IV healthy-subject study: total body clearance 500.64 mL/min; legacy repeated-dose R/S values 340/664 mL/min are retained only as context"",""elimination_route"":""肝代謝、腎排泄、糞便排泄"",""half_life"":""2.8-7.4 hours (単回投与)"",""volume_of_distribution"":""Primary IV healthy-subject study: Vd(area) 2.51 L/kg; legacy repeated-dose R/S values 300/500 L are retained only as context""}",,,,fixture_policy_apparent_parameters,"Oral fixture may set F1=1 while CL/V remain apparent values; this is a parameterization policy, not a source claim."
model_parameter,verapamil,osp::verapamil,oral,spec_pk1_oral.yml,model.theta.KA,,1.2,,,,fixture_policy,simulation_parameter,,,,,,not_applicable,,,,,,,,,,,"{""bioavailability"":""22.47% in the primary six-subject IV/oral study; label range 20-35% retained as context"",""clearance"":""Primary IV healthy-subject study: total body clearance 500.64 mL/min; legacy repeated-dose R/S values 340/664 mL/min are retained only as context"",""elimination_route"":""肝代謝、腎排泄、糞便排泄"",""half_life"":""2.8-7.4 hours (単回投与)"",""volume_of_distribution"":""Primary IV healthy-subject study: Vd(area) 2.51 L/kg; legacy repeated-dose R/S values 300/500 L are retained only as context""}",,,,fixture_policy_no_external_source,Absorption parameter supplied by the demo spec; add a drug-specific source mapping before treating it as literature-supported.
model_parameter,verapamil,osp::verapamil,oral,spec_pk1_oral.yml,model.theta.V,derived.V_abs_L_at_70kg,175.7,,175.7,L,derived_from_reported,simulation_parameter,,source_3,https://pubmed.ncbi.nlm.nih.gov/432439/,3,checked,checked,,,,checked,"PubMed source_3 reports IV Vd(area) 2.51 L/kg in six healthy subjects. The canonical value is scaled to 70 kg and is a cross-route systemic fixture volume, not a complete oral multicompartment model.",acknowledged,2.51,L/kg,175.7,L,"{""bioavailability"":""22.47% in the primary six-subject IV/oral study; label range 20-35% retained as context"",""clearance"":""Primary IV healthy-subject study: total body clearance 500.64 mL/min; legacy repeated-dose R/S values 340/664 mL/min are retained only as context"",""elimination_route"":""肝代謝、腎排泄、糞便排泄"",""half_life"":""2.8-7.4 hours (単回投与)"",""volume_of_distribution"":""Primary IV healthy-subject study: Vd(area) 2.51 L/kg; legacy repeated-dose R/S values 300/500 L are retained only as context""}",body_weight_scaled,2.51 L/kg * 70 kg,"{""route_context"":""IV_healthy_subjects""}",mapped_to_pk_derived,Compare with pk.yml derived V and confirm apparent/systemic basis.
model_variability,verapamil,osp::verapamil,oral,spec_pk1_oral.yml,iiv.eta.CL,,0.09,omega^2,,,fixture_policy,simulation_parameter,,,,,,not_applicable,,,,,,,,,,,,,,,fixture_policy_no_external_source,IIV/residual-error value from the demo spec; not a direct literature estimate unless separately mapped.
model_variability,verapamil,osp::verapamil,oral,spec_pk1_oral.yml,iiv.eta.KA,,0.16,omega^2,,,fixture_policy,simulation_parameter,,,,,,not_applicable,,,,,,,,,,,,,,,fixture_policy_no_external_source,IIV/residual-error value from the demo spec; not a direct literature estimate unless separately mapped.
model_variability,verapamil,osp::verapamil,oral,spec_pk1_oral.yml,iiv.eta.V,,0.04,omega^2,,,fixture_policy,simulation_parameter,,,,,,not_applicable,,,,,,,,,,,,,,,fixture_policy_no_external_source,IIV/residual-error value from the demo spec; not a direct literature estimate unless separately mapped.
model_variability,verapamil,osp::verapamil,oral,spec_pk1_oral.yml,residual.add,,0.0,concentration,,,fixture_policy,simulation_parameter,,,,,,not_applicable,,,,,,,,,,,,,,,fixture_policy_no_external_source,IIV/residual-error value from the demo spec; not a direct literature estimate unless separately mapped.
model_variability,verapamil,osp::verapamil,oral,spec_pk1_oral.yml,residual.prop,,0.25,fraction,,,fixture_policy,simulation_parameter,,,,,,not_applicable,,,,,,,,,,,,,,,fixture_policy_no_external_source,IIV/residual-error value from the demo spec; not a direct literature estimate unless separately mapped.
pk_parameter,verapamil,osp::verapamil,po,spec_pk1_oral.yml,CL_abs_L_per_h_at_70kg,IV_total_body_clearance,30.0384,L/h,30.0384,L/h,literature_reported,simulation_parameter,,source_3,https://pubmed.ncbi.nlm.nih.gov/432439/,3,checked,checked,,,,checked,"PubMed source_3 reports mean IV body clearance 500.64 mL/min in six healthy subjects. The canonical value is the direct unit conversion and is systemic CL, not oral CL/F.",acknowledged,500.64,mL/min,30.0384,L/h,"{""bioavailability"":""22.47% in the primary six-subject IV/oral study; label range 20-35% retained as context"",""clearance"":""Primary IV healthy-subject study: total body clearance 500.64 mL/min; legacy repeated-dose R/S values 340/664 mL/min are retained only as context"",""elimination_route"":""肝代謝、腎排泄、糞便排泄"",""half_life"":""2.8-7.4 hours (単回投与)"",""volume_of_distribution"":""Primary IV healthy-subject study: Vd(area) 2.51 L/kg; legacy repeated-dose R/S values 300/500 L are retained only as context""}",unit_conversion,500.64 mL/min * 60 min/h / 1000 mL/L,"{""route_context"":""IV_healthy_subjects""}",value_level_metadata,Canonical independent CL/V values used by the 1-compartment fixture; inspect basis and conversion before external use.
pk_parameter,verapamil,osp::verapamil,po,spec_pk1_oral.yml,CL_systemic_L_per_h_at_70kg,derived.CL_systemic_L_per_h_at_70kg,30.0384,L/h,,,derived_from_reported,derived_output,,,,,,source_url_present_not_parameter_mapped,,,,,,,,,,,"{""bioavailability"":""22.47% in the primary six-subject IV/oral study; label range 20-35% retained as context"",""clearance"":""Primary IV healthy-subject study: total body clearance 500.64 mL/min; legacy repeated-dose R/S values 340/664 mL/min are retained only as context"",""elimination_route"":""肝代謝、腎排泄、糞便排泄"",""half_life"":""2.8-7.4 hours (単回投与)"",""volume_of_distribution"":""Primary IV healthy-subject study: Vd(area) 2.51 L/kg; legacy repeated-dose R/S values 300/500 L are retained only as context""}",,derived.CL_apparent_L_per_h_at_70kg * pk_parsed.bioavailability_frac,,derived_from_pk_yml_source_fields,Derived systemic value; do not treat as directly reported unless the source mapping says so.
pk_parameter,verapamil,osp::verapamil,po,spec_pk1_oral.yml,V_abs_L_at_70kg,IV_Vd_area,175.7,L,175.7,L,literature_reported,simulation_parameter,,source_3,https://pubmed.ncbi.nlm.nih.gov/432439/,3,checked,checked,,,,checked,"PubMed source_3 reports IV Vd(area) 2.51 L/kg in six healthy subjects. The canonical value is scaled to 70 kg and is a cross-route systemic fixture volume, not a complete oral multicompartment model.",acknowledged,2.51,L/kg,175.7,L,"{""bioavailability"":""22.47% in the primary six-subject IV/oral study; label range 20-35% retained as context"",""clearance"":""Primary IV healthy-subject study: total body clearance 500.64 mL/min; legacy repeated-dose R/S values 340/664 mL/min are retained only as context"",""elimination_route"":""肝代謝、腎排泄、糞便排泄"",""half_life"":""2.8-7.4 hours (単回投与)"",""volume_of_distribution"":""Primary IV healthy-subject study: Vd(area) 2.51 L/kg; legacy repeated-dose R/S values 300/500 L are retained only as context""}",body_weight_scaled,2.51 L/kg * 70 kg,"{""route_context"":""IV_healthy_subjects""}",value_level_metadata,Canonical independent CL/V values used by the 1-compartment fixture; inspect basis and conversion before external use.
pk_parameter,verapamil,osp::verapamil,po,spec_pk1_oral.yml,V_systemic_L_at_70kg,derived.V_systemic_L_at_70kg,175.7,L,,,derived_from_reported,derived_output,,,,,,source_url_present_not_parameter_mapped,,,,,,,,,,,"{""bioavailability"":""22.47% in the primary six-subject IV/oral study; label range 20-35% retained as context"",""clearance"":""Primary IV healthy-subject study: total body clearance 500.64 mL/min; legacy repeated-dose R/S values 340/664 mL/min are retained only as context"",""elimination_route"":""肝代謝、腎排泄、糞便排泄"",""half_life"":""2.8-7.4 hours (単回投与)"",""volume_of_distribution"":""Primary IV healthy-subject study: Vd(area) 2.51 L/kg; legacy repeated-dose R/S values 300/500 L are retained only as context""}",,derived.V_apparent_L_at_70kg * pk_parsed.bioavailability_frac,,derived_from_pk_yml_source_fields,Derived systemic value; do not treat as directly reported unless the source mapping says so.
pk_parameter,verapamil,osp::verapamil,po,spec_pk1_oral.yml,bioavailability,pk_parsed.bioavailability_frac,0.2247,fraction,,,,,,,,,,source_url_present_not_parameter_mapped,,,,,,,,,,,"{""bioavailability"":""22.47% in the primary six-subject IV/oral study; label range 20-35% retained as context"",""clearance"":""Primary IV healthy-subject study: total body clearance 500.64 mL/min; legacy repeated-dose R/S values 340/664 mL/min are retained only as context"",""elimination_route"":""肝代謝、腎排泄、糞便排泄"",""half_life"":""2.8-7.4 hours (単回投与)"",""volume_of_distribution"":""Primary IV healthy-subject study: Vd(area) 2.51 L/kg; legacy repeated-dose R/S values 300/500 L are retained only as context""}",,,,source_url_present_not_parameter_mapped,Used to distinguish apparent CL/F or V/F from systemic CL/V; model F1 may intentionally differ.
pk_parameter,verapamil,osp::verapamil,po,spec_pk1_oral.yml,clearance,IV_total_body_clearance,30.0384,L/h,30.0384,L/h,literature_reported,simulation_parameter,,source_3,https://pubmed.ncbi.nlm.nih.gov/432439/,3,checked,checked,,,,checked,"PubMed source_3 reports mean IV body clearance 500.64 mL/min in six healthy subjects. The canonical value is the direct unit conversion and is systemic CL, not oral CL/F.",acknowledged,500.64,mL/min,30.0384,L/h,"{""bioavailability"":""22.47% in the primary six-subject IV/oral study; label range 20-35% retained as context"",""clearance"":""Primary IV healthy-subject study: total body clearance 500.64 mL/min; legacy repeated-dose R/S values 340/664 mL/min are retained only as context"",""elimination_route"":""肝代謝、腎排泄、糞便排泄"",""half_life"":""2.8-7.4 hours (単回投与)"",""volume_of_distribution"":""Primary IV healthy-subject study: Vd(area) 2.51 L/kg; legacy repeated-dose R/S values 300/500 L are retained only as context""}",unit_conversion,500.64 mL/min * 60 min/h / 1000 mL/L,"{""route_context"":""IV_healthy_subjects""}",value_level_metadata,
pk_parameter,verapamil,osp::verapamil,po,spec_pk1_oral.yml,ke_1_per_h,derived.ke_1_per_h,0.17096414342629482,1/h,,,derived_from_reported,derived_output,,,,,,source_url_present_not_parameter_mapped,,,,,,,,,,,"{""bioavailability"":""22.47% in the primary six-subject IV/oral study; label range 20-35% retained as context"",""clearance"":""Primary IV healthy-subject study: total body clearance 500.64 mL/min; legacy repeated-dose R/S values 340/664 mL/min are retained only as context"",""elimination_route"":""肝代謝、腎排泄、糞便排泄"",""half_life"":""2.8-7.4 hours (単回投与)"",""volume_of_distribution"":""Primary IV healthy-subject study: Vd(area) 2.51 L/kg; legacy repeated-dose R/S values 300/500 L are retained only as context""}",,derived.CL_abs_L_per_h_at_70kg / derived.V_abs_L_at_70kg,,derived_from_pk_yml_source_fields,
pk_parameter,verapamil,osp::verapamil,po,spec_pk1_oral.yml,t_half_h,terminal_half_life_range_single_dose,5.1,h,5.1,h,derived_from_reported,check_only,,source_1,https://dailymed.nlm.nih.gov/dailymed/drugInfo.cfm?setid=c9d71191-b32a-44f9-bc5a-283a06884c82,1,checked,checked,,,,checked,DailyMed source_1 reports mean elimination half-life in single-dose studies ranging from 2.8 to 7.4 h. Canonical t_half_h retains the fixture midpoint of that source range and remains a check target only. CL and V are not jointly calibrated to match terminal half-life in this deterministic one-compartment fixture.,acknowledged,2.8-7.4,h,5.1,h,"{""bioavailability"":""22.47% in the primary six-subject IV/oral study; label range 20-35% retained as context"",""clearance"":""Primary IV healthy-subject study: total body clearance 500.64 mL/min; legacy repeated-dose R/S values 340/664 mL/min are retained only as context"",""elimination_route"":""肝代謝、腎排泄、糞便排泄"",""half_life"":""2.8-7.4 hours (単回投与)"",""volume_of_distribution"":""Primary IV healthy-subject study: Vd(area) 2.51 L/kg; legacy repeated-dose R/S values 300/500 L are retained only as context""}",derived_formula,midpoint of reported single-dose terminal half-life range (2.8 to 7.4 h),"{""range_summary"":""midpoint""}",value_level_metadata,
pk_parameter,verapamil,osp::verapamil,po,spec_pk1_oral.yml,volume,IV_Vd_area,175.7,L,175.7,L,literature_reported,simulation_parameter,,source_3,https://pubmed.ncbi.nlm.nih.gov/432439/,3,checked,checked,,,,checked,"PubMed source_3 reports IV Vd(area) 2.51 L/kg in six healthy subjects. The canonical value is scaled to 70 kg and is a cross-route systemic fixture volume, not a complete oral multicompartment model.",acknowledged,2.51,L/kg,175.7,L,"{""bioavailability"":""22.47% in the primary six-subject IV/oral study; label range 20-35% retained as context"",""clearance"":""Primary IV healthy-subject study: total body clearance 500.64 mL/min; legacy repeated-dose R/S values 340/664 mL/min are retained only as context"",""elimination_route"":""肝代謝、腎排泄、糞便排泄"",""half_life"":""2.8-7.4 hours (単回投与)"",""volume_of_distribution"":""Primary IV healthy-subject study: Vd(area) 2.51 L/kg; legacy repeated-dose R/S values 300/500 L are retained only as context""}",body_weight_scaled,2.51 L/kg * 70 kg,"{""route_context"":""IV_healthy_subjects""}",value_level_metadata,
target,verapamil,osp::verapamil,po,spec_pk1_oral.yml,targets.auc,CL_systemic_L_per_h_at_70kg,748.0425055928413,ng*h/mL,,,f_dose_over_cl,consistency_check,f_dose_over_cl,,,,,not_applicable,,,,,,,,,,,,,,,target_without_source_mapping,fixture_consistency_check
target,verapamil,osp::verapamil,po,spec_pk1_oral.yml,targets.t_half,,5.1,h,,,unknown_needs_review,check_only,,,,,,not_applicable,,,,,,,,,,,,,,,target_without_source_mapping,arithmetic_mean
